시점,인터넷이용률,지역별
2012.01,72.10,강원
2012.02,72.41,강원
2012.03,72.72,강원
2012.04,73.02,강원
2012.05,73.33,강원
2012.06,73.64,강원
2012.07,73.95,강원
2012.08,74.26,강원
2012.09,74.57,강원
2012.10,74.88,강원
2012.11,75.18,강원
2012.12,75.49,강원
2013.01,75.80,강원
2013.02,75.44,강원
2013.03,75.08,강원
2013.04,74.72,강원
2013.05,74.37,강원
2013.06,74.01,강원
2013.07,73.65,강원
2013.08,73.29,강원
2013.09,72.93,강원
2013.10,72.58,강원
2013.11,72.22,강원
2013.12,71.86,강원
2014.01,71.50,강원
2014.02,71.72,강원
2014.03,71.93,강원
2014.04,72.15,강원
2014.05,72.37,강원
2014.06,72.58,강원
2014.07,72.80,강원
2014.08,73.02,강원
2014.09,73.23,강원
2014.10,73.45,강원
2014.11,73.67,강원
2014.12,73.88,강원
2015.01,74.10,강원
2015.02,74.14,강원
2015.03,74.18,강원
2015.04,74.22,강원
2015.05,74.27,강원
2015.06,74.31,강원
2015.07,74.35,강원
2015.08,74.39,강원
2015.09,74.43,강원
2015.10,74.47,강원
2015.11,74.52,강원
2015.12,74.56,강원
2016.01,74.60,강원
2016.02,75.31,강원
2016.03,76.02,강원
2016.04,76.72,강원
2016.05,77.43,강원
2016.06,78.14,강원
2016.07,78.85,강원
2016.08,79.56,강원
2016.09,80.27,강원
2016.10,80.97,강원
2016.11,81.68,강원
2016.12,82.39,강원
2017.01,83.10,강원
2017.02,83.15,강원
2017.03,83.20,강원
2017.04,83.25,강원
2017.05,83.30,강원
2017.06,83.35,강원
2017.07,83.40,강원
2017.08,83.45,강원
2017.09,83.50,강원
2017.10,83.55,강원
2017.11,83.60,강원
2017.12,83.65,강원
2018.01,83.70,강원
2018.02,83.80,강원
2018.03,83.90,강원
2018.04,84.00,강원
2018.05,84.10,강원
2018.06,84.20,강원
2018.07,84.30,강원
2018.08,84.40,강원
2018.09,84.50,강원
2018.10,84.60,강원
2018.11,84.70,강원
2018.12,84.80,강원
2019.01,84.90,강원
2019.02,84.54,강원
2019.03,84.18,강원
2019.04,83.83,강원
2019.05,83.47,강원
2019.06,83.11,강원
2019.07,82.75,강원
2019.08,82.39,강원
2019.09,82.03,강원
2019.10,81.67,강원
2019.11,81.32,강원
2019.12,80.96,강원
2020.01,80.60,강원
2020.02,80.72,강원
2020.03,80.83,강원
2020.04,80.95,강원
2020.05,81.07,강원
2020.06,81.18,강원
2020.07,81.30,강원
2020.08,81.42,강원
2020.09,81.53,강원
2020.10,81.65,강원
2020.11,81.77,강원
2020.12,81.88,강원
2021.01,82.00,강원
2021.02,82.09,강원
2021.03,82.18,강원
2021.04,82.28,강원
2021.05,82.37,강원
2021.06,82.46,강원
2021.07,82.55,강원
2021.08,82.64,강원
2021.09,82.73,강원
2021.10,82.82,강원
2021.11,82.92,강원
2021.12,83.01,강원
2022.01,83.10,강원
2022.02,83.75,강원
2022.03,84.40,강원
2022.04,85.05,강원
2022.05,85.70,강원
2022.06,86.35,강원
2022.07,87.00,강원
2022.08,87.65,강원
2022.09,88.30,강원
2022.10,88.95,강원
2022.11,89.60,강원
2022.12,90.25,강원
2023.01,90.90,강원
2012.01,83.10,경기
2012.02,83.20,경기
2012.03,83.30,경기
2012.04,83.40,경기
2012.05,83.50,경기
2012.06,83.60,경기
2012.07,83.70,경기
2012.08,83.80,경기
2012.09,83.90,경기
2012.10,84.00,경기
2012.11,84.10,경기
2012.12,84.20,경기
2013.01,84.30,경기
2013.02,84.35,경기
2013.03,84.40,경기
2013.04,84.45,경기
2013.05,84.50,경기
2013.06,84.55,경기
2013.07,84.60,경기
2013.08,84.65,경기
2013.09,84.70,경기
2013.10,84.75,경기
2013.11,84.80,경기
2013.12,84.85,경기
2014.01,84.90,경기
2014.02,85.00,경기
2014.03,85.10,경기
2014.04,85.20,경기
2014.05,85.30,경기
2014.06,85.40,경기
2014.07,85.50,경기
2014.08,85.60,경기
2014.09,85.70,경기
2014.10,85.80,경기
2014.11,85.90,경기
2014.12,86.00,경기
2015.01,86.10,경기
2015.02,86.32,경기
2015.03,86.55,경기
2015.04,86.77,경기
2015.05,87.00,경기
2015.06,87.22,경기
2015.07,87.45,경기
2015.08,87.67,경기
2015.09,87.90,경기
2015.10,88.12,경기
2015.11,88.35,경기
2015.12,88.58,경기
2016.01,88.80,경기
2016.02,88.92,경기
2016.03,89.05,경기
2016.04,89.17,경기
2016.05,89.30,경기
2016.06,89.42,경기
2016.07,89.55,경기
2016.08,89.67,경기
2016.09,89.80,경기
2016.10,89.92,경기
2016.11,90.05,경기
2016.12,90.17,경기
2017.01,90.30,경기
2017.02,90.42,경기
2017.03,90.53,경기
2017.04,90.65,경기
2017.05,90.77,경기
2017.06,90.88,경기
2017.07,91.00,경기
2017.08,91.12,경기
2017.09,91.23,경기
2017.10,91.35,경기
2017.11,91.47,경기
2017.12,91.58,경기
2018.01,91.70,경기
2018.02,91.65,경기
2018.03,91.60,경기
2018.04,91.55,경기
2018.05,91.50,경기
2018.06,91.45,경기
2018.07,91.40,경기
2018.08,91.35,경기
2018.09,91.30,경기
2018.10,91.25,경기
2018.11,91.20,경기
2018.12,91.15,경기
2019.01,91.10,경기
2019.02,91.20,경기
2019.03,91.30,경기
2019.04,91.40,경기
2019.05,91.50,경기
2019.06,91.60,경기
2019.07,91.70,경기
2019.08,91.80,경기
2019.09,91.90,경기
2019.10,92.00,경기
2019.11,92.10,경기
2019.12,92.20,경기
2020.01,92.30,경기
2020.02,92.47,경기
2020.03,92.63,경기
2020.04,92.80,경기
2020.05,92.97,경기
2020.06,93.13,경기
2020.07,93.30,경기
2020.08,93.47,경기
2020.09,93.63,경기
2020.10,93.80,경기
2020.11,93.97,경기
2020.12,94.13,경기
2021.01,94.30,경기
2021.02,94.19,경기
2021.03,94.08,경기
2021.04,93.97,경기
2021.05,93.87,경기
2021.06,93.76,경기
2021.07,93.65,경기
2021.08,93.54,경기
2021.09,93.43,경기
2021.10,93.33,경기
2021.11,93.22,경기
2021.12,93.11,경기
2022.01,93.00,경기
2022.02,93.02,경기
2022.03,93.03,경기
2022.04,93.05,경기
2022.05,93.07,경기
2022.06,93.08,경기
2022.07,93.10,경기
2022.08,93.12,경기
2022.09,93.13,경기
2022.10,93.15,경기
2022.11,93.17,경기
2022.12,93.18,경기
2023.01,93.20,경기
2012.01,73.20,경남
2012.02,73.92,경남
2012.03,74.65,경남
2012.04,75.38,경남
2012.05,76.10,경남
2012.06,76.83,경남
2012.07,77.55,경남
2012.08,78.28,경남
2012.09,79.00,경남
2012.10,79.73,경남
2012.11,80.45,경남
2012.12,81.18,경남
2013.01,81.90,경남
2013.02,81.98,경남
2013.03,82.07,경남
2013.04,82.15,경남
2013.05,82.23,경남
2013.06,82.32,경남
2013.07,82.40,경남
2013.08,82.48,경남
2013.09,82.57,경남
2013.10,82.65,경남
2013.11,82.73,경남
2013.12,82.82,경남
2014.01,82.90,경남
2014.02,83.16,경남
2014.03,83.42,경남
2014.04,83.68,경남
2014.05,83.93,경남
2014.06,84.19,경남
2014.07,84.45,경남
2014.08,84.71,경남
2014.09,84.97,경남
2014.10,85.22,경남
2014.11,85.48,경남
2014.12,85.74,경남
2015.01,86.00,경남
2015.02,86.40,경남
2015.03,86.80,경남
2015.04,87.20,경남
2015.05,87.60,경남
2015.06,88.00,경남
2015.07,88.40,경남
2015.08,88.80,경남
2015.09,89.20,경남
2015.10,89.60,경남
2015.11,90.00,경남
2015.12,90.40,경남
2016.01,90.80,경남
2016.02,90.82,경남
2016.03,90.83,경남
2016.04,90.85,경남
2016.05,90.87,경남
2016.06,90.88,경남
2016.07,90.90,경남
2016.08,90.92,경남
2016.09,90.93,경남
2016.10,90.95,경남
2016.11,90.97,경남
2016.12,90.98,경남
2017.01,91.00,경남
2017.02,90.97,경남
2017.03,90.95,경남
2017.04,90.92,경남
2017.05,90.90,경남
2017.06,90.88,경남
2017.07,90.85,경남
2017.08,90.83,경남
2017.09,90.80,경남
2017.10,90.78,경남
2017.11,90.75,경남
2017.12,90.73,경남
2018.01,90.70,경남
2018.02,90.53,경남
2018.03,90.37,경남
2018.04,90.20,경남
2018.05,90.03,경남
2018.06,89.87,경남
2018.07,89.70,경남
2018.08,89.53,경남
2018.09,89.37,경남
2018.10,89.20,경남
2018.11,89.03,경남
2018.12,88.87,경남
2019.01,88.70,경남
2019.02,88.77,경남
2019.03,88.83,경남
2019.04,88.90,경남
2019.05,88.97,경남
2019.06,89.03,경남
2019.07,89.10,경남
2019.08,89.17,경남
2019.09,89.23,경남
2019.10,89.30,경남
2019.11,89.37,경남
2019.12,89.43,경남
2020.01,89.50,경남
2020.02,89.95,경남
2020.03,90.40,경남
2020.04,90.85,경남
2020.05,91.30,경남
2020.06,91.75,경남
2020.07,92.20,경남
2020.08,92.65,경남
2020.09,93.10,경남
2020.10,93.55,경남
2020.11,94.00,경남
2020.12,94.45,경남
2021.01,94.90,경남
2021.02,94.83,경남
2021.03,94.75,경남
2021.04,94.68,경남
2021.05,94.60,경남
2021.06,94.53,경남
2021.07,94.45,경남
2021.08,94.38,경남
2021.09,94.30,경남
2021.10,94.22,경남
2021.11,94.15,경남
2021.12,94.08,경남
2022.01,94.00,경남
2022.02,94.06,경남
2022.03,94.12,경남
2022.04,94.17,경남
2022.05,94.23,경남
2022.06,94.29,경남
2022.07,94.35,경남
2022.08,94.41,경남
2022.09,94.47,경남
2022.10,94.53,경남
2022.11,94.58,경남
2022.12,94.64,경남
2023.01,94.70,경남
2012.01,69.00,경북
2012.02,69.63,경북
2012.03,70.27,경북
2012.04,70.90,경북
2012.05,71.53,경북
2012.06,72.17,경북
2012.07,72.80,경북
2012.08,73.43,경북
2012.09,74.07,경북
2012.10,74.70,경북
2012.11,75.33,경북
2012.12,75.97,경북
2013.01,76.60,경북
2013.02,77.51,경북
2013.03,78.42,경북
2013.04,79.32,경북
2013.05,80.23,경북
2013.06,81.14,경북
2013.07,82.05,경북
2013.08,82.96,경북
2013.09,83.87,경북
2013.10,84.78,경북
2013.11,85.68,경북
2013.12,86.59,경북
2014.01,87.50,경북
2014.02,87.42,경북
2014.03,87.35,경북
2014.04,87.28,경북
2014.05,87.20,경북
2014.06,87.12,경북
2014.07,87.05,경북
2014.08,86.97,경북
2014.09,86.90,경북
2014.10,86.82,경북
2014.11,86.75,경북
2014.12,86.67,경북
2015.01,86.60,경북
2015.02,86.60,경북
2015.03,86.60,경북
2015.04,86.60,경북
2015.05,86.60,경북
2015.06,86.60,경북
2015.07,86.60,경북
2015.08,86.60,경북
2015.09,86.60,경북
2015.10,86.60,경북
2015.11,86.60,경북
2015.12,86.60,경북
2016.01,86.60,경북
2016.02,86.80,경북
2016.03,87.00,경북
2016.04,87.20,경북
2016.05,87.40,경북
2016.06,87.60,경북
2016.07,87.80,경북
2016.08,88.00,경북
2016.09,88.20,경북
2016.10,88.40,경북
2016.11,88.60,경북
2016.12,88.80,경북
2017.01,89.00,경북
2017.02,89.28,경북
2017.03,89.55,경북
2017.04,89.83,경북
2017.05,90.10,경북
2017.06,90.38,경북
2017.07,90.65,경북
2017.08,90.92,경북
2017.09,91.20,경북
2017.10,91.47,경북
2017.11,91.75,경북
2017.12,92.02,경북
2018.01,92.30,경북
2018.02,92.47,경북
2018.03,92.65,경북
2018.04,92.83,경북
2018.05,93.00,경북
2018.06,93.17,경북
2018.07,93.35,경북
2018.08,93.53,경북
2018.09,93.70,경북
2018.10,93.88,경북
2018.11,94.05,경북
2018.12,94.23,경북
2019.01,94.40,경북
2019.02,94.31,경북
2019.03,94.22,경북
2019.04,94.12,경북
2019.05,94.03,경북
2019.06,93.94,경북
2019.07,93.85,경북
2019.08,93.76,경북
2019.09,93.67,경북
2019.10,93.58,경북
2019.11,93.48,경북
2019.12,93.39,경북
2020.01,93.30,경북
2020.02,93.14,경북
2020.03,92.98,경북
2020.04,92.83,경북
2020.05,92.67,경북
2020.06,92.51,경북
2020.07,92.35,경북
2020.08,92.19,경북
2020.09,92.03,경북
2020.10,91.88,경북
2020.11,91.72,경북
2020.12,91.56,경북
2021.01,91.40,경북
2021.02,91.61,경북
2021.03,91.82,경북
2021.04,92.03,경북
2021.05,92.23,경북
2021.06,92.44,경북
2021.07,92.65,경북
2021.08,92.86,경북
2021.09,93.07,경북
2021.10,93.28,경북
2021.11,93.48,경북
2021.12,93.69,경북
2022.01,93.90,경북
2022.02,93.98,경북
2022.03,94.07,경북
2022.04,94.15,경북
2022.05,94.23,경북
2022.06,94.32,경북
2022.07,94.40,경북
2022.08,94.48,경북
2022.09,94.57,경북
2022.10,94.65,경북
2022.11,94.73,경북
2022.12,94.82,경북
2023.01,94.90,경북
2012.01,81.40,광주
2012.02,81.53,광주
2012.03,81.67,광주
2012.04,81.80,광주
2012.05,81.93,광주
2012.06,82.07,광주
2012.07,82.20,광주
2012.08,82.33,광주
2012.09,82.47,광주
2012.10,82.60,광주
2012.11,82.73,광주
2012.12,82.87,광주
2013.01,83.00,광주
2013.02,83.42,광주
2013.03,83.85,광주
2013.04,84.28,광주
2013.05,84.70,광주
2013.06,85.12,광주
2013.07,85.55,광주
2013.08,85.97,광주
2013.09,86.40,광주
2013.10,86.82,광주
2013.11,87.25,광주
2013.12,87.67,광주
2014.01,88.10,광주
2014.02,88.27,광주
2014.03,88.43,광주
2014.04,88.60,광주
2014.05,88.77,광주
2014.06,88.93,광주
2014.07,89.10,광주
2014.08,89.27,광주
2014.09,89.43,광주
2014.10,89.60,광주
2014.11,89.77,광주
2014.12,89.93,광주
2015.01,90.10,광주
2015.02,90.21,광주
2015.03,90.32,광주
2015.04,90.42,광주
2015.05,90.53,광주
2015.06,90.64,광주
2015.07,90.75,광주
2015.08,90.86,광주
2015.09,90.97,광주
2015.10,91.08,광주
2015.11,91.18,광주
2015.12,91.29,광주
2016.01,91.40,광주
2016.02,91.61,광주
2016.03,91.82,광주
2016.04,92.03,광주
2016.05,92.23,광주
2016.06,92.44,광주
2016.07,92.65,광주
2016.08,92.86,광주
2016.09,93.07,광주
2016.10,93.28,광주
2016.11,93.48,광주
2016.12,93.69,광주
2017.01,93.90,광주
2017.02,93.95,광주
2017.03,94.00,광주
2017.04,94.05,광주
2017.05,94.10,광주
2017.06,94.15,광주
2017.07,94.20,광주
2017.08,94.25,광주
2017.09,94.30,광주
2017.10,94.35,광주
2017.11,94.40,광주
2017.12,94.45,광주
2018.01,94.50,광주
2018.02,94.25,광주
2018.03,94.00,광주
2018.04,93.75,광주
2018.05,93.50,광주
2018.06,93.25,광주
2018.07,93.00,광주
2018.08,92.75,광주
2018.09,92.50,광주
2018.10,92.25,광주
2018.11,92.00,광주
2018.12,91.75,광주
2019.01,91.50,광주
2019.02,91.54,광주
2019.03,91.58,광주
2019.04,91.62,광주
2019.05,91.67,광주
2019.06,91.71,광주
2019.07,91.75,광주
2019.08,91.79,광주
2019.09,91.83,광주
2019.10,91.88,광주
2019.11,91.92,광주
2019.12,91.96,광주
2020.01,92.00,광주
2020.02,92.27,광주
2020.03,92.53,광주
2020.04,92.80,광주
2020.05,93.07,광주
2020.06,93.33,광주
2020.07,93.60,광주
2020.08,93.87,광주
2020.09,94.13,광주
2020.10,94.40,광주
2020.11,94.67,광주
2020.12,94.93,광주
2021.01,95.20,광주
2021.02,95.48,광주
2021.03,95.77,광주
2021.04,96.05,광주
2021.05,96.33,광주
2021.06,96.62,광주
2021.07,96.90,광주
2021.08,97.18,광주
2021.09,97.47,광주
2021.10,97.75,광주
2021.11,98.03,광주
2021.12,98.32,광주
2022.01,98.60,광주
2022.02,98.44,광주
2022.03,98.28,광주
2022.04,98.12,광주
2022.05,97.97,광주
2022.06,97.81,광주
2022.07,97.65,광주
2022.08,97.49,광주
2022.09,97.33,광주
2022.10,97.17,광주
2022.11,97.02,광주
2022.12,96.86,광주
2023.01,96.70,광주
2012.01,76.50,대구
2012.02,77.18,대구
2012.03,77.87,대구
2012.04,78.55,대구
2012.05,79.23,대구
2012.06,79.92,대구
2012.07,80.60,대구
2012.08,81.28,대구
2012.09,81.97,대구
2012.10,82.65,대구
2012.11,83.33,대구
2012.12,84.02,대구
2013.01,84.70,대구
2013.02,85.32,대구
2013.03,85.93,대구
2013.04,86.55,대구
2013.05,87.17,대구
2013.06,87.78,대구
2013.07,88.40,대구
2013.08,89.02,대구
2013.09,89.63,대구
2013.10,90.25,대구
2013.11,90.87,대구
2013.12,91.48,대구
2014.01,92.10,대구
2014.02,92.02,대구
2014.03,91.93,대구
2014.04,91.85,대구
2014.05,91.77,대구
2014.06,91.68,대구
2014.07,91.60,대구
2014.08,91.52,대구
2014.09,91.43,대구
2014.10,91.35,대구
2014.11,91.27,대구
2014.12,91.18,대구
2015.01,91.10,대구
2015.02,91.15,대구
2015.03,91.20,대구
2015.04,91.25,대구
2015.05,91.30,대구
2015.06,91.35,대구
2015.07,91.40,대구
2015.08,91.45,대구
2015.09,91.50,대구
2015.10,91.55,대구
2015.11,91.60,대구
2015.12,91.65,대구
2016.01,91.70,대구
2016.02,91.86,대구
2016.03,92.02,대구
2016.04,92.17,대구
2016.05,92.33,대구
2016.06,92.49,대구
2016.07,92.65,대구
2016.08,92.81,대구
2016.09,92.97,대구
2016.10,93.12,대구
2016.11,93.28,대구
2016.12,93.44,대구
2017.01,93.60,대구
2017.02,93.71,대구
2017.03,93.82,대구
2017.04,93.92,대구
2017.05,94.03,대구
2017.06,94.14,대구
2017.07,94.25,대구
2017.08,94.36,대구
2017.09,94.47,대구
2017.10,94.58,대구
2017.11,94.68,대구
2017.12,94.79,대구
2018.01,94.90,대구
2018.02,95.18,대구
2018.03,95.45,대구
2018.04,95.73,대구
2018.05,96.00,대구
2018.06,96.28,대구
2018.07,96.55,대구
2018.08,96.83,대구
2018.09,97.10,대구
2018.10,97.38,대구
2018.11,97.65,대구
2018.12,97.92,대구
2019.01,98.20,대구
2019.02,98.06,대구
2019.03,97.92,대구
2019.04,97.78,대구
2019.05,97.63,대구
2019.06,97.49,대구
2019.07,97.35,대구
2019.08,97.21,대구
2019.09,97.07,대구
2019.10,96.92,대구
2019.11,96.78,대구
2019.12,96.64,대구
2020.01,96.50,대구
2020.02,96.25,대구
2020.03,96.00,대구
2020.04,95.75,대구
2020.05,95.50,대구
2020.06,95.25,대구
2020.07,95.00,대구
2020.08,94.75,대구
2020.09,94.50,대구
2020.10,94.25,대구
2020.11,94.00,대구
2020.12,93.75,대구
2021.01,93.50,대구
2021.02,93.67,대구
2021.03,93.85,대구
2021.04,94.03,대구
2021.05,94.20,대구
2021.06,94.38,대구
2021.07,94.55,대구
2021.08,94.72,대구
2021.09,94.90,대구
2021.10,95.07,대구
2021.11,95.25,대구
2021.12,95.42,대구
2022.01,95.60,대구
2022.02,95.83,대구
2022.03,96.07,대구
2022.04,96.30,대구
2022.05,96.53,대구
2022.06,96.77,대구
2022.07,97.00,대구
2022.08,97.23,대구
2022.09,97.47,대구
2022.10,97.70,대구
2022.11,97.93,대구
2022.12,98.17,대구
2023.01,98.40,대구
2012.01,81.40,대전
2012.02,81.94,대전
2012.03,82.48,대전
2012.04,83.03,대전
2012.05,83.57,대전
2012.06,84.11,대전
2012.07,84.65,대전
2012.08,85.19,대전
2012.09,85.73,대전
2012.10,86.28,대전
2012.11,86.82,대전
2012.12,87.36,대전
2013.01,87.90,대전
2013.02,87.56,대전
2013.03,87.22,대전
2013.04,86.88,대전
2013.05,86.53,대전
2013.06,86.19,대전
2013.07,85.85,대전
2013.08,85.51,대전
2013.09,85.17,대전
2013.10,84.83,대전
2013.11,84.48,대전
2013.12,84.14,대전
2014.01,83.80,대전
2014.02,83.92,대전
2014.03,84.05,대전
2014.04,84.17,대전
2014.05,84.30,대전
2014.06,84.42,대전
2014.07,84.55,대전
2014.08,84.67,대전
2014.09,84.80,대전
2014.10,84.92,대전
2014.11,85.05,대전
2014.12,85.17,대전
2015.01,85.30,대전
2015.02,85.74,대전
2015.03,86.18,대전
2015.04,86.62,대전
2015.05,87.07,대전
2015.06,87.51,대전
2015.07,87.95,대전
2015.08,88.39,대전
2015.09,88.83,대전
2015.10,89.27,대전
2015.11,89.72,대전
2015.12,90.16,대전
2016.01,90.60,대전
2016.02,90.70,대전
2016.03,90.80,대전
2016.04,90.90,대전
2016.05,91.00,대전
2016.06,91.10,대전
2016.07,91.20,대전
2016.08,91.30,대전
2016.09,91.40,대전
2016.10,91.50,대전
2016.11,91.60,대전
2016.12,91.70,대전
2017.01,91.80,대전
2017.02,91.99,대전
2017.03,92.18,대전
2017.04,92.38,대전
2017.05,92.57,대전
2017.06,92.76,대전
2017.07,92.95,대전
2017.08,93.14,대전
2017.09,93.33,대전
2017.10,93.52,대전
2017.11,93.72,대전
2017.12,93.91,대전
2018.01,94.10,대전
2018.02,94.15,대전
2018.03,94.20,대전
2018.04,94.25,대전
2018.05,94.30,대전
2018.06,94.35,대전
2018.07,94.40,대전
2018.08,94.45,대전
2018.09,94.50,대전
2018.10,94.55,대전
2018.11,94.60,대전
2018.12,94.65,대전
2019.01,94.70,대전
2019.02,94.65,대전
2019.03,94.60,대전
2019.04,94.55,대전
2019.05,94.50,대전
2019.06,94.45,대전
2019.07,94.40,대전
2019.08,94.35,대전
2019.09,94.30,대전
2019.10,94.25,대전
2019.11,94.20,대전
2019.12,94.15,대전
2020.01,94.10,대전
2020.02,93.93,대전
2020.03,93.77,대전
2020.04,93.60,대전
2020.05,93.43,대전
2020.06,93.27,대전
2020.07,93.10,대전
2020.08,92.93,대전
2020.09,92.77,대전
2020.10,92.60,대전
2020.11,92.43,대전
2020.12,92.27,대전
2021.01,92.10,대전
2021.02,92.24,대전
2021.03,92.38,대전
2021.04,92.52,대전
2021.05,92.67,대전
2021.06,92.81,대전
2021.07,92.95,대전
2021.08,93.09,대전
2021.09,93.23,대전
2021.10,93.38,대전
2021.11,93.52,대전
2021.12,93.66,대전
2022.01,93.80,대전
2022.02,94.05,대전
2022.03,94.30,대전
2022.04,94.55,대전
2022.05,94.80,대전
2022.06,95.05,대전
2022.07,95.30,대전
2022.08,95.55,대전
2022.09,95.80,대전
2022.10,96.05,대전
2022.11,96.30,대전
2022.12,96.55,대전
2023.01,96.80,대전
2012.01,76.30,부산
2012.02,76.97,부산
2012.03,77.63,부산
2012.04,78.30,부산
2012.05,78.97,부산
2012.06,79.63,부산
2012.07,80.30,부산
2012.08,80.97,부산
2012.09,81.63,부산
2012.10,82.30,부산
2012.11,82.97,부산
2012.12,83.63,부산
2013.01,84.30,부산
2013.02,84.26,부산
2013.03,84.22,부산
2013.04,84.17,부산
2013.05,84.13,부산
2013.06,84.09,부산
2013.07,84.05,부산
2013.08,84.01,부산
2013.09,83.97,부산
2013.10,83.92,부산
2013.11,83.88,부산
2013.12,83.84,부산
2014.01,83.80,부산
2014.02,84.08,부산
2014.03,84.37,부산
2014.04,84.65,부산
2014.05,84.93,부산
2014.06,85.22,부산
2014.07,85.50,부산
2014.08,85.78,부산
2014.09,86.07,부산
2014.10,86.35,부산
2014.11,86.63,부산
2014.12,86.92,부산
2015.01,87.20,부산
2015.02,87.66,부산
2015.03,88.12,부산
2015.04,88.58,부산
2015.05,89.03,부산
2015.06,89.49,부산
2015.07,89.95,부산
2015.08,90.41,부산
2015.09,90.87,부산
2015.10,91.33,부산
2015.11,91.78,부산
2015.12,92.24,부산
2016.01,92.70,부산
2016.02,92.75,부산
2016.03,92.80,부산
2016.04,92.85,부산
2016.05,92.90,부산
2016.06,92.95,부산
2016.07,93.00,부산
2016.08,93.05,부산
2016.09,93.10,부산
2016.10,93.15,부산
2016.11,93.20,부산
2016.12,93.25,부산
2017.01,93.30,부산
2017.02,93.26,부산
2017.03,93.22,부산
2017.04,93.17,부산
2017.05,93.13,부산
2017.06,93.09,부산
2017.07,93.05,부산
2017.08,93.01,부산
2017.09,92.97,부산
2017.10,92.92,부산
2017.11,92.88,부산
2017.12,92.84,부산
2018.01,92.80,부산
2018.02,92.80,부산
2018.03,92.80,부산
2018.04,92.80,부산
2018.05,92.80,부산
2018.06,92.80,부산
2018.07,92.80,부산
2018.08,92.80,부산
2018.09,92.80,부산
2018.10,92.80,부산
2018.11,92.80,부산
2018.12,92.80,부산
2019.01,92.80,부산
2019.02,92.82,부산
2019.03,92.83,부산
2019.04,92.85,부산
2019.05,92.87,부산
2019.06,92.88,부산
2019.07,92.90,부산
2019.08,92.92,부산
2019.09,92.93,부산
2019.10,92.95,부산
2019.11,92.97,부산
2019.12,92.98,부산
2020.01,93.00,부산
2020.02,93.26,부산
2020.03,93.52,부산
2020.04,93.78,부산
2020.05,94.03,부산
2020.06,94.29,부산
2020.07,94.55,부산
2020.08,94.81,부산
2020.09,95.07,부산
2020.10,95.32,부산
2020.11,95.58,부산
2020.12,95.84,부산
2021.01,96.10,부산
2021.02,96.05,부산
2021.03,96.00,부산
2021.04,95.95,부산
2021.05,95.90,부산
2021.06,95.85,부산
2021.07,95.80,부산
2021.08,95.75,부산
2021.09,95.70,부산
2021.10,95.65,부산
2021.11,95.60,부산
2021.12,95.55,부산
2022.01,95.50,부산
2022.02,95.44,부산
2022.03,95.38,부산
2022.04,95.33,부산
2022.05,95.27,부산
2022.06,95.21,부산
2022.07,95.15,부산
2022.08,95.09,부산
2022.09,95.03,부산
2022.10,94.97,부산
2022.11,94.92,부산
2022.12,94.86,부산
2023.01,94.80,부산
2012.01,81.50,서울
2012.02,81.64,서울
2012.03,81.78,서울
2012.04,81.92,서울
2012.05,82.07,서울
2012.06,82.21,서울
2012.07,82.35,서울
2012.08,82.49,서울
2012.09,82.63,서울
2012.10,82.78,서울
2012.11,82.92,서울
2012.12,83.06,서울
2013.01,83.20,서울
2013.02,83.45,서울
2013.03,83.70,서울
2013.04,83.95,서울
2013.05,84.20,서울
2013.06,84.45,서울
2013.07,84.70,서울
2013.08,84.95,서울
2013.09,85.20,서울
2013.10,85.45,서울
2013.11,85.70,서울
2013.12,85.95,서울
2014.01,86.20,서울
2014.02,86.24,서울
2014.03,86.28,서울
2014.04,86.33,서울
2014.05,86.37,서울
2014.06,86.41,서울
2014.07,86.45,서울
2014.08,86.49,서울
2014.09,86.53,서울
2014.10,86.58,서울
2014.11,86.62,서울
2014.12,86.66,서울
2015.01,86.70,서울
2015.02,86.80,서울
2015.03,86.90,서울
2015.04,87.00,서울
2015.05,87.10,서울
2015.06,87.20,서울
2015.07,87.30,서울
2015.08,87.40,서울
2015.09,87.50,서울
2015.10,87.60,서울
2015.11,87.70,서울
2015.12,87.80,서울
2016.01,87.90,서울
2016.02,88.12,서울
2016.03,88.33,서울
2016.04,88.55,서울
2016.05,88.77,서울
2016.06,88.98,서울
2016.07,89.20,서울
2016.08,89.42,서울
2016.09,89.63,서울
2016.10,89.85,서울
2016.11,90.07,서울
2016.12,90.28,서울
2017.01,90.50,서울
2017.02,90.58,서울
2017.03,90.65,서울
2017.04,90.72,서울
2017.05,90.80,서울
2017.06,90.88,서울
2017.07,90.95,서울
2017.08,91.03,서울
2017.09,91.10,서울
2017.10,91.18,서울
2017.11,91.25,서울
2017.12,91.33,서울
2018.01,91.40,서울
2018.02,91.47,서울
2018.03,91.53,서울
2018.04,91.60,서울
2018.05,91.67,서울
2018.06,91.73,서울
2018.07,91.80,서울
2018.08,91.87,서울
2018.09,91.93,서울
2018.10,92.00,서울
2018.11,92.07,서울
2018.12,92.13,서울
2019.01,92.20,서울
2019.02,92.21,서울
2019.03,92.22,서울
2019.04,92.22,서울
2019.05,92.23,서울
2019.06,92.24,서울
2019.07,92.25,서울
2019.08,92.26,서울
2019.09,92.27,서울
2019.10,92.28,서울
2019.11,92.28,서울
2019.12,92.29,서울
2020.01,92.30,서울
2020.02,92.38,서울
2020.03,92.45,서울
2020.04,92.53,서울
2020.05,92.60,서울
2020.06,92.67,서울
2020.07,92.75,서울
2020.08,92.83,서울
2020.09,92.90,서울
2020.10,92.97,서울
2020.11,93.05,서울
2020.12,93.12,서울
2021.01,93.20,서울
2021.02,93.10,서울
2021.03,93.00,서울
2021.04,92.90,서울
2021.05,92.80,서울
2021.06,92.70,서울
2021.07,92.60,서울
2021.08,92.50,서울
2021.09,92.40,서울
2021.10,92.30,서울
2021.11,92.20,서울
2021.12,92.10,서울
2022.01,92.00,서울
2022.02,92.10,서울
2022.03,92.20,서울
2022.04,92.30,서울
2022.05,92.40,서울
2022.06,92.50,서울
2022.07,92.60,서울
2022.08,92.70,서울
2022.09,92.80,서울
2022.10,92.90,서울
2022.11,93.00,서울
2022.12,93.10,서울
2023.01,93.20,서울
2012.01,85.70,울산
2012.02,86.02,울산
2012.03,86.33,울산
2012.04,86.65,울산
2012.05,86.97,울산
2012.06,87.28,울산
2012.07,87.60,울산
2012.08,87.92,울산
2012.09,88.23,울산
2012.10,88.55,울산
2012.11,88.87,울산
2012.12,89.18,울산
2013.01,89.50,울산
2013.02,89.77,울산
2013.03,90.03,울산
2013.04,90.30,울산
2013.05,90.57,울산
2013.06,90.83,울산
2013.07,91.10,울산
2013.08,91.37,울산
2013.09,91.63,울산
2013.10,91.90,울산
2013.11,92.17,울산
2013.12,92.43,울산
2014.01,92.70,울산
2014.02,92.96,울산
2014.03,93.22,울산
2014.04,93.47,울산
2014.05,93.73,울산
2014.06,93.99,울산
2014.07,94.25,울산
2014.08,94.51,울산
2014.09,94.77,울산
2014.10,95.03,울산
2014.11,95.28,울산
2014.12,95.54,울산
2015.01,95.80,울산
2015.02,95.87,울산
2015.03,95.93,울산
2015.04,96.00,울산
2015.05,96.07,울산
2015.06,96.13,울산
2015.07,96.20,울산
2015.08,96.27,울산
2015.09,96.33,울산
2015.10,96.40,울산
2015.11,96.47,울산
2015.12,96.53,울산
2016.01,96.60,울산
2016.02,96.63,울산
2016.03,96.67,울산
2016.04,96.70,울산
2016.05,96.73,울산
2016.06,96.77,울산
2016.07,96.80,울산
2016.08,96.83,울산
2016.09,96.87,울산
2016.10,96.90,울산
2016.11,96.93,울산
2016.12,96.97,울산
2017.01,97.00,울산
2017.02,96.85,울산
2017.03,96.70,울산
2017.04,96.55,울산
2017.05,96.40,울산
2017.06,96.25,울산
2017.07,96.10,울산
2017.08,95.95,울산
2017.09,95.80,울산
2017.10,95.65,울산
2017.11,95.50,울산
2017.12,95.35,울산
2018.01,95.20,울산
2018.02,95.08,울산
2018.03,94.95,울산
2018.04,94.83,울산
2018.05,94.70,울산
2018.06,94.58,울산
2018.07,94.45,울산
2018.08,94.33,울산
2018.09,94.20,울산
2018.10,94.08,울산
2018.11,93.95,울산
2018.12,93.83,울산
2019.01,93.70,울산
2019.02,93.88,울산
2019.03,94.07,울산
2019.04,94.25,울산
2019.05,94.43,울산
2019.06,94.62,울산
2019.07,94.80,울산
2019.08,94.98,울산
2019.09,95.17,울산
2019.10,95.35,울산
2019.11,95.53,울산
2019.12,95.72,울산
2020.01,95.90,울산
2020.02,96.07,울산
2020.03,96.23,울산
2020.04,96.40,울산
2020.05,96.57,울산
2020.06,96.73,울산
2020.07,96.90,울산
2020.08,97.07,울산
2020.09,97.23,울산
2020.10,97.40,울산
2020.11,97.57,울산
2020.12,97.73,울산
2021.01,97.90,울산
2021.02,97.90,울산
2021.03,97.90,울산
2021.04,97.90,울산
2021.05,97.90,울산
2021.06,97.90,울산
2021.07,97.90,울산
2021.08,97.90,울산
2021.09,97.90,울산
2021.10,97.90,울산
2021.11,97.90,울산
2021.12,97.90,울산
2022.01,97.90,울산
2022.02,97.84,울산
2022.03,97.78,울산
2022.04,97.73,울산
2022.05,97.67,울산
2022.06,97.61,울산
2022.07,97.55,울산
2022.08,97.49,울산
2022.09,97.43,울산
2022.10,97.38,울산
2022.11,97.32,울산
2022.12,97.26,울산
2023.01,97.20,울산
2012.01,82.20,인천
2012.02,82.19,인천
2012.03,82.18,인천
2012.04,82.17,인천
2012.05,82.17,인천
2012.06,82.16,인천
2012.07,82.15,인천
2012.08,82.14,인천
2012.09,82.13,인천
2012.10,82.12,인천
2012.11,82.12,인천
2012.12,82.11,인천
2013.01,82.10,인천
2013.02,82.14,인천
2013.03,82.18,인천
2013.04,82.22,인천
2013.05,82.27,인천
2013.06,82.31,인천
2013.07,82.35,인천
2013.08,82.39,인천
2013.09,82.43,인천
2013.10,82.47,인천
2013.11,82.52,인천
2013.12,82.56,인천
2014.01,82.60,인천
2014.02,82.86,인천
2014.03,83.12,인천
2014.04,83.38,인천
2014.05,83.63,인천
2014.06,83.89,인천
2014.07,84.15,인천
2014.08,84.41,인천
2014.09,84.67,인천
2014.10,84.92,인천
2014.11,85.18,인천
2014.12,85.44,인천
2015.01,85.70,인천
2015.02,85.90,인천
2015.03,86.10,인천
2015.04,86.30,인천
2015.05,86.50,인천
2015.06,86.70,인천
2015.07,86.90,인천
2015.08,87.10,인천
2015.09,87.30,인천
2015.10,87.50,인천
2015.11,87.70,인천
2015.12,87.90,인천
2016.01,88.10,인천
2016.02,88.17,인천
2016.03,88.25,인천
2016.04,88.32,인천
2016.05,88.40,인천
2016.06,88.47,인천
2016.07,88.55,인천
2016.08,88.62,인천
2016.09,88.70,인천
2016.10,88.78,인천
2016.11,88.85,인천
2016.12,88.92,인천
2017.01,89.00,인천
2017.02,89.21,인천
2017.03,89.42,인천
2017.04,89.62,인천
2017.05,89.83,인천
2017.06,90.04,인천
2017.07,90.25,인천
2017.08,90.46,인천
2017.09,90.67,인천
2017.10,90.88,인천
2017.11,91.08,인천
2017.12,91.29,인천
2018.01,91.50,인천
2018.02,91.64,인천
2018.03,91.78,인천
2018.04,91.92,인천
2018.05,92.07,인천
2018.06,92.21,인천
2018.07,92.35,인천
2018.08,92.49,인천
2018.09,92.63,인천
2018.10,92.78,인천
2018.11,92.92,인천
2018.12,93.06,인천
2019.01,93.20,인천
2019.02,93.05,인천
2019.03,92.90,인천
2019.04,92.75,인천
2019.05,92.60,인천
2019.06,92.45,인천
2019.07,92.30,인천
2019.08,92.15,인천
2019.09,92.00,인천
2019.10,91.85,인천
2019.11,91.70,인천
2019.12,91.55,인천
2020.01,91.40,인천
2020.02,91.61,인천
2020.03,91.82,인천
2020.04,92.03,인천
2020.05,92.23,인천
2020.06,92.44,인천
2020.07,92.65,인천
2020.08,92.86,인천
2020.09,93.07,인천
2020.10,93.28,인천
2020.11,93.48,인천
2020.12,93.69,인천
2021.01,93.90,인천
2021.02,93.88,인천
2021.03,93.85,인천
2021.04,93.83,인천
2021.05,93.80,인천
2021.06,93.78,인천
2021.07,93.75,인천
2021.08,93.72,인천
2021.09,93.70,인천
2021.10,93.67,인천
2021.11,93.65,인천
2021.12,93.62,인천
2022.01,93.60,인천
2022.02,93.60,인천
2022.03,93.60,인천
2022.04,93.60,인천
2022.05,93.60,인천
2022.06,93.60,인천
2022.07,93.60,인천
2022.08,93.60,인천
2022.09,93.60,인천
2022.10,93.60,인천
2022.11,93.60,인천
2022.12,93.60,인천
2023.01,93.60,인천
2012.01,68.50,전남
2012.02,68.47,전남
2012.03,68.45,전남
2012.04,68.42,전남
2012.05,68.40,전남
2012.06,68.38,전남
2012.07,68.35,전남
2012.08,68.33,전남
2012.09,68.30,전남
2012.10,68.28,전남
2012.11,68.25,전남
2012.12,68.23,전남
2013.01,68.20,전남
2013.02,68.60,전남
2013.03,69.00,전남
2013.04,69.40,전남
2013.05,69.80,전남
2013.06,70.20,전남
2013.07,70.60,전남
2013.08,71.00,전남
2013.09,71.40,전남
2013.10,71.80,전남
2013.11,72.20,전남
2013.12,72.60,전남
2014.01,73.00,전남
2014.02,73.21,전남
2014.03,73.42,전남
2014.04,73.62,전남
2014.05,73.83,전남
2014.06,74.04,전남
2014.07,74.25,전남
2014.08,74.46,전남
2014.09,74.67,전남
2014.10,74.88,전남
2014.11,75.08,전남
2014.12,75.29,전남
2015.01,75.50,전남
2015.02,75.97,전남
2015.03,76.45,전남
2015.04,76.92,전남
2015.05,77.40,전남
2015.06,77.88,전남
2015.07,78.35,전남
2015.08,78.83,전남
2015.09,79.30,전남
2015.10,79.78,전남
2015.11,80.25,전남
2015.12,80.73,전남
2016.01,81.20,전남
2016.02,81.40,전남
2016.03,81.60,전남
2016.04,81.80,전남
2016.05,82.00,전남
2016.06,82.20,전남
2016.07,82.40,전남
2016.08,82.60,전남
2016.09,82.80,전남
2016.10,83.00,전남
2016.11,83.20,전남
2016.12,83.40,전남
2017.01,83.60,전남
2017.02,83.74,전남
2017.03,83.88,전남
2017.04,84.02,전남
2017.05,84.17,전남
2017.06,84.31,전남
2017.07,84.45,전남
2017.08,84.59,전남
2017.09,84.73,전남
2017.10,84.88,전남
2017.11,85.02,전남
2017.12,85.16,전남
2018.01,85.30,전남
2018.02,85.22,전남
2018.03,85.13,전남
2018.04,85.05,전남
2018.05,84.97,전남
2018.06,84.88,전남
2018.07,84.80,전남
2018.08,84.72,전남
2018.09,84.63,전남
2018.10,84.55,전남
2018.11,84.47,전남
2018.12,84.38,전남
2019.01,84.30,전남
2019.02,84.44,전남
2019.03,84.58,전남
2019.04,84.72,전남
2019.05,84.87,전남
2019.06,85.01,전남
2019.07,85.15,전남
2019.08,85.29,전남
2019.09,85.43,전남
2019.10,85.58,전남
2019.11,85.72,전남
2019.12,85.86,전남
2020.01,86.00,전남
2020.02,86.05,전남
2020.03,86.10,전남
2020.04,86.15,전남
2020.05,86.20,전남
2020.06,86.25,전남
2020.07,86.30,전남
2020.08,86.35,전남
2020.09,86.40,전남
2020.10,86.45,전남
2020.11,86.50,전남
2020.12,86.55,전남
2021.01,86.60,전남
2021.02,86.52,전남
2021.03,86.45,전남
2021.04,86.38,전남
2021.05,86.30,전남
2021.06,86.22,전남
2021.07,86.15,전남
2021.08,86.08,전남
2021.09,86.00,전남
2021.10,85.92,전남
2021.11,85.85,전남
2021.12,85.78,전남
2022.01,85.70,전남
2022.02,86.11,전남
2022.03,86.52,전남
2022.04,86.92,전남
2022.05,87.33,전남
2022.06,87.74,전남
2022.07,88.15,전남
2022.08,88.56,전남
2022.09,88.97,전남
2022.10,89.38,전남
2022.11,89.78,전남
2022.12,90.19,전남
2023.01,90.60,전남
2012.01,73.70,전북
2012.02,73.68,전북
2012.03,73.67,전북
2012.04,73.65,전북
2012.05,73.63,전북
2012.06,73.62,전북
2012.07,73.60,전북
2012.08,73.58,전북
2012.09,73.57,전북
2012.10,73.55,전북
2012.11,73.53,전북
2012.12,73.52,전북
2013.01,73.50,전북
2013.02,73.67,전북
2013.03,73.83,전북
2013.04,74.00,전북
2013.05,74.17,전북
2013.06,74.33,전북
2013.07,74.50,전북
2013.08,74.67,전북
2013.09,74.83,전북
2013.10,75.00,전북
2013.11,75.17,전북
2013.12,75.33,전북
2014.01,75.50,전북
2014.02,75.73,전북
2014.03,75.97,전북
2014.04,76.20,전북
2014.05,76.43,전북
2014.06,76.67,전북
2014.07,76.90,전북
2014.08,77.13,전북
2014.09,77.37,전북
2014.10,77.60,전북
2014.11,77.83,전북
2014.12,78.07,전북
2015.01,78.30,전북
2015.02,78.91,전북
2015.03,79.52,전북
2015.04,80.12,전북
2015.05,80.73,전북
2015.06,81.34,전북
2015.07,81.95,전북
2015.08,82.56,전북
2015.09,83.17,전북
2015.10,83.77,전북
2015.11,84.38,전북
2015.12,84.99,전북
2016.01,85.60,전북
2016.02,85.92,전북
2016.03,86.23,전북
2016.04,86.55,전북
2016.05,86.87,전북
2016.06,87.18,전북
2016.07,87.50,전북
2016.08,87.82,전북
2016.09,88.13,전북
2016.10,88.45,전북
2016.11,88.77,전북
2016.12,89.08,전북
2017.01,89.40,전북
2017.02,89.47,전북
2017.03,89.53,전북
2017.04,89.60,전북
2017.05,89.67,전북
2017.06,89.73,전북
2017.07,89.80,전북
2017.08,89.87,전북
2017.09,89.93,전북
2017.10,90.00,전북
2017.11,90.07,전북
2017.12,90.13,전북
2018.01,90.20,전북
2018.02,89.78,전북
2018.03,89.35,전북
2018.04,88.92,전북
2018.05,88.50,전북
2018.06,88.08,전북
2018.07,87.65,전북
2018.08,87.22,전북
2018.09,86.80,전북
2018.10,86.38,전북
2018.11,85.95,전북
2018.12,85.52,전북
2019.01,85.10,전북
2019.02,85.29,전북
2019.03,85.48,전북
2019.04,85.67,전북
2019.05,85.87,전북
2019.06,86.06,전북
2019.07,86.25,전북
2019.08,86.44,전북
2019.09,86.63,전북
2019.10,86.83,전북
2019.11,87.02,전북
2019.12,87.21,전북
2020.01,87.40,전북
2020.02,87.59,전북
2020.03,87.78,전북
2020.04,87.98,전북
2020.05,88.17,전북
2020.06,88.36,전북
2020.07,88.55,전북
2020.08,88.74,전북
2020.09,88.93,전북
2020.10,89.12,전북
2020.11,89.32,전북
2020.12,89.51,전북
2021.01,89.70,전북
2021.02,89.95,전북
2021.03,90.20,전북
2021.04,90.45,전북
2021.05,90.70,전북
2021.06,90.95,전북
2021.07,91.20,전북
2021.08,91.45,전북
2021.09,91.70,전북
2021.10,91.95,전북
2021.11,92.20,전북
2021.12,92.45,전북
2022.01,92.70,전북
2022.02,92.78,전북
2022.03,92.85,전북
2022.04,92.92,전북
2022.05,93.00,전북
2022.06,93.08,전북
2022.07,93.15,전북
2022.08,93.22,전북
2022.09,93.30,전북
2022.10,93.38,전북
2022.11,93.45,전북
2022.12,93.52,전북
2023.01,93.60,전북
2012.01,74.50,제주
2012.02,75.03,제주
2012.03,75.55,제주
2012.04,76.08,제주
2012.05,76.60,제주
2012.06,77.12,제주
2012.07,77.65,제주
2012.08,78.17,제주
2012.09,78.70,제주
2012.10,79.22,제주
2012.11,79.75,제주
2012.12,80.27,제주
2013.01,80.80,제주
2013.02,81.05,제주
2013.03,81.30,제주
2013.04,81.55,제주
2013.05,81.80,제주
2013.06,82.05,제주
2013.07,82.30,제주
2013.08,82.55,제주
2013.09,82.80,제주
2013.10,83.05,제주
2013.11,83.30,제주
2013.12,83.55,제주
2014.01,83.80,제주
2014.02,83.97,제주
2014.03,84.15,제주
2014.04,84.33,제주
2014.05,84.50,제주
2014.06,84.67,제주
2014.07,84.85,제주
2014.08,85.03,제주
2014.09,85.20,제주
2014.10,85.38,제주
2014.11,85.55,제주
2014.12,85.73,제주
2015.01,85.90,제주
2015.02,85.93,제주
2015.03,85.97,제주
2015.04,86.00,제주
2015.05,86.03,제주
2015.06,86.07,제주
2015.07,86.10,제주
2015.08,86.13,제주
2015.09,86.17,제주
2015.10,86.20,제주
2015.11,86.23,제주
2015.12,86.27,제주
2016.01,86.30,제주
2016.02,86.33,제주
2016.03,86.37,제주
2016.04,86.40,제주
2016.05,86.43,제주
2016.06,86.47,제주
2016.07,86.50,제주
2016.08,86.53,제주
2016.09,86.57,제주
2016.10,86.60,제주
2016.11,86.63,제주
2016.12,86.67,제주
2017.01,86.70,제주
2017.02,86.88,제주
2017.03,87.07,제주
2017.04,87.25,제주
2017.05,87.43,제주
2017.06,87.62,제주
2017.07,87.80,제주
2017.08,87.98,제주
2017.09,88.17,제주
2017.10,88.35,제주
2017.11,88.53,제주
2017.12,88.72,제주
2018.01,88.90,제주
2018.02,88.89,제주
2018.03,88.88,제주
2018.04,88.88,제주
2018.05,88.87,제주
2018.06,88.86,제주
2018.07,88.85,제주
2018.08,88.84,제주
2018.09,88.83,제주
2018.10,88.83,제주
2018.11,88.82,제주
2018.12,88.81,제주
2019.01,88.80,제주
2019.02,88.83,제주
2019.03,88.85,제주
2019.04,88.88,제주
2019.05,88.90,제주
2019.06,88.92,제주
2019.07,88.95,제주
2019.08,88.97,제주
2019.09,89.00,제주
2019.10,89.02,제주
2019.11,89.05,제주
2019.12,89.07,제주
2020.01,89.10,제주
2020.02,88.99,제주
2020.03,88.88,제주
2020.04,88.77,제주
2020.05,88.67,제주
2020.06,88.56,제주
2020.07,88.45,제주
2020.08,88.34,제주
2020.09,88.23,제주
2020.10,88.12,제주
2020.11,88.02,제주
2020.12,87.91,제주
2021.01,87.80,제주
2021.02,88.48,제주
2021.03,89.17,제주
2021.04,89.85,제주
2021.05,90.53,제주
2021.06,91.22,제주
2021.07,91.90,제주
2021.08,92.58,제주
2021.09,93.27,제주
2021.10,93.95,제주
2021.11,94.63,제주
2021.12,95.32,제주
2022.01,96.00,제주
2022.02,95.49,제주
2022.03,94.98,제주
2022.04,94.47,제주
2022.05,93.97,제주
2022.06,93.46,제주
2022.07,92.95,제주
2022.08,92.44,제주
2022.09,91.93,제주
2022.10,91.43,제주
2022.11,90.92,제주
2022.12,90.41,제주
2023.01,89.90,제주
2012.01,71.10,충남
2012.02,71.87,충남
2012.03,72.63,충남
2012.04,73.40,충남
2012.05,74.17,충남
2012.06,74.93,충남
2012.07,75.70,충남
2012.08,76.47,충남
2012.09,77.23,충남
2012.10,78.00,충남
2012.11,78.77,충남
2012.12,79.53,충남
2013.01,80.30,충남
2013.02,79.77,충남
2013.03,79.25,충남
2013.04,78.72,충남
2013.05,78.20,충남
2013.06,77.67,충남
2013.07,77.15,충남
2013.08,76.62,충남
2013.09,76.10,충남
2013.10,75.58,충남
2013.11,75.05,충남
2013.12,74.53,충남
2014.01,74.00,충남
2014.02,74.17,충남
2014.03,74.33,충남
2014.04,74.50,충남
2014.05,74.67,충남
2014.06,74.83,충남
2014.07,75.00,충남
2014.08,75.17,충남
2014.09,75.33,충남
2014.10,75.50,충남
2014.11,75.67,충남
2014.12,75.83,충남
2015.01,76.00,충남
2015.02,76.72,충남
2015.03,77.45,충남
2015.04,78.17,충남
2015.05,78.90,충남
2015.06,79.62,충남
2015.07,80.35,충남
2015.08,81.08,충남
2015.09,81.80,충남
2015.10,82.53,충남
2015.11,83.25,충남
2015.12,83.98,충남
2016.01,84.70,충남
2016.02,85.06,충남
2016.03,85.42,충남
2016.04,85.78,충남
2016.05,86.13,충남
2016.06,86.49,충남
2016.07,86.85,충남
2016.08,87.21,충남
2016.09,87.57,충남
2016.10,87.92,충남
2016.11,88.28,충남
2016.12,88.64,충남
2017.01,89.00,충남
2017.02,89.27,충남
2017.03,89.53,충남
2017.04,89.80,충남
2017.05,90.07,충남
2017.06,90.33,충남
2017.07,90.60,충남
2017.08,90.87,충남
2017.09,91.13,충남
2017.10,91.40,충남
2017.11,91.67,충남
2017.12,91.93,충남
2018.01,92.20,충남
2018.02,92.50,충남
2018.03,92.80,충남
2018.04,93.10,충남
2018.05,93.40,충남
2018.06,93.70,충남
2018.07,94.00,충남
2018.08,94.30,충남
2018.09,94.60,충남
2018.10,94.90,충남
2018.11,95.20,충남
2018.12,95.50,충남
2019.01,95.80,충남
2019.02,95.51,충남
2019.03,95.22,충남
2019.04,94.92,충남
2019.05,94.63,충남
2019.06,94.34,충남
2019.07,94.05,충남
2019.08,93.76,충남
2019.09,93.47,충남
2019.10,93.17,충남
2019.11,92.88,충남
2019.12,92.59,충남
2020.01,92.30,충남
2020.02,92.20,충남
2020.03,92.10,충남
2020.04,92.00,충남
2020.05,91.90,충남
2020.06,91.80,충남
2020.07,91.70,충남
2020.08,91.60,충남
2020.09,91.50,충남
2020.10,91.40,충남
2020.11,91.30,충남
2020.12,91.20,충남
2021.01,91.10,충남
2021.02,91.20,충남
2021.03,91.30,충남
2021.04,91.40,충남
2021.05,91.50,충남
2021.06,91.60,충남
2021.07,91.70,충남
2021.08,91.80,충남
2021.09,91.90,충남
2021.10,92.00,충남
2021.11,92.10,충남
2021.12,92.20,충남
2022.01,92.30,충남
2022.02,92.54,충남
2022.03,92.78,충남
2022.04,93.03,충남
2022.05,93.27,충남
2022.06,93.51,충남
2022.07,93.75,충남
2022.08,93.99,충남
2022.09,94.23,충남
2022.10,94.47,충남
2022.11,94.72,충남
2022.12,94.96,충남
2023.01,95.20,충남
2012.01,72.70,충북
2012.02,73.37,충북
2012.03,74.03,충북
2012.04,74.70,충북
2012.05,75.37,충북
2012.06,76.03,충북
2012.07,76.70,충북
2012.08,77.37,충북
2012.09,78.03,충북
2012.10,78.70,충북
2012.11,79.37,충북
2012.12,80.03,충북
2013.01,80.70,충북
2013.02,80.26,충북
2013.03,79.82,충북
2013.04,79.38,충북
2013.05,78.93,충북
2013.06,78.49,충북
2013.07,78.05,충북
2013.08,77.61,충북
2013.09,77.17,충북
2013.10,76.73,충북
2013.11,76.28,충북
2013.12,75.84,충북
2014.01,75.40,충북
2014.02,75.60,충북
2014.03,75.80,충북
2014.04,76.00,충북
2014.05,76.20,충북
2014.06,76.40,충북
2014.07,76.60,충북
2014.08,76.80,충북
2014.09,77.00,충북
2014.10,77.20,충북
2014.11,77.40,충북
2014.12,77.60,충북
2015.01,77.80,충북
2015.02,78.58,충북
2015.03,79.35,충북
2015.04,80.12,충북
2015.05,80.90,충북
2015.06,81.67,충북
2015.07,82.45,충북
2015.08,83.22,충북
2015.09,84.00,충북
2015.10,84.77,충북
2015.11,85.55,충북
2015.12,86.32,충북
2016.01,87.10,충북
2016.02,87.16,충북
2016.03,87.22,충북
2016.04,87.27,충북
2016.05,87.33,충북
2016.06,87.39,충북
2016.07,87.45,충북
2016.08,87.51,충북
2016.09,87.57,충북
2016.10,87.62,충북
2016.11,87.68,충북
2016.12,87.74,충북
2017.01,87.80,충북
2017.02,88.08,충북
2017.03,88.35,충북
2017.04,88.62,충북
2017.05,88.90,충북
2017.06,89.17,충북
2017.07,89.45,충북
2017.08,89.72,충북
2017.09,90.00,충북
2017.10,90.27,충북
2017.11,90.55,충북
2017.12,90.82,충북
2018.01,91.10,충북
2018.02,91.47,충북
2018.03,91.85,충북
2018.04,92.22,충북
2018.05,92.60,충북
2018.06,92.97,충북
2018.07,93.35,충북
2018.08,93.72,충북
2018.09,94.10,충북
2018.10,94.47,충북
2018.11,94.85,충북
2018.12,95.22,충북
2019.01,95.60,충북
2019.02,95.55,충북
2019.03,95.50,충북
2019.04,95.45,충북
2019.05,95.40,충북
2019.06,95.35,충북
2019.07,95.30,충북
2019.08,95.25,충북
2019.09,95.20,충북
2019.10,95.15,충북
2019.11,95.10,충북
2019.12,95.05,충북
2020.01,95.00,충북
2020.02,94.71,충북
2020.03,94.42,충북
2020.04,94.12,충북
2020.05,93.83,충북
2020.06,93.54,충북
2020.07,93.25,충북
2020.08,92.96,충북
2020.09,92.67,충북
2020.10,92.38,충북
2020.11,92.08,충북
2020.12,91.79,충북
2021.01,91.50,충북
2021.02,91.67,충북
2021.03,91.83,충북
2021.04,92.00,충북
2021.05,92.17,충북
2021.06,92.33,충북
2021.07,92.50,충북
2021.08,92.67,충북
2021.09,92.83,충북
2021.10,93.00,충북
2021.11,93.17,충북
2021.12,93.33,충북
2022.01,93.50,충북
2022.02,93.66,충북
2022.03,93.82,충북
2022.04,93.97,충북
2022.05,94.13,충북
2022.06,94.29,충북
2022.07,94.45,충북
2022.08,94.61,충북
2022.09,94.77,충북
2022.10,94.93,충북
2022.11,95.08,충북
2022.12,95.24,충북
2023.01,95.40,충북
2014.01,70.90,충청
2014.02,71.78,충청
2014.03,72.67,충청
2014.04,73.55,충청
2014.05,74.43,충청
2014.06,75.32,충청
2014.07,76.20,충청
2014.08,77.08,충청
2014.09,77.97,충청
2014.10,78.85,충청
2014.11,79.73,충청
2014.12,80.62,충청
2015.01,81.50,충청
2015.02,82.29,충청
2015.03,83.08,충청
2015.04,83.88,충청
2015.05,84.67,충청
2015.06,85.46,충청
2015.07,86.25,충청
2015.08,87.04,충청
2015.09,87.83,충청
2015.10,88.62,충청
2015.11,89.42,충청
2015.12,90.21,충청
2016.01,91.00,충청
2016.02,91.12,충청
2016.03,91.23,충청
2016.04,91.35,충청
2016.05,91.47,충청
2016.06,91.58,충청
2016.07,91.70,충청
2016.08,91.82,충청
2016.09,91.93,충청
2016.10,92.05,충청
2016.11,92.17,충청
2016.12,92.28,충청
2017.01,92.40,충청
2017.02,92.66,충청
2017.03,92.92,충청
2017.04,93.18,충청
2017.05,93.43,충청
2017.06,93.69,충청
2017.07,93.95,충청
2017.08,94.21,충청
2017.09,94.47,충청
2017.10,94.72,충청
2017.11,94.98,충청
2017.12,95.24,충청
2018.01,95.50,충청
2018.02,95.70,충청
2018.03,95.90,충청
2018.04,96.10,충청
2018.05,96.30,충청
2018.06,96.50,충청
2018.07,96.70,충청
2018.08,96.90,충청
2018.09,97.10,충청
2018.10,97.30,충청
2018.11,97.50,충청
2018.12,97.70,충청
2019.01,97.90,충청
2019.02,98.00,충청
2019.03,98.10,충청
2019.04,98.20,충청
2019.05,98.30,충청
2019.06,98.40,충청
2019.07,98.50,충청
2019.08,98.60,충청
2019.09,98.70,충청
2019.10,98.80,충청
2019.11,98.90,충청
2019.12,99.00,충청
2020.01,99.10,충청
2020.02,98.29,충청
2020.03,97.48,충청
2020.04,96.67,충청
2020.05,95.87,충청
2020.06,95.06,충청
2020.07,94.25,충청
2020.08,93.44,충청
2020.09,92.63,충청
2020.10,91.83,충청
2020.11,91.02,충청
2020.12,90.21,충청
2021.01,89.40,충청
2021.02,89.43,충청
2021.03,89.45,충청
2021.04,89.48,충청
2021.05,89.50,충청
2021.06,89.53,충청
2021.07,89.55,충청
2021.08,89.58,충청
2021.09,89.60,충청
2021.10,89.62,충청
2021.11,89.65,충청
2021.12,89.67,충청
2022.01,89.70,충청
2022.02,90.19,충청
2022.03,90.68,충청
2022.04,91.17,충청
2022.05,91.67,충청
2022.06,92.16,충청
2022.07,92.65,충청
2022.08,93.14,충청
2022.09,93.63,충청
2022.10,94.12,충청
2022.11,94.62,충청
2022.12,95.11,충청
2023.01,95.60,충청
