시점,지역별,저출산율,고용률,학생수,사설학원수,사교육참여율,수술인원,인터넷이용률,근로시간,어린이집,이동인구수,인구밀집도,주택유형별,주택규모별,ratio
2015.01,11,1.0,60.0,104.0,13989.0,74.3,254944.0,86.7,2100.0,6598.0,-3055.0,16364.0,0,1,70.463
2015.01,11,1.0,60.0,104.0,13989.0,74.3,254944.0,86.7,2100.0,6598.0,-3055.0,16364.0,0,2,74.382
2015.01,11,1.0,60.0,104.0,13989.0,74.3,254944.0,86.7,2100.0,6598.0,-3055.0,16364.0,0,3,75.04
2015.01,11,1.0,60.0,104.0,13989.0,74.3,254944.0,86.7,2100.0,6598.0,-3055.0,16364.0,0,4,78.388
2015.01,11,1.0,60.0,104.0,13989.0,74.3,254944.0,86.7,2100.0,6598.0,-3055.0,16364.0,0,5,80.434
2015.01,11,1.0,60.0,104.0,13989.0,74.3,254944.0,86.7,2100.0,6598.0,-3055.0,16364.0,1,1,89.459
2015.01,11,1.0,60.0,104.0,13989.0,74.3,254944.0,86.7,2100.0,6598.0,-3055.0,16364.0,1,2,90.024
2015.01,11,1.0,60.0,104.0,13989.0,74.3,254944.0,86.7,2100.0,6598.0,-3055.0,16364.0,1,3,90.253
2015.02,11,1.0,59.7,103.728,13988.0,74.25,255351.0,86.8,2087.9,6578.833,-4136.0,16350.517,0,1,70.734
2015.02,11,1.0,59.7,103.728,13988.0,74.25,255351.0,86.8,2087.9,6578.833,-4136.0,16350.517,0,2,74.581
2015.02,11,1.0,59.7,103.728,13988.0,74.25,255351.0,86.8,2087.9,6578.833,-4136.0,16350.517,0,3,75.283
2015.02,11,1.0,59.7,103.728,13988.0,74.25,255351.0,86.8,2087.9,6578.833,-4136.0,16350.517,0,4,78.625
2015.02,11,1.0,59.7,103.728,13988.0,74.25,255351.0,86.8,2087.9,6578.833,-4136.0,16350.517,0,5,80.602
2015.02,11,1.0,59.7,103.728,13988.0,74.25,255351.0,86.8,2087.9,6578.833,-4136.0,16350.517,1,1,89.507
2015.02,11,1.0,59.7,103.728,13988.0,74.25,255351.0,86.8,2087.9,6578.833,-4136.0,16350.517,1,2,90.102
2015.02,11,1.0,59.7,103.728,13988.0,74.25,255351.0,86.8,2087.9,6578.833,-4136.0,16350.517,1,3,90.228
2015.03,11,0.99,59.5,103.457,13986.0,74.2,255758.0,86.9,2075.8,6559.667,-9374.0,16337.033,0,1,71.196
2015.03,11,0.99,59.5,103.457,13986.0,74.2,255758.0,86.9,2075.8,6559.667,-9374.0,16337.033,0,2,74.943
2015.03,11,0.99,59.5,103.457,13986.0,74.2,255758.0,86.9,2075.8,6559.667,-9374.0,16337.033,0,3,75.561
2015.03,11,0.99,59.5,103.457,13986.0,74.2,255758.0,86.9,2075.8,6559.667,-9374.0,16337.033,0,4,78.897
2015.03,11,0.99,59.5,103.457,13986.0,74.2,255758.0,86.9,2075.8,6559.667,-9374.0,16337.033,0,5,80.944
2015.03,11,0.99,59.5,103.457,13986.0,74.2,255758.0,86.9,2075.8,6559.667,-9374.0,16337.033,1,1,89.644
2015.03,11,0.99,59.5,103.457,13986.0,74.2,255758.0,86.9,2075.8,6559.667,-9374.0,16337.033,1,2,90.191
2015.03,11,0.99,59.5,103.457,13986.0,74.2,255758.0,86.9,2075.8,6559.667,-9374.0,16337.033,1,3,90.439
2015.04,11,0.99,59.6,103.185,13985.0,74.15,256165.0,87.0,2063.7,6540.5,-11117.0,16323.55,0,1,71.848
2015.04,11,0.99,59.6,103.185,13985.0,74.15,256165.0,87.0,2063.7,6540.5,-11117.0,16323.55,0,2,75.522
2015.04,11,0.99,59.6,103.185,13985.0,74.15,256165.0,87.0,2063.7,6540.5,-11117.0,16323.55,0,3,75.965
2015.04,11,0.99,59.6,103.185,13985.0,74.15,256165.0,87.0,2063.7,6540.5,-11117.0,16323.55,0,4,79.354
2015.04,11,0.99,59.6,103.185,13985.0,74.15,256165.0,87.0,2063.7,6540.5,-11117.0,16323.55,0,5,81.243
2015.04,11,0.99,59.6,103.185,13985.0,74.15,256165.0,87.0,2063.7,6540.5,-11117.0,16323.55,1,1,89.84
2015.04,11,0.99,59.6,103.185,13985.0,74.15,256165.0,87.0,2063.7,6540.5,-11117.0,16323.55,1,2,90.41
2015.04,11,0.99,59.6,103.185,13985.0,74.15,256165.0,87.0,2063.7,6540.5,-11117.0,16323.55,1,3,90.643
2015.05,11,0.98,60.3,102.913,13984.0,74.1,256572.0,87.1,2051.6,6521.333,-11676.0,16310.067,0,1,72.394
2015.05,11,0.98,60.3,102.913,13984.0,74.1,256572.0,87.1,2051.6,6521.333,-11676.0,16310.067,0,2,75.94
2015.05,11,0.98,60.3,102.913,13984.0,74.1,256572.0,87.1,2051.6,6521.333,-11676.0,16310.067,0,3,76.432
2015.05,11,0.98,60.3,102.913,13984.0,74.1,256572.0,87.1,2051.6,6521.333,-11676.0,16310.067,0,4,79.693
2015.05,11,0.98,60.3,102.913,13984.0,74.1,256572.0,87.1,2051.6,6521.333,-11676.0,16310.067,0,5,81.559
2015.05,11,0.98,60.3,102.913,13984.0,74.1,256572.0,87.1,2051.6,6521.333,-11676.0,16310.067,1,1,90.071
2015.05,11,0.98,60.3,102.913,13984.0,74.1,256572.0,87.1,2051.6,6521.333,-11676.0,16310.067,1,2,90.637
2015.05,11,0.98,60.3,102.913,13984.0,74.1,256572.0,87.1,2051.6,6521.333,-11676.0,16310.067,1,3,90.763
2015.06,11,0.98,59.8,102.642,13983.0,74.05,256979.0,87.2,2039.5,6502.167,-14378.0,16296.583,0,1,72.984
2015.06,11,0.98,59.8,102.642,13983.0,74.05,256979.0,87.2,2039.5,6502.167,-14378.0,16296.583,0,2,76.458
2015.06,11,0.98,59.8,102.642,13983.0,74.05,256979.0,87.2,2039.5,6502.167,-14378.0,16296.583,0,3,76.808
2015.06,11,0.98,59.8,102.642,13983.0,74.05,256979.0,87.2,2039.5,6502.167,-14378.0,16296.583,0,4,80.158
2015.06,11,0.98,59.8,102.642,13983.0,74.05,256979.0,87.2,2039.5,6502.167,-14378.0,16296.583,0,5,81.833
2015.06,11,0.98,59.8,102.642,13983.0,74.05,256979.0,87.2,2039.5,6502.167,-14378.0,16296.583,1,1,90.307
2015.06,11,0.98,59.8,102.642,13983.0,74.05,256979.0,87.2,2039.5,6502.167,-14378.0,16296.583,1,2,90.922
2015.06,11,0.98,59.8,102.642,13983.0,74.05,256979.0,87.2,2039.5,6502.167,-14378.0,16296.583,1,3,91.03
2015.07,11,0.97,60.3,102.37,13982.0,74.0,257386.0,87.3,2027.4,6483.0,-11723.0,16283.1,0,1,73.476
2015.07,11,0.97,60.3,102.37,13982.0,74.0,257386.0,87.3,2027.4,6483.0,-11723.0,16283.1,0,2,76.86
2015.07,11,0.97,60.3,102.37,13982.0,74.0,257386.0,87.3,2027.4,6483.0,-11723.0,16283.1,0,3,77.402
2015.07,11,0.97,60.3,102.37,13982.0,74.0,257386.0,87.3,2027.4,6483.0,-11723.0,16283.1,0,4,80.425
2015.07,11,0.97,60.3,102.37,13982.0,74.0,257386.0,87.3,2027.4,6483.0,-11723.0,16283.1,0,5,82.027
2015.07,11,0.97,60.3,102.37,13982.0,74.0,257386.0,87.3,2027.4,6483.0,-11723.0,16283.1,1,1,90.492
2015.07,11,0.97,60.3,102.37,13982.0,74.0,257386.0,87.3,2027.4,6483.0,-11723.0,16283.1,1,2,91.117
2015.07,11,0.97,60.3,102.37,13982.0,74.0,257386.0,87.3,2027.4,6483.0,-11723.0,16283.1,1,3,91.142
2015.08,11,0.97,60.3,102.098,13980.0,73.95,257792.0,87.4,2015.3,6463.833,-12911.0,16269.617,0,1,73.99
2015.08,11,0.97,60.3,102.098,13980.0,73.95,257792.0,87.4,2015.3,6463.833,-12911.0,16269.617,0,2,77.291
2015.08,11,0.97,60.3,102.098,13980.0,73.95,257792.0,87.4,2015.3,6463.833,-12911.0,16269.617,0,3,77.693
2015.08,11,0.97,60.3,102.098,13980.0,73.95,257792.0,87.4,2015.3,6463.833,-12911.0,16269.617,0,4,80.735
2015.08,11,0.97,60.3,102.098,13980.0,73.95,257792.0,87.4,2015.3,6463.833,-12911.0,16269.617,0,5,82.187
2015.08,11,0.97,60.3,102.098,13980.0,73.95,257792.0,87.4,2015.3,6463.833,-12911.0,16269.617,1,1,90.614
2015.08,11,0.97,60.3,102.098,13980.0,73.95,257792.0,87.4,2015.3,6463.833,-12911.0,16269.617,1,2,91.325
2015.08,11,0.97,60.3,102.098,13980.0,73.95,257792.0,87.4,2015.3,6463.833,-12911.0,16269.617,1,3,91.289
2015.09,11,0.96,60.0,101.827,13979.0,73.9,258199.0,87.5,2003.2,6444.667,-12886.0,16256.133,0,1,74.608
2015.09,11,0.96,60.0,101.827,13979.0,73.9,258199.0,87.5,2003.2,6444.667,-12886.0,16256.133,0,2,77.825
2015.09,11,0.96,60.0,101.827,13979.0,73.9,258199.0,87.5,2003.2,6444.667,-12886.0,16256.133,0,3,78.164
2015.09,11,0.96,60.0,101.827,13979.0,73.9,258199.0,87.5,2003.2,6444.667,-12886.0,16256.133,0,4,81.082
2015.09,11,0.96,60.0,101.827,13979.0,73.9,258199.0,87.5,2003.2,6444.667,-12886.0,16256.133,0,5,82.493
2015.09,11,0.96,60.0,101.827,13979.0,73.9,258199.0,87.5,2003.2,6444.667,-12886.0,16256.133,1,1,90.817
2015.09,11,0.96,60.0,101.827,13979.0,73.9,258199.0,87.5,2003.2,6444.667,-12886.0,16256.133,1,2,91.472
2015.09,11,0.96,60.0,101.827,13979.0,73.9,258199.0,87.5,2003.2,6444.667,-12886.0,16256.133,1,3,91.396
2015.1,11,0.96,59.9,101.555,13978.0,73.85,258606.0,87.6,1991.1,6425.5,-14997.0,16242.65,0,1,75.181
2015.1,11,0.96,59.9,101.555,13978.0,73.85,258606.0,87.6,1991.1,6425.5,-14997.0,16242.65,0,2,78.396
2015.1,11,0.96,59.9,101.555,13978.0,73.85,258606.0,87.6,1991.1,6425.5,-14997.0,16242.65,0,3,78.449
2015.1,11,0.96,59.9,101.555,13978.0,73.85,258606.0,87.6,1991.1,6425.5,-14997.0,16242.65,0,4,81.493
2015.1,11,0.96,59.9,101.555,13978.0,73.85,258606.0,87.6,1991.1,6425.5,-14997.0,16242.65,0,5,82.731
2015.1,11,0.96,59.9,101.555,13978.0,73.85,258606.0,87.6,1991.1,6425.5,-14997.0,16242.65,1,1,91.019
2015.1,11,0.96,59.9,101.555,13978.0,73.85,258606.0,87.6,1991.1,6425.5,-14997.0,16242.65,1,2,91.68
2015.1,11,0.96,59.9,101.555,13978.0,73.85,258606.0,87.6,1991.1,6425.5,-14997.0,16242.65,1,3,91.539
2015.11,11,0.95,60.2,101.283,13976.0,73.8,259013.0,87.7,1979.0,6406.333,-13610.0,16229.167,0,1,75.813
2015.11,11,0.95,60.2,101.283,13976.0,73.8,259013.0,87.7,1979.0,6406.333,-13610.0,16229.167,0,2,78.891
2015.11,11,0.95,60.2,101.283,13976.0,73.8,259013.0,87.7,1979.0,6406.333,-13610.0,16229.167,0,3,79.034
2015.11,11,0.95,60.2,101.283,13976.0,73.8,259013.0,87.7,1979.0,6406.333,-13610.0,16229.167,0,4,81.803
2015.11,11,0.95,60.2,101.283,13976.0,73.8,259013.0,87.7,1979.0,6406.333,-13610.0,16229.167,0,5,83.058
2015.11,11,0.95,60.2,101.283,13976.0,73.8,259013.0,87.7,1979.0,6406.333,-13610.0,16229.167,1,1,91.286
2015.11,11,0.95,60.2,101.283,13976.0,73.8,259013.0,87.7,1979.0,6406.333,-13610.0,16229.167,1,2,91.821
2015.11,11,0.95,60.2,101.283,13976.0,73.8,259013.0,87.7,1979.0,6406.333,-13610.0,16229.167,1,3,91.751
2015.12,11,0.95,60.1,101.012,13975.0,73.75,259420.0,87.8,1966.9,6387.167,-17393.0,16215.683,0,1,76.217
2015.12,11,0.95,60.1,101.012,13975.0,73.75,259420.0,87.8,1966.9,6387.167,-17393.0,16215.683,0,2,79.225
2015.12,11,0.95,60.1,101.012,13975.0,73.75,259420.0,87.8,1966.9,6387.167,-17393.0,16215.683,0,3,79.205
2015.12,11,0.95,60.1,101.012,13975.0,73.75,259420.0,87.8,1966.9,6387.167,-17393.0,16215.683,0,4,82.047
2015.12,11,0.95,60.1,101.012,13975.0,73.75,259420.0,87.8,1966.9,6387.167,-17393.0,16215.683,0,5,83.181
2015.12,11,0.95,60.1,101.012,13975.0,73.75,259420.0,87.8,1966.9,6387.167,-17393.0,16215.683,1,1,91.422
2015.12,11,0.95,60.1,101.012,13975.0,73.75,259420.0,87.8,1966.9,6387.167,-17393.0,16215.683,1,2,91.959
2015.12,11,0.95,60.1,101.012,13975.0,73.75,259420.0,87.8,1966.9,6387.167,-17393.0,16215.683,1,3,91.797
2016.01,11,0.94,59.7,100.74,13974.0,73.7,259827.0,87.9,1954.8,6368.0,-6854.0,16202.2,0,1,76.254
2016.01,11,0.94,59.7,100.74,13974.0,73.7,259827.0,87.9,1954.8,6368.0,-6854.0,16202.2,0,2,79.262
2016.01,11,0.94,59.7,100.74,13974.0,73.7,259827.0,87.9,1954.8,6368.0,-6854.0,16202.2,0,3,79.158
2016.01,11,0.94,59.7,100.74,13974.0,73.7,259827.0,87.9,1954.8,6368.0,-6854.0,16202.2,0,4,82.112
2016.01,11,0.94,59.7,100.74,13974.0,73.7,259827.0,87.9,1954.8,6368.0,-6854.0,16202.2,0,5,83.206
2016.01,11,0.94,59.7,100.74,13974.0,73.7,259827.0,87.9,1954.8,6368.0,-6854.0,16202.2,1,1,91.47
2016.01,11,0.94,59.7,100.74,13974.0,73.7,259827.0,87.9,1954.8,6368.0,-6854.0,16202.2,1,2,92.024
2016.01,11,0.94,59.7,100.74,13974.0,73.7,259827.0,87.9,1954.8,6368.0,-6854.0,16202.2,1,3,91.801
2016.02,11,0.93,59.3,100.476,13992.0,74.025,260120.0,88.1,1953.0,6356.167,-8211.0,16193.333,0,1,76.265
2016.02,11,0.93,59.3,100.476,13992.0,74.025,260120.0,88.1,1953.0,6356.167,-8211.0,16193.333,0,2,79.266
2016.02,11,0.93,59.3,100.476,13992.0,74.025,260120.0,88.1,1953.0,6356.167,-8211.0,16193.333,0,3,79.137
2016.02,11,0.93,59.3,100.476,13992.0,74.025,260120.0,88.1,1953.0,6356.167,-8211.0,16193.333,0,4,82.119
2016.02,11,0.93,59.3,100.476,13992.0,74.025,260120.0,88.1,1953.0,6356.167,-8211.0,16193.333,0,5,83.141
2016.02,11,0.93,59.3,100.476,13992.0,74.025,260120.0,88.1,1953.0,6356.167,-8211.0,16193.333,1,1,91.466
2016.02,11,0.93,59.3,100.476,13992.0,74.025,260120.0,88.1,1953.0,6356.167,-8211.0,16193.333,1,2,92.03
2016.02,11,0.93,59.3,100.476,13992.0,74.025,260120.0,88.1,1953.0,6356.167,-8211.0,16193.333,1,3,91.79
2016.03,11,0.92,58.8,100.212,14010.0,74.35,260413.0,88.3,1951.2,6344.333,-8820.0,16184.467,0,1,76.303
2016.03,11,0.92,58.8,100.212,14010.0,74.35,260413.0,88.3,1951.2,6344.333,-8820.0,16184.467,0,2,79.251
2016.03,11,0.92,58.8,100.212,14010.0,74.35,260413.0,88.3,1951.2,6344.333,-8820.0,16184.467,0,3,79.047
2016.03,11,0.92,58.8,100.212,14010.0,74.35,260413.0,88.3,1951.2,6344.333,-8820.0,16184.467,0,4,82.094
2016.03,11,0.92,58.8,100.212,14010.0,74.35,260413.0,88.3,1951.2,6344.333,-8820.0,16184.467,0,5,83.095
2016.03,11,0.92,58.8,100.212,14010.0,74.35,260413.0,88.3,1951.2,6344.333,-8820.0,16184.467,1,1,91.482
2016.03,11,0.92,58.8,100.212,14010.0,74.35,260413.0,88.3,1951.2,6344.333,-8820.0,16184.467,1,2,92.05
2016.03,11,0.92,58.8,100.212,14010.0,74.35,260413.0,88.3,1951.2,6344.333,-8820.0,16184.467,1,3,91.788
2016.04,11,0.91,59.3,99.947,14028.0,74.675,260706.0,88.5,1949.4,6332.5,-10658.0,16175.6,0,1,76.42
2016.04,11,0.91,59.3,99.947,14028.0,74.675,260706.0,88.5,1949.4,6332.5,-10658.0,16175.6,0,2,79.311
2016.04,11,0.91,59.3,99.947,14028.0,74.675,260706.0,88.5,1949.4,6332.5,-10658.0,16175.6,0,3,79.099
2016.04,11,0.91,59.3,99.947,14028.0,74.675,260706.0,88.5,1949.4,6332.5,-10658.0,16175.6,0,4,82.15
2016.04,11,0.91,59.3,99.947,14028.0,74.675,260706.0,88.5,1949.4,6332.5,-10658.0,16175.6,0,5,83.121
2016.04,11,0.91,59.3,99.947,14028.0,74.675,260706.0,88.5,1949.4,6332.5,-10658.0,16175.6,1,1,91.54
2016.04,11,0.91,59.3,99.947,14028.0,74.675,260706.0,88.5,1949.4,6332.5,-10658.0,16175.6,1,2,92.098
2016.04,11,0.91,59.3,99.947,14028.0,74.675,260706.0,88.5,1949.4,6332.5,-10658.0,16175.6,1,3,91.805
2016.05,11,0.91,60.2,99.683,14046.0,75.0,260999.0,88.8,1947.6,6320.667,-11958.0,16166.733,0,1,76.638
2016.05,11,0.91,60.2,99.683,14046.0,75.0,260999.0,88.8,1947.6,6320.667,-11958.0,16166.733,0,2,79.471
2016.05,11,0.91,60.2,99.683,14046.0,75.0,260999.0,88.8,1947.6,6320.667,-11958.0,16166.733,0,3,79.316
2016.05,11,0.91,60.2,99.683,14046.0,75.0,260999.0,88.8,1947.6,6320.667,-11958.0,16166.733,0,4,82.231
2016.05,11,0.91,60.2,99.683,14046.0,75.0,260999.0,88.8,1947.6,6320.667,-11958.0,16166.733,0,5,83.193
2016.05,11,0.91,60.2,99.683,14046.0,75.0,260999.0,88.8,1947.6,6320.667,-11958.0,16166.733,1,1,91.608
2016.05,11,0.91,60.2,99.683,14046.0,75.0,260999.0,88.8,1947.6,6320.667,-11958.0,16166.733,1,2,92.143
2016.05,11,0.91,60.2,99.683,14046.0,75.0,260999.0,88.8,1947.6,6320.667,-11958.0,16166.733,1,3,91.863
2016.06,11,0.9,60.4,99.419,14064.0,75.325,261292.0,89.0,1945.8,6308.833,-12064.0,16157.867,0,1,76.943
2016.06,11,0.9,60.4,99.419,14064.0,75.325,261292.0,89.0,1945.8,6308.833,-12064.0,16157.867,0,2,79.718
2016.06,11,0.9,60.4,99.419,14064.0,75.325,261292.0,89.0,1945.8,6308.833,-12064.0,16157.867,0,3,79.771
2016.06,11,0.9,60.4,99.419,14064.0,75.325,261292.0,89.0,1945.8,6308.833,-12064.0,16157.867,0,4,82.433
2016.06,11,0.9,60.4,99.419,14064.0,75.325,261292.0,89.0,1945.8,6308.833,-12064.0,16157.867,0,5,83.433
2016.06,11,0.9,60.4,99.419,14064.0,75.325,261292.0,89.0,1945.8,6308.833,-12064.0,16157.867,1,1,91.675
2016.06,11,0.9,60.4,99.419,14064.0,75.325,261292.0,89.0,1945.8,6308.833,-12064.0,16157.867,1,2,92.213
2016.06,11,0.9,60.4,99.419,14064.0,75.325,261292.0,89.0,1945.8,6308.833,-12064.0,16157.867,1,3,91.897
2016.07,11,0.89,60.4,99.155,14082.0,75.65,261586.0,89.2,1944.0,6297.0,-12845.0,16149.0,0,1,77.279
2016.07,11,0.89,60.4,99.155,14082.0,75.65,261586.0,89.2,1944.0,6297.0,-12845.0,16149.0,0,2,79.957
2016.07,11,0.89,60.4,99.155,14082.0,75.65,261586.0,89.2,1944.0,6297.0,-12845.0,16149.0,0,3,80.126
2016.07,11,0.89,60.4,99.155,14082.0,75.65,261586.0,89.2,1944.0,6297.0,-12845.0,16149.0,0,4,82.671
2016.07,11,0.89,60.4,99.155,14082.0,75.65,261586.0,89.2,1944.0,6297.0,-12845.0,16149.0,0,5,83.627
2016.07,11,0.89,60.4,99.155,14082.0,75.65,261586.0,89.2,1944.0,6297.0,-12845.0,16149.0,1,1,91.76
2016.07,11,0.89,60.4,99.155,14082.0,75.65,261586.0,89.2,1944.0,6297.0,-12845.0,16149.0,1,2,92.274
2016.07,11,0.89,60.4,99.155,14082.0,75.65,261586.0,89.2,1944.0,6297.0,-12845.0,16149.0,1,3,91.893
2016.08,11,0.88,60.0,98.891,14099.0,75.975,261879.0,89.4,1942.2,6285.167,-14671.0,16140.133,0,1,77.666
2016.08,11,0.88,60.0,98.891,14099.0,75.975,261879.0,89.4,1942.2,6285.167,-14671.0,16140.133,0,2,80.229
2016.08,11,0.88,60.0,98.891,14099.0,75.975,261879.0,89.4,1942.2,6285.167,-14671.0,16140.133,0,3,80.577
2016.08,11,0.88,60.0,98.891,14099.0,75.975,261879.0,89.4,1942.2,6285.167,-14671.0,16140.133,0,4,82.912
2016.08,11,0.88,60.0,98.891,14099.0,75.975,261879.0,89.4,1942.2,6285.167,-14671.0,16140.133,0,5,83.823
2016.08,11,0.88,60.0,98.891,14099.0,75.975,261879.0,89.4,1942.2,6285.167,-14671.0,16140.133,1,1,91.847
2016.08,11,0.88,60.0,98.891,14099.0,75.975,261879.0,89.4,1942.2,6285.167,-14671.0,16140.133,1,2,92.37
2016.08,11,0.88,60.0,98.891,14099.0,75.975,261879.0,89.4,1942.2,6285.167,-14671.0,16140.133,1,3,92.008
2016.09,11,0.87,60.2,98.627,14117.0,76.3,262172.0,89.6,1940.4,6273.333,-10910.0,16131.267,0,1,78.041
2016.09,11,0.87,60.2,98.627,14117.0,76.3,262172.0,89.6,1940.4,6273.333,-10910.0,16131.267,0,2,80.515
2016.09,11,0.87,60.2,98.627,14117.0,76.3,262172.0,89.6,1940.4,6273.333,-10910.0,16131.267,0,3,81.014
2016.09,11,0.87,60.2,98.627,14117.0,76.3,262172.0,89.6,1940.4,6273.333,-10910.0,16131.267,0,4,83.144
2016.09,11,0.87,60.2,98.627,14117.0,76.3,262172.0,89.6,1940.4,6273.333,-10910.0,16131.267,0,5,84.146
2016.09,11,0.87,60.2,98.627,14117.0,76.3,262172.0,89.6,1940.4,6273.333,-10910.0,16131.267,1,1,91.946
2016.09,11,0.87,60.2,98.627,14117.0,76.3,262172.0,89.6,1940.4,6273.333,-10910.0,16131.267,1,2,92.459
2016.09,11,0.87,60.2,98.627,14117.0,76.3,262172.0,89.6,1940.4,6273.333,-10910.0,16131.267,1,3,92.092
2016.1,11,0.86,60.5,98.362,14135.0,76.625,262465.0,89.8,1938.6,6261.5,-13258.0,16122.4,0,1,78.682
2016.1,11,0.86,60.5,98.362,14135.0,76.625,262465.0,89.8,1938.6,6261.5,-13258.0,16122.4,0,2,81.004
2016.1,11,0.86,60.5,98.362,14135.0,76.625,262465.0,89.8,1938.6,6261.5,-13258.0,16122.4,0,3,82.072
2016.1,11,0.86,60.5,98.362,14135.0,76.625,262465.0,89.8,1938.6,6261.5,-13258.0,16122.4,0,4,83.564
2016.1,11,0.86,60.5,98.362,14135.0,76.625,262465.0,89.8,1938.6,6261.5,-13258.0,16122.4,0,5,84.593
2016.1,11,0.86,60.5,98.362,14135.0,76.625,262465.0,89.8,1938.6,6261.5,-13258.0,16122.4,1,1,92.074
2016.1,11,0.86,60.5,98.362,14135.0,76.625,262465.0,89.8,1938.6,6261.5,-13258.0,16122.4,1,2,92.538
2016.1,11,0.86,60.5,98.362,14135.0,76.625,262465.0,89.8,1938.6,6261.5,-13258.0,16122.4,1,3,92.185
2016.11,11,0.85,60.5,98.098,14153.0,76.95,262758.0,90.1,1936.8,6249.667,-14582.0,16113.533,0,1,79.272
2016.11,11,0.85,60.5,98.098,14153.0,76.95,262758.0,90.1,1936.8,6249.667,-14582.0,16113.533,0,2,81.397
2016.11,11,0.85,60.5,98.098,14153.0,76.95,262758.0,90.1,1936.8,6249.667,-14582.0,16113.533,0,3,82.855
2016.11,11,0.85,60.5,98.098,14153.0,76.95,262758.0,90.1,1936.8,6249.667,-14582.0,16113.533,0,4,83.908
2016.11,11,0.85,60.5,98.098,14153.0,76.95,262758.0,90.1,1936.8,6249.667,-14582.0,16113.533,0,5,84.775
2016.11,11,0.85,60.5,98.098,14153.0,76.95,262758.0,90.1,1936.8,6249.667,-14582.0,16113.533,1,1,92.126
2016.11,11,0.85,60.5,98.098,14153.0,76.95,262758.0,90.1,1936.8,6249.667,-14582.0,16113.533,1,2,92.574
2016.11,11,0.85,60.5,98.098,14153.0,76.95,262758.0,90.1,1936.8,6249.667,-14582.0,16113.533,1,3,92.218
2016.12,11,0.84,60.3,97.834,14171.0,77.275,263051.0,90.3,1935.0,6237.833,-15426.0,16104.667,0,1,79.447
2016.12,11,0.84,60.3,97.834,14171.0,77.275,263051.0,90.3,1935.0,6237.833,-15426.0,16104.667,0,2,81.511
2016.12,11,0.84,60.3,97.834,14171.0,77.275,263051.0,90.3,1935.0,6237.833,-15426.0,16104.667,0,3,82.795
2016.12,11,0.84,60.3,97.834,14171.0,77.275,263051.0,90.3,1935.0,6237.833,-15426.0,16104.667,0,4,83.931
2016.12,11,0.84,60.3,97.834,14171.0,77.275,263051.0,90.3,1935.0,6237.833,-15426.0,16104.667,0,5,84.715
2016.12,11,0.84,60.3,97.834,14171.0,77.275,263051.0,90.3,1935.0,6237.833,-15426.0,16104.667,1,1,92.167
2016.12,11,0.84,60.3,97.834,14171.0,77.275,263051.0,90.3,1935.0,6237.833,-15426.0,16104.667,1,2,92.615
2016.12,11,0.84,60.3,97.834,14171.0,77.275,263051.0,90.3,1935.0,6237.833,-15426.0,16104.667,1,3,92.249
2017.01,11,0.84,59.4,97.57,14189.0,77.6,263344.0,90.5,1933.2,6226.0,-2518.0,16095.8,0,1,79.527
2017.01,11,0.84,59.4,97.57,14189.0,77.6,263344.0,90.5,1933.2,6226.0,-2518.0,16095.8,0,2,81.537
2017.01,11,0.84,59.4,97.57,14189.0,77.6,263344.0,90.5,1933.2,6226.0,-2518.0,16095.8,0,3,82.698
2017.01,11,0.84,59.4,97.57,14189.0,77.6,263344.0,90.5,1933.2,6226.0,-2518.0,16095.8,0,4,83.883
2017.01,11,0.84,59.4,97.57,14189.0,77.6,263344.0,90.5,1933.2,6226.0,-2518.0,16095.8,0,5,84.603
2017.01,11,0.84,59.4,97.57,14189.0,77.6,263344.0,90.5,1933.2,6226.0,-2518.0,16095.8,1,1,92.185
2017.01,11,0.84,59.4,97.57,14189.0,77.6,263344.0,90.5,1933.2,6226.0,-2518.0,16095.8,1,2,92.624
2017.01,11,0.84,59.4,97.57,14189.0,77.6,263344.0,90.5,1933.2,6226.0,-2518.0,16095.8,1,3,92.284
2017.02,11,0.83,59.7,97.24,14180.0,77.792,263610.0,90.6,1938.0,6207.833,-1548.0,16086.458,0,1,79.604
2017.02,11,0.83,59.7,97.24,14180.0,77.792,263610.0,90.6,1938.0,6207.833,-1548.0,16086.458,0,2,81.601
2017.02,11,0.83,59.7,97.24,14180.0,77.792,263610.0,90.6,1938.0,6207.833,-1548.0,16086.458,0,3,82.817
2017.02,11,0.83,59.7,97.24,14180.0,77.792,263610.0,90.6,1938.0,6207.833,-1548.0,16086.458,0,4,83.887
2017.02,11,0.83,59.7,97.24,14180.0,77.792,263610.0,90.6,1938.0,6207.833,-1548.0,16086.458,0,5,84.55
2017.02,11,0.83,59.7,97.24,14180.0,77.792,263610.0,90.6,1938.0,6207.833,-1548.0,16086.458,1,1,92.209
2017.02,11,0.83,59.7,97.24,14180.0,77.792,263610.0,90.6,1938.0,6207.833,-1548.0,16086.458,1,2,92.652
2017.02,11,0.83,59.7,97.24,14180.0,77.792,263610.0,90.6,1938.0,6207.833,-1548.0,16086.458,1,3,92.339
2017.03,11,0.82,59.7,96.91,14171.0,77.983,263876.0,90.7,1942.8,6189.667,-4699.0,16077.117,0,1,79.746
2017.03,11,0.82,59.7,96.91,14171.0,77.983,263876.0,90.7,1942.8,6189.667,-4699.0,16077.117,0,2,81.739
2017.03,11,0.82,59.7,96.91,14171.0,77.983,263876.0,90.7,1942.8,6189.667,-4699.0,16077.117,0,3,83.01
2017.03,11,0.82,59.7,96.91,14171.0,77.983,263876.0,90.7,1942.8,6189.667,-4699.0,16077.117,0,4,83.974
2017.03,11,0.82,59.7,96.91,14171.0,77.983,263876.0,90.7,1942.8,6189.667,-4699.0,16077.117,0,5,84.688
2017.03,11,0.82,59.7,96.91,14171.0,77.983,263876.0,90.7,1942.8,6189.667,-4699.0,16077.117,1,1,92.285
2017.03,11,0.82,59.7,96.91,14171.0,77.983,263876.0,90.7,1942.8,6189.667,-4699.0,16077.117,1,2,92.747
2017.03,11,0.82,59.7,96.91,14171.0,77.983,263876.0,90.7,1942.8,6189.667,-4699.0,16077.117,1,3,92.436
2017.04,11,0.82,59.9,96.58,14162.0,78.175,264141.0,90.7,1947.6,6171.5,-6375.0,16067.775,0,1,80.054
2017.04,11,0.82,59.9,96.58,14162.0,78.175,264141.0,90.7,1947.6,6171.5,-6375.0,16067.775,0,2,81.93
2017.04,11,0.82,59.9,96.58,14162.0,78.175,264141.0,90.7,1947.6,6171.5,-6375.0,16067.775,0,3,83.265
2017.04,11,0.82,59.9,96.58,14162.0,78.175,264141.0,90.7,1947.6,6171.5,-6375.0,16067.775,0,4,84.126
2017.04,11,0.82,59.9,96.58,14162.0,78.175,264141.0,90.7,1947.6,6171.5,-6375.0,16067.775,0,5,84.892
2017.04,11,0.82,59.9,96.58,14162.0,78.175,264141.0,90.7,1947.6,6171.5,-6375.0,16067.775,1,1,92.439
2017.04,11,0.82,59.9,96.58,14162.0,78.175,264141.0,90.7,1947.6,6171.5,-6375.0,16067.775,1,2,92.905
2017.04,11,0.82,59.9,96.58,14162.0,78.175,264141.0,90.7,1947.6,6171.5,-6375.0,16067.775,1,3,92.579
2017.05,11,0.81,60.5,96.25,14153.0,78.367,264407.0,90.8,1952.4,6153.333,-6590.0,16058.433,0,1,80.515
2017.05,11,0.81,60.5,96.25,14153.0,78.367,264407.0,90.8,1952.4,6153.333,-6590.0,16058.433,0,2,82.292
2017.05,11,0.81,60.5,96.25,14153.0,78.367,264407.0,90.8,1952.4,6153.333,-6590.0,16058.433,0,3,83.768
2017.05,11,0.81,60.5,96.25,14153.0,78.367,264407.0,90.8,1952.4,6153.333,-6590.0,16058.433,0,4,84.318
2017.05,11,0.81,60.5,96.25,14153.0,78.367,264407.0,90.8,1952.4,6153.333,-6590.0,16058.433,0,5,85.192
2017.05,11,0.81,60.5,96.25,14153.0,78.367,264407.0,90.8,1952.4,6153.333,-6590.0,16058.433,1,1,92.641
2017.05,11,0.81,60.5,96.25,14153.0,78.367,264407.0,90.8,1952.4,6153.333,-6590.0,16058.433,1,2,93.137
2017.05,11,0.81,60.5,96.25,14153.0,78.367,264407.0,90.8,1952.4,6153.333,-6590.0,16058.433,1,3,92.776
2017.06,11,0.8,60.8,95.92,14144.0,78.558,264673.0,90.9,1957.2,6135.167,-6045.0,16049.092,0,1,81.378
2017.06,11,0.8,60.8,95.92,14144.0,78.558,264673.0,90.9,1957.2,6135.167,-6045.0,16049.092,0,2,83.104
2017.06,11,0.8,60.8,95.92,14144.0,78.558,264673.0,90.9,1957.2,6135.167,-6045.0,16049.092,0,3,85.012
2017.06,11,0.8,60.8,95.92,14144.0,78.558,264673.0,90.9,1957.2,6135.167,-6045.0,16049.092,0,4,84.972
2017.06,11,0.8,60.8,95.92,14144.0,78.558,264673.0,90.9,1957.2,6135.167,-6045.0,16049.092,0,5,85.866
2017.06,11,0.8,60.8,95.92,14144.0,78.558,264673.0,90.9,1957.2,6135.167,-6045.0,16049.092,1,1,92.914
2017.06,11,0.8,60.8,95.92,14144.0,78.558,264673.0,90.9,1957.2,6135.167,-6045.0,16049.092,1,2,93.389
2017.06,11,0.8,60.8,95.92,14144.0,78.558,264673.0,90.9,1957.2,6135.167,-6045.0,16049.092,1,3,92.992
2017.07,11,0.8,61.0,95.59,14134.0,78.75,264938.0,91.0,1962.0,6117.0,-8243.0,16039.75,0,1,81.974
2017.07,11,0.8,61.0,95.59,14134.0,78.75,264938.0,91.0,1962.0,6117.0,-8243.0,16039.75,0,2,83.464
2017.07,11,0.8,61.0,95.59,14134.0,78.75,264938.0,91.0,1962.0,6117.0,-8243.0,16039.75,0,3,85.325
2017.07,11,0.8,61.0,95.59,14134.0,78.75,264938.0,91.0,1962.0,6117.0,-8243.0,16039.75,0,4,85.227
2017.07,11,0.8,61.0,95.59,14134.0,78.75,264938.0,91.0,1962.0,6117.0,-8243.0,16039.75,0,5,86.128
2017.07,11,0.8,61.0,95.59,14134.0,78.75,264938.0,91.0,1962.0,6117.0,-8243.0,16039.75,1,1,93.17
2017.07,11,0.8,61.0,95.59,14134.0,78.75,264938.0,91.0,1962.0,6117.0,-8243.0,16039.75,1,2,93.617
2017.07,11,0.8,61.0,95.59,14134.0,78.75,264938.0,91.0,1962.0,6117.0,-8243.0,16039.75,1,3,93.254
2017.08,11,0.79,60.6,95.26,14125.0,78.942,265204.0,91.0,1966.8,6098.833,-8991.0,16030.408,0,1,82.599
2017.08,11,0.79,60.6,95.26,14125.0,78.942,265204.0,91.0,1966.8,6098.833,-8991.0,16030.408,0,2,83.96
2017.08,11,0.79,60.6,95.26,14125.0,78.942,265204.0,91.0,1966.8,6098.833,-8991.0,16030.408,0,3,85.856
2017.08,11,0.79,60.6,95.26,14125.0,78.942,265204.0,91.0,1966.8,6098.833,-8991.0,16030.408,0,4,85.552
2017.08,11,0.79,60.6,95.26,14125.0,78.942,265204.0,91.0,1966.8,6098.833,-8991.0,16030.408,0,5,86.446
2017.08,11,0.79,60.6,95.26,14125.0,78.942,265204.0,91.0,1966.8,6098.833,-8991.0,16030.408,1,1,93.337
2017.08,11,0.79,60.6,95.26,14125.0,78.942,265204.0,91.0,1966.8,6098.833,-8991.0,16030.408,1,2,93.813
2017.08,11,0.79,60.6,95.26,14125.0,78.942,265204.0,91.0,1966.8,6098.833,-8991.0,16030.408,1,3,93.323
2017.09,11,0.79,60.4,94.93,14116.0,79.133,265470.0,91.1,1971.6,6080.667,-13331.0,16021.067,0,1,82.583
2017.09,11,0.79,60.4,94.93,14116.0,79.133,265470.0,91.1,1971.6,6080.667,-13331.0,16021.067,0,2,83.963
2017.09,11,0.79,60.4,94.93,14116.0,79.133,265470.0,91.1,1971.6,6080.667,-13331.0,16021.067,0,3,85.853
2017.09,11,0.79,60.4,94.93,14116.0,79.133,265470.0,91.1,1971.6,6080.667,-13331.0,16021.067,0,4,85.557
2017.09,11,0.79,60.4,94.93,14116.0,79.133,265470.0,91.1,1971.6,6080.667,-13331.0,16021.067,0,5,86.393
2017.09,11,0.79,60.4,94.93,14116.0,79.133,265470.0,91.1,1971.6,6080.667,-13331.0,16021.067,1,1,93.429
2017.09,11,0.79,60.4,94.93,14116.0,79.133,265470.0,91.1,1971.6,6080.667,-13331.0,16021.067,1,2,93.889
2017.09,11,0.79,60.4,94.93,14116.0,79.133,265470.0,91.1,1971.6,6080.667,-13331.0,16021.067,1,3,93.375
2017.1,11,0.78,60.4,94.6,14107.0,79.325,265736.0,91.2,1976.4,6062.5,-10741.0,16011.725,0,1,82.786
2017.1,11,0.78,60.4,94.6,14107.0,79.325,265736.0,91.2,1976.4,6062.5,-10741.0,16011.725,0,2,84.209
2017.1,11,0.78,60.4,94.6,14107.0,79.325,265736.0,91.2,1976.4,6062.5,-10741.0,16011.725,0,3,86.12
2017.1,11,0.78,60.4,94.6,14107.0,79.325,265736.0,91.2,1976.4,6062.5,-10741.0,16011.725,0,4,85.728
2017.1,11,0.78,60.4,94.6,14107.0,79.325,265736.0,91.2,1976.4,6062.5,-10741.0,16011.725,0,5,86.527
2017.1,11,0.78,60.4,94.6,14107.0,79.325,265736.0,91.2,1976.4,6062.5,-10741.0,16011.725,1,1,93.589
2017.1,11,0.78,60.4,94.6,14107.0,79.325,265736.0,91.2,1976.4,6062.5,-10741.0,16011.725,1,2,94.053
2017.1,11,0.78,60.4,94.6,14107.0,79.325,265736.0,91.2,1976.4,6062.5,-10741.0,16011.725,1,3,93.473
2017.11,11,0.77,60.3,94.27,14098.0,79.517,266002.0,91.2,1981.2,6044.333,-14687.0,16002.383,0,0,92.233
2017.11,11,0.77,60.3,94.27,14098.0,79.517,266002.0,91.2,1981.2,6044.333,-14687.0,16002.383,0,1,83.06
2017.11,11,0.77,60.3,94.27,14098.0,79.517,266002.0,91.2,1981.2,6044.333,-14687.0,16002.383,0,2,84.642
2017.11,11,0.77,60.3,94.27,14098.0,79.517,266002.0,91.2,1981.2,6044.333,-14687.0,16002.383,0,3,86.616
2017.11,11,0.77,60.3,94.27,14098.0,79.517,266002.0,91.2,1981.2,6044.333,-14687.0,16002.383,0,4,85.985
2017.11,11,0.77,60.3,94.27,14098.0,79.517,266002.0,91.2,1981.2,6044.333,-14687.0,16002.383,0,5,86.92
2017.11,11,0.77,60.3,94.27,14098.0,79.517,266002.0,91.2,1981.2,6044.333,-14687.0,16002.383,1,0,93.097
2017.11,11,0.77,60.3,94.27,14098.0,79.517,266002.0,91.2,1981.2,6044.333,-14687.0,16002.383,1,1,93.86
2017.11,11,0.77,60.3,94.27,14098.0,79.517,266002.0,91.2,1981.2,6044.333,-14687.0,16002.383,1,2,94.253
2017.11,11,0.77,60.3,94.27,14098.0,79.517,266002.0,91.2,1981.2,6044.333,-14687.0,16002.383,1,3,93.707
2017.12,11,0.77,59.9,93.94,14089.0,79.708,266267.0,91.3,1986.0,6026.167,-14718.0,15993.042,0,0,92.691
2017.12,11,0.77,59.9,93.94,14089.0,79.708,266267.0,91.3,1986.0,6026.167,-14718.0,15993.042,0,1,83.645
2017.12,11,0.77,59.9,93.94,14089.0,79.708,266267.0,91.3,1986.0,6026.167,-14718.0,15993.042,0,2,85.384
2017.12,11,0.77,59.9,93.94,14089.0,79.708,266267.0,91.3,1986.0,6026.167,-14718.0,15993.042,0,3,87.655
2017.12,11,0.77,59.9,93.94,14089.0,79.708,266267.0,91.3,1986.0,6026.167,-14718.0,15993.042,0,4,86.768
2017.12,11,0.77,59.9,93.94,14089.0,79.708,266267.0,91.3,1986.0,6026.167,-14718.0,15993.042,0,5,87.88
2017.12,11,0.77,59.9,93.94,14089.0,79.708,266267.0,91.3,1986.0,6026.167,-14718.0,15993.042,1,0,93.37
2017.12,11,0.77,59.9,93.94,14089.0,79.708,266267.0,91.3,1986.0,6026.167,-14718.0,15993.042,1,1,94.077
2017.12,11,0.77,59.9,93.94,14089.0,79.708,266267.0,91.3,1986.0,6026.167,-14718.0,15993.042,1,2,94.416
2017.12,11,0.77,59.9,93.94,14089.0,79.708,266267.0,91.3,1986.0,6026.167,-14718.0,15993.042,1,3,93.892
2018.01,11,0.76,59.8,93.61,14080.0,79.9,266533.0,91.4,1990.8,6008.0,-7155.0,15983.7,0,0,93.368
2018.01,11,0.76,59.8,93.61,14080.0,79.9,266533.0,91.4,1990.8,6008.0,-7155.0,15983.7,0,1,84.717
2018.01,11,0.76,59.8,93.61,14080.0,79.9,266533.0,91.4,1990.8,6008.0,-7155.0,15983.7,0,2,86.544
2018.01,11,0.76,59.8,93.61,14080.0,79.9,266533.0,91.4,1990.8,6008.0,-7155.0,15983.7,0,3,89.215
2018.01,11,0.76,59.8,93.61,14080.0,79.9,266533.0,91.4,1990.8,6008.0,-7155.0,15983.7,0,4,87.982
2018.01,11,0.76,59.8,93.61,14080.0,79.9,266533.0,91.4,1990.8,6008.0,-7155.0,15983.7,0,5,89.501
2018.01,11,0.76,59.8,93.61,14080.0,79.9,266533.0,91.4,1990.8,6008.0,-7155.0,15983.7,1,0,93.65
2018.01,11,0.76,59.8,93.61,14080.0,79.9,266533.0,91.4,1990.8,6008.0,-7155.0,15983.7,1,1,94.289
2018.01,11,0.76,59.8,93.61,14080.0,79.9,266533.0,91.4,1990.8,6008.0,-7155.0,15983.7,1,2,94.694
2018.01,11,0.76,59.8,93.61,14080.0,79.9,266533.0,91.4,1990.8,6008.0,-7155.0,15983.7,1,3,94.123
2018.02,11,0.76,59.3,93.291,14077.0,79.908,267994.0,91.5,1996.4,5982.167,-7234.0,15978.967,0,0,94.027
2018.02,11,0.76,59.3,93.291,14077.0,79.908,267994.0,91.5,1996.4,5982.167,-7234.0,15978.967,0,1,85.842
2018.02,11,0.76,59.3,93.291,14077.0,79.908,267994.0,91.5,1996.4,5982.167,-7234.0,15978.967,0,2,87.749
2018.02,11,0.76,59.3,93.291,14077.0,79.908,267994.0,91.5,1996.4,5982.167,-7234.0,15978.967,0,3,90.62
2018.02,11,0.76,59.3,93.291,14077.0,79.908,267994.0,91.5,1996.4,5982.167,-7234.0,15978.967,0,4,89.377
2018.02,11,0.76,59.3,93.291,14077.0,79.908,267994.0,91.5,1996.4,5982.167,-7234.0,15978.967,0,5,91.055
2018.02,11,0.76,59.3,93.291,14077.0,79.908,267994.0,91.5,1996.4,5982.167,-7234.0,15978.967,1,0,94.128
2018.02,11,0.76,59.3,93.291,14077.0,79.908,267994.0,91.5,1996.4,5982.167,-7234.0,15978.967,1,1,94.6
2018.02,11,0.76,59.3,93.291,14077.0,79.908,267994.0,91.5,1996.4,5982.167,-7234.0,15978.967,1,2,94.995
2018.02,11,0.76,59.3,93.291,14077.0,79.908,267994.0,91.5,1996.4,5982.167,-7234.0,15978.967,1,3,94.582
2018.03,11,0.75,59.6,92.972,14074.0,79.917,269456.0,91.5,2002.0,5956.333,-7978.0,15974.233,0,0,94.412
2018.03,11,0.75,59.6,92.972,14074.0,79.917,269456.0,91.5,2002.0,5956.333,-7978.0,15974.233,0,1,86.52
2018.03,11,0.75,59.6,92.972,14074.0,79.917,269456.0,91.5,2002.0,5956.333,-7978.0,15974.233,0,2,88.465
2018.03,11,0.75,59.6,92.972,14074.0,79.917,269456.0,91.5,2002.0,5956.333,-7978.0,15974.233,0,3,91.342
2018.03,11,0.75,59.6,92.972,14074.0,79.917,269456.0,91.5,2002.0,5956.333,-7978.0,15974.233,0,4,90.084
2018.03,11,0.75,59.6,92.972,14074.0,79.917,269456.0,91.5,2002.0,5956.333,-7978.0,15974.233,0,5,91.632
2018.03,11,0.75,59.6,92.972,14074.0,79.917,269456.0,91.5,2002.0,5956.333,-7978.0,15974.233,1,0,94.378
2018.03,11,0.75,59.6,92.972,14074.0,79.917,269456.0,91.5,2002.0,5956.333,-7978.0,15974.233,1,1,94.795
2018.03,11,0.75,59.6,92.972,14074.0,79.917,269456.0,91.5,2002.0,5956.333,-7978.0,15974.233,1,2,95.244
2018.03,11,0.75,59.6,92.972,14074.0,79.917,269456.0,91.5,2002.0,5956.333,-7978.0,15974.233,1,3,94.891
2018.04,11,0.75,59.7,92.653,14071.0,79.925,270917.0,91.6,2007.6,5930.5,-10067.0,15969.5,0,0,94.791
2018.04,11,0.75,59.7,92.653,14071.0,79.925,270917.0,91.6,2007.6,5930.5,-10067.0,15969.5,0,1,86.767
2018.04,11,0.75,59.7,92.653,14071.0,79.925,270917.0,91.6,2007.6,5930.5,-10067.0,15969.5,0,2,88.911
2018.04,11,0.75,59.7,92.653,14071.0,79.925,270917.0,91.6,2007.6,5930.5,-10067.0,15969.5,0,3,91.544
2018.04,11,0.75,59.7,92.653,14071.0,79.925,270917.0,91.6,2007.6,5930.5,-10067.0,15969.5,0,4,90.346
2018.04,11,0.75,59.7,92.653,14071.0,79.925,270917.0,91.6,2007.6,5930.5,-10067.0,15969.5,0,5,91.739
2018.04,11,0.75,59.7,92.653,14071.0,79.925,270917.0,91.6,2007.6,5930.5,-10067.0,15969.5,1,0,94.554
2018.04,11,0.75,59.7,92.653,14071.0,79.925,270917.0,91.6,2007.6,5930.5,-10067.0,15969.5,1,1,94.943
2018.04,11,0.75,59.7,92.653,14071.0,79.925,270917.0,91.6,2007.6,5930.5,-10067.0,15969.5,1,2,95.452
2018.04,11,0.75,59.7,92.653,14071.0,79.925,270917.0,91.6,2007.6,5930.5,-10067.0,15969.5,1,3,95.042
2018.05,11,0.75,59.7,92.333,14068.0,79.933,272378.0,91.7,2013.2,5904.667,-11298.0,15964.767,0,0,94.768
2018.05,11,0.75,59.7,92.333,14068.0,79.933,272378.0,91.7,2013.2,5904.667,-11298.0,15964.767,0,1,86.953
2018.05,11,0.75,59.7,92.333,14068.0,79.933,272378.0,91.7,2013.2,5904.667,-11298.0,15964.767,0,2,89.16
2018.05,11,0.75,59.7,92.333,14068.0,79.933,272378.0,91.7,2013.2,5904.667,-11298.0,15964.767,0,3,91.739
2018.05,11,0.75,59.7,92.333,14068.0,79.933,272378.0,91.7,2013.2,5904.667,-11298.0,15964.767,0,4,90.589
2018.05,11,0.75,59.7,92.333,14068.0,79.933,272378.0,91.7,2013.2,5904.667,-11298.0,15964.767,0,5,91.69
2018.05,11,0.75,59.7,92.333,14068.0,79.933,272378.0,91.7,2013.2,5904.667,-11298.0,15964.767,1,0,94.677
2018.05,11,0.75,59.7,92.333,14068.0,79.933,272378.0,91.7,2013.2,5904.667,-11298.0,15964.767,1,1,95.047
2018.05,11,0.75,59.7,92.333,14068.0,79.933,272378.0,91.7,2013.2,5904.667,-11298.0,15964.767,1,2,95.584
2018.05,11,0.75,59.7,92.333,14068.0,79.933,272378.0,91.7,2013.2,5904.667,-11298.0,15964.767,1,3,95.173
2018.06,11,0.74,60.1,92.014,14065.0,79.942,273839.0,91.7,2018.8,5878.833,-8522.0,15960.033,0,0,94.647
2018.06,11,0.74,60.1,92.014,14065.0,79.942,273839.0,91.7,2018.8,5878.833,-8522.0,15960.033,0,1,87.221
2018.06,11,0.74,60.1,92.014,14065.0,79.942,273839.0,91.7,2018.8,5878.833,-8522.0,15960.033,0,2,89.378
2018.06,11,0.74,60.1,92.014,14065.0,79.942,273839.0,91.7,2018.8,5878.833,-8522.0,15960.033,0,3,91.782
2018.06,11,0.74,60.1,92.014,14065.0,79.942,273839.0,91.7,2018.8,5878.833,-8522.0,15960.033,0,4,90.784
2018.06,11,0.74,60.1,92.014,14065.0,79.942,273839.0,91.7,2018.8,5878.833,-8522.0,15960.033,0,5,91.626
2018.06,11,0.74,60.1,92.014,14065.0,79.942,273839.0,91.7,2018.8,5878.833,-8522.0,15960.033,1,0,94.876
2018.06,11,0.74,60.1,92.014,14065.0,79.942,273839.0,91.7,2018.8,5878.833,-8522.0,15960.033,1,1,95.208
2018.06,11,0.74,60.1,92.014,14065.0,79.942,273839.0,91.7,2018.8,5878.833,-8522.0,15960.033,1,2,95.73
2018.06,11,0.74,60.1,92.014,14065.0,79.942,273839.0,91.7,2018.8,5878.833,-8522.0,15960.033,1,3,95.326
2018.07,11,0.74,59.9,91.695,14062.0,79.95,275300.0,91.8,2024.4,5853.0,-9401.0,15955.3,0,0,94.982
2018.07,11,0.74,59.9,91.695,14062.0,79.95,275300.0,91.8,2024.4,5853.0,-9401.0,15955.3,0,1,87.503
2018.07,11,0.74,59.9,91.695,14062.0,79.95,275300.0,91.8,2024.4,5853.0,-9401.0,15955.3,0,2,89.753
2018.07,11,0.74,59.9,91.695,14062.0,79.95,275300.0,91.8,2024.4,5853.0,-9401.0,15955.3,0,3,91.865
2018.07,11,0.74,59.9,91.695,14062.0,79.95,275300.0,91.8,2024.4,5853.0,-9401.0,15955.3,0,4,91.057
2018.07,11,0.74,59.9,91.695,14062.0,79.95,275300.0,91.8,2024.4,5853.0,-9401.0,15955.3,0,5,91.556
2018.07,11,0.74,59.9,91.695,14062.0,79.95,275300.0,91.8,2024.4,5853.0,-9401.0,15955.3,1,0,95.127
2018.07,11,0.74,59.9,91.695,14062.0,79.95,275300.0,91.8,2024.4,5853.0,-9401.0,15955.3,1,1,95.413
2018.07,11,0.74,59.9,91.695,14062.0,79.95,275300.0,91.8,2024.4,5853.0,-9401.0,15955.3,1,2,95.962
2018.07,11,0.74,59.9,91.695,14062.0,79.95,275300.0,91.8,2024.4,5853.0,-9401.0,15955.3,1,3,95.479
2018.08,11,0.74,59.5,91.376,14059.0,79.958,276762.0,91.9,2030.0,5827.167,-8968.0,15950.567,0,0,95.158
2018.08,11,0.74,59.5,91.376,14059.0,79.958,276762.0,91.9,2030.0,5827.167,-8968.0,15950.567,0,1,88.262
2018.08,11,0.74,59.5,91.376,14059.0,79.958,276762.0,91.9,2030.0,5827.167,-8968.0,15950.567,0,2,90.614
2018.08,11,0.74,59.5,91.376,14059.0,79.958,276762.0,91.9,2030.0,5827.167,-8968.0,15950.567,0,3,92.426
2018.08,11,0.74,59.5,91.376,14059.0,79.958,276762.0,91.9,2030.0,5827.167,-8968.0,15950.567,0,4,91.818
2018.08,11,0.74,59.5,91.376,14059.0,79.958,276762.0,91.9,2030.0,5827.167,-8968.0,15950.567,0,5,91.876
2018.08,11,0.74,59.5,91.376,14059.0,79.958,276762.0,91.9,2030.0,5827.167,-8968.0,15950.567,1,0,95.439
2018.08,11,0.74,59.5,91.376,14059.0,79.958,276762.0,91.9,2030.0,5827.167,-8968.0,15950.567,1,1,95.728
2018.08,11,0.74,59.5,91.376,14059.0,79.958,276762.0,91.9,2030.0,5827.167,-8968.0,15950.567,1,2,96.269
2018.08,11,0.74,59.5,91.376,14059.0,79.958,276762.0,91.9,2030.0,5827.167,-8968.0,15950.567,1,3,95.891
2018.09,11,0.73,59.3,91.057,14056.0,79.967,278223.0,91.9,2035.6,5801.333,-7961.0,15945.833,0,0,96.159
2018.09,11,0.73,59.3,91.057,14056.0,79.967,278223.0,91.9,2035.6,5801.333,-7961.0,15945.833,0,1,89.998
2018.09,11,0.73,59.3,91.057,14056.0,79.967,278223.0,91.9,2035.6,5801.333,-7961.0,15945.833,0,2,92.37
2018.09,11,0.73,59.3,91.057,14056.0,79.967,278223.0,91.9,2035.6,5801.333,-7961.0,15945.833,0,3,94.038
2018.09,11,0.73,59.3,91.057,14056.0,79.967,278223.0,91.9,2035.6,5801.333,-7961.0,15945.833,0,4,93.458
2018.09,11,0.73,59.3,91.057,14056.0,79.967,278223.0,91.9,2035.6,5801.333,-7961.0,15945.833,0,5,93.292
2018.09,11,0.73,59.3,91.057,14056.0,79.967,278223.0,91.9,2035.6,5801.333,-7961.0,15945.833,1,0,95.865
2018.09,11,0.73,59.3,91.057,14056.0,79.967,278223.0,91.9,2035.6,5801.333,-7961.0,15945.833,1,1,96.092
2018.09,11,0.73,59.3,91.057,14056.0,79.967,278223.0,91.9,2035.6,5801.333,-7961.0,15945.833,1,2,96.595
2018.09,11,0.73,59.3,91.057,14056.0,79.967,278223.0,91.9,2035.6,5801.333,-7961.0,15945.833,1,3,96.326
2018.1,11,0.73,59.4,90.737,14053.0,79.975,279684.0,92.0,2041.2,5775.5,-10707.0,15941.1,0,0,96.705
2018.1,11,0.73,59.4,90.737,14053.0,79.975,279684.0,92.0,2041.2,5775.5,-10707.0,15941.1,0,1,90.605
2018.1,11,0.73,59.4,90.737,14053.0,79.975,279684.0,92.0,2041.2,5775.5,-10707.0,15941.1,0,2,92.876
2018.1,11,0.73,59.4,90.737,14053.0,79.975,279684.0,92.0,2041.2,5775.5,-10707.0,15941.1,0,3,94.536
2018.1,11,0.73,59.4,90.737,14053.0,79.975,279684.0,92.0,2041.2,5775.5,-10707.0,15941.1,0,4,94.002
2018.1,11,0.73,59.4,90.737,14053.0,79.975,279684.0,92.0,2041.2,5775.5,-10707.0,15941.1,0,5,93.663
2018.1,11,0.73,59.4,90.737,14053.0,79.975,279684.0,92.0,2041.2,5775.5,-10707.0,15941.1,1,0,96.125
2018.1,11,0.73,59.4,90.737,14053.0,79.975,279684.0,92.0,2041.2,5775.5,-10707.0,15941.1,1,1,96.415
2018.1,11,0.73,59.4,90.737,14053.0,79.975,279684.0,92.0,2041.2,5775.5,-10707.0,15941.1,1,2,96.843
2018.1,11,0.73,59.4,90.737,14053.0,79.975,279684.0,92.0,2041.2,5775.5,-10707.0,15941.1,1,3,96.604
2018.11,11,0.72,59.9,90.418,14050.0,79.983,281146.0,92.1,2046.8,5749.667,-11335.0,15936.367,0,0,96.69
2018.11,11,0.72,59.9,90.418,14050.0,79.983,281146.0,92.1,2046.8,5749.667,-11335.0,15936.367,0,1,90.701
2018.11,11,0.72,59.9,90.418,14050.0,79.983,281146.0,92.1,2046.8,5749.667,-11335.0,15936.367,0,2,92.907
2018.11,11,0.72,59.9,90.418,14050.0,79.983,281146.0,92.1,2046.8,5749.667,-11335.0,15936.367,0,3,94.506
2018.11,11,0.72,59.9,90.418,14050.0,79.983,281146.0,92.1,2046.8,5749.667,-11335.0,15936.367,0,4,94.065
2018.11,11,0.72,59.9,90.418,14050.0,79.983,281146.0,92.1,2046.8,5749.667,-11335.0,15936.367,0,5,93.676
2018.11,11,0.72,59.9,90.418,14050.0,79.983,281146.0,92.1,2046.8,5749.667,-11335.0,15936.367,1,0,96.321
2018.11,11,0.72,59.9,90.418,14050.0,79.983,281146.0,92.1,2046.8,5749.667,-11335.0,15936.367,1,1,96.579
2018.11,11,0.72,59.9,90.418,14050.0,79.983,281146.0,92.1,2046.8,5749.667,-11335.0,15936.367,1,2,97.0
2018.11,11,0.72,59.9,90.418,14050.0,79.983,281146.0,92.1,2046.8,5749.667,-11335.0,15936.367,1,3,96.697
2018.12,11,0.72,59.3,90.099,14047.0,79.992,282607.0,92.1,2052.4,5723.833,-9604.0,15931.633,0,0,96.58
2018.12,11,0.72,59.3,90.099,14047.0,79.992,282607.0,92.1,2052.4,5723.833,-9604.0,15931.633,0,1,90.543
2018.12,11,0.72,59.3,90.099,14047.0,79.992,282607.0,92.1,2052.4,5723.833,-9604.0,15931.633,0,2,92.732
2018.12,11,0.72,59.3,90.099,14047.0,79.992,282607.0,92.1,2052.4,5723.833,-9604.0,15931.633,0,3,94.349
2018.12,11,0.72,59.3,90.099,14047.0,79.992,282607.0,92.1,2052.4,5723.833,-9604.0,15931.633,0,4,93.946
2018.12,11,0.72,59.3,90.099,14047.0,79.992,282607.0,92.1,2052.4,5723.833,-9604.0,15931.633,0,5,93.514
2018.12,11,0.72,59.3,90.099,14047.0,79.992,282607.0,92.1,2052.4,5723.833,-9604.0,15931.633,1,0,96.385
2018.12,11,0.72,59.3,90.099,14047.0,79.992,282607.0,92.1,2052.4,5723.833,-9604.0,15931.633,1,1,96.67
2018.12,11,0.72,59.3,90.099,14047.0,79.992,282607.0,92.1,2052.4,5723.833,-9604.0,15931.633,1,2,97.058
2018.12,11,0.72,59.3,90.099,14047.0,79.992,282607.0,92.1,2052.4,5723.833,-9604.0,15931.633,1,3,96.694
2019.01,11,0.72,58.7,89.78,14044.0,80.0,284068.0,92.2,2058.0,5698.0,-94.0,15926.9,0,0,96.223
2019.01,11,0.72,58.7,89.78,14044.0,80.0,284068.0,92.2,2058.0,5698.0,-94.0,15926.9,0,1,90.11
2019.01,11,0.72,58.7,89.78,14044.0,80.0,284068.0,92.2,2058.0,5698.0,-94.0,15926.9,0,2,92.373
2019.01,11,0.72,58.7,89.78,14044.0,80.0,284068.0,92.2,2058.0,5698.0,-94.0,15926.9,0,3,93.79
2019.01,11,0.72,58.7,89.78,14044.0,80.0,284068.0,92.2,2058.0,5698.0,-94.0,15926.9,0,4,93.624
2019.01,11,0.72,58.7,89.78,14044.0,80.0,284068.0,92.2,2058.0,5698.0,-94.0,15926.9,0,5,93.156
2019.01,11,0.72,58.7,89.78,14044.0,80.0,284068.0,92.2,2058.0,5698.0,-94.0,15926.9,1,0,96.329
2019.01,11,0.72,58.7,89.78,14044.0,80.0,284068.0,92.2,2058.0,5698.0,-94.0,15926.9,1,1,96.586
2019.01,11,0.72,58.7,89.78,14044.0,80.0,284068.0,92.2,2058.0,5698.0,-94.0,15926.9,1,2,96.985
2019.01,11,0.72,58.7,89.78,14044.0,80.0,284068.0,92.2,2058.0,5698.0,-94.0,15926.9,1,3,96.57
2019.02,11,0.71,58.4,89.624,14040.0,79.583,283164.0,92.2,1899.1,5670.667,3034.0,15919.575,0,0,95.985
2019.02,11,0.71,58.4,89.624,14040.0,79.583,283164.0,92.2,1899.1,5670.667,3034.0,15919.575,0,1,89.745
2019.02,11,0.71,58.4,89.624,14040.0,79.583,283164.0,92.2,1899.1,5670.667,3034.0,15919.575,0,2,92.034
2019.02,11,0.71,58.4,89.624,14040.0,79.583,283164.0,92.2,1899.1,5670.667,3034.0,15919.575,0,3,93.556
2019.02,11,0.71,58.4,89.624,14040.0,79.583,283164.0,92.2,1899.1,5670.667,3034.0,15919.575,0,4,93.268
2019.02,11,0.71,58.4,89.624,14040.0,79.583,283164.0,92.2,1899.1,5670.667,3034.0,15919.575,0,5,92.783
2019.02,11,0.71,58.4,89.624,14040.0,79.583,283164.0,92.2,1899.1,5670.667,3034.0,15919.575,1,0,96.248
2019.02,11,0.71,58.4,89.624,14040.0,79.583,283164.0,92.2,1899.1,5670.667,3034.0,15919.575,1,1,96.527
2019.02,11,0.71,58.4,89.624,14040.0,79.583,283164.0,92.2,1899.1,5670.667,3034.0,15919.575,1,2,96.928
2019.02,11,0.71,58.4,89.624,14040.0,79.583,283164.0,92.2,1899.1,5670.667,3034.0,15919.575,1,3,96.434
2019.03,11,0.7,58.7,89.468,14035.0,79.167,282260.0,92.2,1740.2,5643.333,-1650.0,15912.25,0,0,95.708
2019.03,11,0.7,58.7,89.468,14035.0,79.167,282260.0,92.2,1740.2,5643.333,-1650.0,15912.25,0,1,89.325
2019.03,11,0.7,58.7,89.468,14035.0,79.167,282260.0,92.2,1740.2,5643.333,-1650.0,15912.25,0,2,91.666
2019.03,11,0.7,58.7,89.468,14035.0,79.167,282260.0,92.2,1740.2,5643.333,-1650.0,15912.25,0,3,93.195
2019.03,11,0.7,58.7,89.468,14035.0,79.167,282260.0,92.2,1740.2,5643.333,-1650.0,15912.25,0,4,92.934
2019.03,11,0.7,58.7,89.468,14035.0,79.167,282260.0,92.2,1740.2,5643.333,-1650.0,15912.25,0,5,92.504
2019.03,11,0.7,58.7,89.468,14035.0,79.167,282260.0,92.2,1740.2,5643.333,-1650.0,15912.25,1,0,96.171
2019.03,11,0.7,58.7,89.468,14035.0,79.167,282260.0,92.2,1740.2,5643.333,-1650.0,15912.25,1,1,96.434
2019.03,11,0.7,58.7,89.468,14035.0,79.167,282260.0,92.2,1740.2,5643.333,-1650.0,15912.25,1,2,96.806
2019.03,11,0.7,58.7,89.468,14035.0,79.167,282260.0,92.2,1740.2,5643.333,-1650.0,15912.25,1,3,96.346
2019.04,11,0.7,59.6,89.312,14031.0,78.75,281355.0,92.2,1581.3,5616.0,-4738.0,15904.925,0,0,95.493
2019.04,11,0.7,59.6,89.312,14031.0,78.75,281355.0,92.2,1581.3,5616.0,-4738.0,15904.925,0,1,88.899
2019.04,11,0.7,59.6,89.312,14031.0,78.75,281355.0,92.2,1581.3,5616.0,-4738.0,15904.925,0,2,91.397
2019.04,11,0.7,59.6,89.312,14031.0,78.75,281355.0,92.2,1581.3,5616.0,-4738.0,15904.925,0,3,92.795
2019.04,11,0.7,59.6,89.312,14031.0,78.75,281355.0,92.2,1581.3,5616.0,-4738.0,15904.925,0,4,92.674
2019.04,11,0.7,59.6,89.312,14031.0,78.75,281355.0,92.2,1581.3,5616.0,-4738.0,15904.925,0,5,92.206
2019.04,11,0.7,59.6,89.312,14031.0,78.75,281355.0,92.2,1581.3,5616.0,-4738.0,15904.925,1,0,96.093
2019.04,11,0.7,59.6,89.312,14031.0,78.75,281355.0,92.2,1581.3,5616.0,-4738.0,15904.925,1,1,96.373
2019.04,11,0.7,59.6,89.312,14031.0,78.75,281355.0,92.2,1581.3,5616.0,-4738.0,15904.925,1,2,96.74
2019.04,11,0.7,59.6,89.312,14031.0,78.75,281355.0,92.2,1581.3,5616.0,-4738.0,15904.925,1,3,96.229
2019.05,11,0.69,60.3,89.157,14027.0,78.333,280451.0,92.2,1422.4,5588.667,-6328.0,15897.6,0,0,95.406
2019.05,11,0.69,60.3,89.157,14027.0,78.333,280451.0,92.2,1422.4,5588.667,-6328.0,15897.6,0,1,88.7
2019.05,11,0.69,60.3,89.157,14027.0,78.333,280451.0,92.2,1422.4,5588.667,-6328.0,15897.6,0,2,91.195
2019.05,11,0.69,60.3,89.157,14027.0,78.333,280451.0,92.2,1422.4,5588.667,-6328.0,15897.6,0,3,92.613
2019.05,11,0.69,60.3,89.157,14027.0,78.333,280451.0,92.2,1422.4,5588.667,-6328.0,15897.6,0,4,92.54
2019.05,11,0.69,60.3,89.157,14027.0,78.333,280451.0,92.2,1422.4,5588.667,-6328.0,15897.6,0,5,92.041
2019.05,11,0.69,60.3,89.157,14027.0,78.333,280451.0,92.2,1422.4,5588.667,-6328.0,15897.6,1,0,96.019
2019.05,11,0.69,60.3,89.157,14027.0,78.333,280451.0,92.2,1422.4,5588.667,-6328.0,15897.6,1,1,96.274
2019.05,11,0.69,60.3,89.157,14027.0,78.333,280451.0,92.2,1422.4,5588.667,-6328.0,15897.6,1,2,96.633
2019.05,11,0.69,60.3,89.157,14027.0,78.333,280451.0,92.2,1422.4,5588.667,-6328.0,15897.6,1,3,96.072
2019.06,11,0.69,60.6,89.001,14022.0,77.917,279547.0,92.2,1263.5,5561.333,-6105.0,15890.275,0,0,95.187
2019.06,11,0.69,60.6,89.001,14022.0,77.917,279547.0,92.2,1263.5,5561.333,-6105.0,15890.275,0,1,88.596
2019.06,11,0.69,60.6,89.001,14022.0,77.917,279547.0,92.2,1263.5,5561.333,-6105.0,15890.275,0,2,91.136
2019.06,11,0.69,60.6,89.001,14022.0,77.917,279547.0,92.2,1263.5,5561.333,-6105.0,15890.275,0,3,92.603
2019.06,11,0.69,60.6,89.001,14022.0,77.917,279547.0,92.2,1263.5,5561.333,-6105.0,15890.275,0,4,92.462
2019.06,11,0.69,60.6,89.001,14022.0,77.917,279547.0,92.2,1263.5,5561.333,-6105.0,15890.275,0,5,92.001
2019.06,11,0.69,60.6,89.001,14022.0,77.917,279547.0,92.2,1263.5,5561.333,-6105.0,15890.275,1,0,95.945
2019.06,11,0.69,60.6,89.001,14022.0,77.917,279547.0,92.2,1263.5,5561.333,-6105.0,15890.275,1,1,96.194
2019.06,11,0.69,60.6,89.001,14022.0,77.917,279547.0,92.2,1263.5,5561.333,-6105.0,15890.275,1,2,96.5
2019.06,11,0.69,60.6,89.001,14022.0,77.917,279547.0,92.2,1263.5,5561.333,-6105.0,15890.275,1,3,95.956
2019.07,11,0.68,60.8,88.845,14018.0,77.5,278642.0,92.2,1104.6,5534.0,-7077.0,15882.95,0,0,95.048
2019.07,11,0.68,60.8,88.845,14018.0,77.5,278642.0,92.2,1104.6,5534.0,-7077.0,15882.95,0,1,88.678
2019.07,11,0.68,60.8,88.845,14018.0,77.5,278642.0,92.2,1104.6,5534.0,-7077.0,15882.95,0,2,91.21
2019.07,11,0.68,60.8,88.845,14018.0,77.5,278642.0,92.2,1104.6,5534.0,-7077.0,15882.95,0,3,92.745
2019.07,11,0.68,60.8,88.845,14018.0,77.5,278642.0,92.2,1104.6,5534.0,-7077.0,15882.95,0,4,92.534
2019.07,11,0.68,60.8,88.845,14018.0,77.5,278642.0,92.2,1104.6,5534.0,-7077.0,15882.95,0,5,92.051
2019.07,11,0.68,60.8,88.845,14018.0,77.5,278642.0,92.2,1104.6,5534.0,-7077.0,15882.95,1,0,95.919
2019.07,11,0.68,60.8,88.845,14018.0,77.5,278642.0,92.2,1104.6,5534.0,-7077.0,15882.95,1,1,96.132
2019.07,11,0.68,60.8,88.845,14018.0,77.5,278642.0,92.2,1104.6,5534.0,-7077.0,15882.95,1,2,96.458
2019.07,11,0.68,60.8,88.845,14018.0,77.5,278642.0,92.2,1104.6,5534.0,-7077.0,15882.95,1,3,95.954
2019.08,11,0.67,60.6,88.689,14014.0,77.083,277738.0,92.3,945.7,5506.667,-7410.0,15875.625,0,0,95.111
2019.08,11,0.67,60.6,88.689,14014.0,77.083,277738.0,92.3,945.7,5506.667,-7410.0,15875.625,0,1,88.83
2019.08,11,0.67,60.6,88.689,14014.0,77.083,277738.0,92.3,945.7,5506.667,-7410.0,15875.625,0,2,91.351
2019.08,11,0.67,60.6,88.689,14014.0,77.083,277738.0,92.3,945.7,5506.667,-7410.0,15875.625,0,3,92.852
2019.08,11,0.67,60.6,88.689,14014.0,77.083,277738.0,92.3,945.7,5506.667,-7410.0,15875.625,0,4,92.648
2019.08,11,0.67,60.6,88.689,14014.0,77.083,277738.0,92.3,945.7,5506.667,-7410.0,15875.625,0,5,92.122
2019.08,11,0.67,60.6,88.689,14014.0,77.083,277738.0,92.3,945.7,5506.667,-7410.0,15875.625,1,0,95.962
2019.08,11,0.67,60.6,88.689,14014.0,77.083,277738.0,92.3,945.7,5506.667,-7410.0,15875.625,1,1,96.119
2019.08,11,0.67,60.6,88.689,14014.0,77.083,277738.0,92.3,945.7,5506.667,-7410.0,15875.625,1,2,96.465
2019.08,11,0.67,60.6,88.689,14014.0,77.083,277738.0,92.3,945.7,5506.667,-7410.0,15875.625,1,3,95.985
2019.09,11,0.67,60.8,88.533,14009.0,76.667,276834.0,92.3,786.8,5479.333,-5466.0,15868.3,0,0,95.125
2019.09,11,0.67,60.8,88.533,14009.0,76.667,276834.0,92.3,786.8,5479.333,-5466.0,15868.3,0,1,89.039
2019.09,11,0.67,60.8,88.533,14009.0,76.667,276834.0,92.3,786.8,5479.333,-5466.0,15868.3,0,2,91.519
2019.09,11,0.67,60.8,88.533,14009.0,76.667,276834.0,92.3,786.8,5479.333,-5466.0,15868.3,0,3,92.877
2019.09,11,0.67,60.8,88.533,14009.0,76.667,276834.0,92.3,786.8,5479.333,-5466.0,15868.3,0,4,92.814
2019.09,11,0.67,60.8,88.533,14009.0,76.667,276834.0,92.3,786.8,5479.333,-5466.0,15868.3,0,5,92.341
2019.09,11,0.67,60.8,88.533,14009.0,76.667,276834.0,92.3,786.8,5479.333,-5466.0,15868.3,1,0,96.043
2019.09,11,0.67,60.8,88.533,14009.0,76.667,276834.0,92.3,786.8,5479.333,-5466.0,15868.3,1,1,96.126
2019.09,11,0.67,60.8,88.533,14009.0,76.667,276834.0,92.3,786.8,5479.333,-5466.0,15868.3,1,2,96.489
2019.09,11,0.67,60.8,88.533,14009.0,76.667,276834.0,92.3,786.8,5479.333,-5466.0,15868.3,1,3,96.01
2019.1,11,0.66,60.7,88.377,14005.0,76.25,275930.0,92.3,627.9,5452.0,-5060.0,15860.975,0,0,95.381
2019.1,11,0.66,60.7,88.377,14005.0,76.25,275930.0,92.3,627.9,5452.0,-5060.0,15860.975,0,1,89.588
2019.1,11,0.66,60.7,88.377,14005.0,76.25,275930.0,92.3,627.9,5452.0,-5060.0,15860.975,0,2,92.077
2019.1,11,0.66,60.7,88.377,14005.0,76.25,275930.0,92.3,627.9,5452.0,-5060.0,15860.975,0,3,93.405
2019.1,11,0.66,60.7,88.377,14005.0,76.25,275930.0,92.3,627.9,5452.0,-5060.0,15860.975,0,4,93.438
2019.1,11,0.66,60.7,88.377,14005.0,76.25,275930.0,92.3,627.9,5452.0,-5060.0,15860.975,0,5,92.899
2019.1,11,0.66,60.7,88.377,14005.0,76.25,275930.0,92.3,627.9,5452.0,-5060.0,15860.975,1,0,96.165
2019.1,11,0.66,60.7,88.377,14005.0,76.25,275930.0,92.3,627.9,5452.0,-5060.0,15860.975,1,1,96.276
2019.1,11,0.66,60.7,88.377,14005.0,76.25,275930.0,92.3,627.9,5452.0,-5060.0,15860.975,1,2,96.626
2019.1,11,0.66,60.7,88.377,14005.0,76.25,275930.0,92.3,627.9,5452.0,-5060.0,15860.975,1,3,96.171
2019.11,11,0.65,60.5,88.222,14001.0,75.833,275026.0,92.3,469.0,5424.667,-4708.0,15853.65,0,0,95.743
2019.11,11,0.65,60.5,88.222,14001.0,75.833,275026.0,92.3,469.0,5424.667,-4708.0,15853.65,0,1,90.248
2019.11,11,0.65,60.5,88.222,14001.0,75.833,275026.0,92.3,469.0,5424.667,-4708.0,15853.65,0,2,92.742
2019.11,11,0.65,60.5,88.222,14001.0,75.833,275026.0,92.3,469.0,5424.667,-4708.0,15853.65,0,3,93.932
2019.11,11,0.65,60.5,88.222,14001.0,75.833,275026.0,92.3,469.0,5424.667,-4708.0,15853.65,0,4,94.082
2019.11,11,0.65,60.5,88.222,14001.0,75.833,275026.0,92.3,469.0,5424.667,-4708.0,15853.65,0,5,93.5
2019.11,11,0.65,60.5,88.222,14001.0,75.833,275026.0,92.3,469.0,5424.667,-4708.0,15853.65,1,0,96.338
2019.11,11,0.65,60.5,88.222,14001.0,75.833,275026.0,92.3,469.0,5424.667,-4708.0,15853.65,1,1,96.468
2019.11,11,0.65,60.5,88.222,14001.0,75.833,275026.0,92.3,469.0,5424.667,-4708.0,15853.65,1,2,96.819
2019.11,11,0.65,60.5,88.222,14001.0,75.833,275026.0,92.3,469.0,5424.667,-4708.0,15853.65,1,3,96.496
2019.12,11,0.65,60.4,88.066,13996.0,75.417,274121.0,92.3,310.1,5397.333,-3986.0,15846.325,0,0,96.396
2019.12,11,0.65,60.4,88.066,13996.0,75.417,274121.0,92.3,310.1,5397.333,-3986.0,15846.325,0,1,91.418
2019.12,11,0.65,60.4,88.066,13996.0,75.417,274121.0,92.3,310.1,5397.333,-3986.0,15846.325,0,2,93.92
2019.12,11,0.65,60.4,88.066,13996.0,75.417,274121.0,92.3,310.1,5397.333,-3986.0,15846.325,0,3,95.291
2019.12,11,0.65,60.4,88.066,13996.0,75.417,274121.0,92.3,310.1,5397.333,-3986.0,15846.325,0,4,95.103
2019.12,11,0.65,60.4,88.066,13996.0,75.417,274121.0,92.3,310.1,5397.333,-3986.0,15846.325,0,5,94.981
2019.12,11,0.65,60.4,88.066,13996.0,75.417,274121.0,92.3,310.1,5397.333,-3986.0,15846.325,1,0,96.728
2019.12,11,0.65,60.4,88.066,13996.0,75.417,274121.0,92.3,310.1,5397.333,-3986.0,15846.325,1,1,96.795
2019.12,11,0.65,60.4,88.066,13996.0,75.417,274121.0,92.3,310.1,5397.333,-3986.0,15846.325,1,2,97.134
2019.12,11,0.65,60.4,88.066,13996.0,75.417,274121.0,92.3,310.1,5397.333,-3986.0,15846.325,1,3,96.902
2020.01,11,0.64,60.0,87.91,13992.0,75.0,273217.0,92.3,151.2,5370.0,3946.0,15839.0,0,0,96.688
2020.01,11,0.64,60.0,87.91,13992.0,75.0,273217.0,92.3,151.2,5370.0,3946.0,15839.0,0,1,91.91
2020.01,11,0.64,60.0,87.91,13992.0,75.0,273217.0,92.3,151.2,5370.0,3946.0,15839.0,0,2,94.344
2020.01,11,0.64,60.0,87.91,13992.0,75.0,273217.0,92.3,151.2,5370.0,3946.0,15839.0,0,3,95.683
2020.01,11,0.64,60.0,87.91,13992.0,75.0,273217.0,92.3,151.2,5370.0,3946.0,15839.0,0,4,95.509
2020.01,11,0.64,60.0,87.91,13992.0,75.0,273217.0,92.3,151.2,5370.0,3946.0,15839.0,0,5,95.236
2020.01,11,0.64,60.0,87.91,13992.0,75.0,273217.0,92.3,151.2,5370.0,3946.0,15839.0,1,0,96.851
2020.01,11,0.64,60.0,87.91,13992.0,75.0,273217.0,92.3,151.2,5370.0,3946.0,15839.0,1,1,96.904
2020.01,11,0.64,60.0,87.91,13992.0,75.0,273217.0,92.3,151.2,5370.0,3946.0,15839.0,1,2,97.275
2020.01,11,0.64,60.0,87.91,13992.0,75.0,273217.0,92.3,151.2,5370.0,3946.0,15839.0,1,3,97.127
2020.02,11,0.64,60.1,87.969,13977.0,75.542,274061.0,92.4,152.5,5343.25,3305.0,15823.258,0,0,96.731
2020.02,11,0.64,60.1,87.969,13977.0,75.542,274061.0,92.4,152.5,5343.25,3305.0,15823.258,0,1,92.133
2020.02,11,0.64,60.1,87.969,13977.0,75.542,274061.0,92.4,152.5,5343.25,3305.0,15823.258,0,2,94.453
2020.02,11,0.64,60.1,87.969,13977.0,75.542,274061.0,92.4,152.5,5343.25,3305.0,15823.258,0,3,95.764
2020.02,11,0.64,60.1,87.969,13977.0,75.542,274061.0,92.4,152.5,5343.25,3305.0,15823.258,0,4,95.531
2020.02,11,0.64,60.1,87.969,13977.0,75.542,274061.0,92.4,152.5,5343.25,3305.0,15823.258,0,5,95.156
2020.02,11,0.64,60.1,87.969,13977.0,75.542,274061.0,92.4,152.5,5343.25,3305.0,15823.258,1,0,96.969
2020.02,11,0.64,60.1,87.969,13977.0,75.542,274061.0,92.4,152.5,5343.25,3305.0,15823.258,1,1,97.015
2020.02,11,0.64,60.1,87.969,13977.0,75.542,274061.0,92.4,152.5,5343.25,3305.0,15823.258,1,2,97.401
2020.02,11,0.64,60.1,87.969,13977.0,75.542,274061.0,92.4,152.5,5343.25,3305.0,15823.258,1,3,97.202
2020.03,11,0.64,59.0,88.028,13962.0,76.083,274906.0,92.5,153.8,5316.5,-3404.0,15807.517,0,0,96.848
2020.03,11,0.64,59.0,88.028,13962.0,76.083,274906.0,92.5,153.8,5316.5,-3404.0,15807.517,0,1,92.334
2020.03,11,0.64,59.0,88.028,13962.0,76.083,274906.0,92.5,153.8,5316.5,-3404.0,15807.517,0,2,94.545
2020.03,11,0.64,59.0,88.028,13962.0,76.083,274906.0,92.5,153.8,5316.5,-3404.0,15807.517,0,3,95.817
2020.03,11,0.64,59.0,88.028,13962.0,76.083,274906.0,92.5,153.8,5316.5,-3404.0,15807.517,0,4,95.55
2020.03,11,0.64,59.0,88.028,13962.0,76.083,274906.0,92.5,153.8,5316.5,-3404.0,15807.517,0,5,95.052
2020.03,11,0.64,59.0,88.028,13962.0,76.083,274906.0,92.5,153.8,5316.5,-3404.0,15807.517,1,0,97.072
2020.03,11,0.64,59.0,88.028,13962.0,76.083,274906.0,92.5,153.8,5316.5,-3404.0,15807.517,1,1,97.124
2020.03,11,0.64,59.0,88.028,13962.0,76.083,274906.0,92.5,153.8,5316.5,-3404.0,15807.517,1,2,97.481
2020.03,11,0.64,59.0,88.028,13962.0,76.083,274906.0,92.5,153.8,5316.5,-3404.0,15807.517,1,3,97.259
2020.04,11,0.64,58.6,88.088,13946.0,76.625,275750.0,92.5,155.1,5289.75,-7117.0,15791.775,0,0,96.724
2020.04,11,0.64,58.6,88.088,13946.0,76.625,275750.0,92.5,155.1,5289.75,-7117.0,15791.775,0,1,92.369
2020.04,11,0.64,58.6,88.088,13946.0,76.625,275750.0,92.5,155.1,5289.75,-7117.0,15791.775,0,2,94.454
2020.04,11,0.64,58.6,88.088,13946.0,76.625,275750.0,92.5,155.1,5289.75,-7117.0,15791.775,0,3,95.666
2020.04,11,0.64,58.6,88.088,13946.0,76.625,275750.0,92.5,155.1,5289.75,-7117.0,15791.775,0,4,95.37
2020.04,11,0.64,58.6,88.088,13946.0,76.625,275750.0,92.5,155.1,5289.75,-7117.0,15791.775,0,5,94.617
2020.04,11,0.64,58.6,88.088,13946.0,76.625,275750.0,92.5,155.1,5289.75,-7117.0,15791.775,1,0,97.094
2020.04,11,0.64,58.6,88.088,13946.0,76.625,275750.0,92.5,155.1,5289.75,-7117.0,15791.775,1,1,97.119
2020.04,11,0.64,58.6,88.088,13946.0,76.625,275750.0,92.5,155.1,5289.75,-7117.0,15791.775,1,2,97.503
2020.04,11,0.64,58.6,88.088,13946.0,76.625,275750.0,92.5,155.1,5289.75,-7117.0,15791.775,1,3,97.249
2020.05,11,0.64,59.1,88.147,13931.0,77.167,276595.0,92.6,156.4,5263.0,-2709.0,15776.033,0,0,96.57
2020.05,11,0.64,59.1,88.147,13931.0,77.167,276595.0,92.6,156.4,5263.0,-2709.0,15776.033,0,1,92.23
2020.05,11,0.64,59.1,88.147,13931.0,77.167,276595.0,92.6,156.4,5263.0,-2709.0,15776.033,0,2,94.266
2020.05,11,0.64,59.1,88.147,13931.0,77.167,276595.0,92.6,156.4,5263.0,-2709.0,15776.033,0,3,95.567
2020.05,11,0.64,59.1,88.147,13931.0,77.167,276595.0,92.6,156.4,5263.0,-2709.0,15776.033,0,4,95.117
2020.05,11,0.64,59.1,88.147,13931.0,77.167,276595.0,92.6,156.4,5263.0,-2709.0,15776.033,0,5,94.157
2020.05,11,0.64,59.1,88.147,13931.0,77.167,276595.0,92.6,156.4,5263.0,-2709.0,15776.033,1,0,97.084
2020.05,11,0.64,59.1,88.147,13931.0,77.167,276595.0,92.6,156.4,5263.0,-2709.0,15776.033,1,1,97.082
2020.05,11,0.64,59.1,88.147,13931.0,77.167,276595.0,92.6,156.4,5263.0,-2709.0,15776.033,1,2,97.491
2020.05,11,0.64,59.1,88.147,13931.0,77.167,276595.0,92.6,156.4,5263.0,-2709.0,15776.033,1,3,97.249
2020.06,11,0.64,59.2,88.206,13916.0,77.708,277439.0,92.7,157.7,5236.25,-3932.0,15760.292,0,0,96.594
2020.06,11,0.64,59.2,88.206,13916.0,77.708,277439.0,92.7,157.7,5236.25,-3932.0,15760.292,0,1,92.39
2020.06,11,0.64,59.2,88.206,13916.0,77.708,277439.0,92.7,157.7,5236.25,-3932.0,15760.292,0,2,94.43
2020.06,11,0.64,59.2,88.206,13916.0,77.708,277439.0,92.7,157.7,5236.25,-3932.0,15760.292,0,3,95.603
2020.06,11,0.64,59.2,88.206,13916.0,77.708,277439.0,92.7,157.7,5236.25,-3932.0,15760.292,0,4,95.178
2020.06,11,0.64,59.2,88.206,13916.0,77.708,277439.0,92.7,157.7,5236.25,-3932.0,15760.292,0,5,94.164
2020.06,11,0.64,59.2,88.206,13916.0,77.708,277439.0,92.7,157.7,5236.25,-3932.0,15760.292,1,0,97.141
2020.06,11,0.64,59.2,88.206,13916.0,77.708,277439.0,92.7,157.7,5236.25,-3932.0,15760.292,1,1,97.129
2020.06,11,0.64,59.2,88.206,13916.0,77.708,277439.0,92.7,157.7,5236.25,-3932.0,15760.292,1,2,97.55
2020.06,11,0.64,59.2,88.206,13916.0,77.708,277439.0,92.7,157.7,5236.25,-3932.0,15760.292,1,3,97.308
2020.07,11,0.63,59.5,88.265,13900.0,78.25,278284.0,92.8,159.0,5209.5,-5919.0,15744.55,0,0,97.142
2020.07,11,0.63,59.5,88.265,13900.0,78.25,278284.0,92.8,159.0,5209.5,-5919.0,15744.55,0,1,93.752
2020.07,11,0.63,59.5,88.265,13900.0,78.25,278284.0,92.8,159.0,5209.5,-5919.0,15744.55,0,2,95.525
2020.07,11,0.63,59.5,88.265,13900.0,78.25,278284.0,92.8,159.0,5209.5,-5919.0,15744.55,0,3,96.569
2020.07,11,0.63,59.5,88.265,13900.0,78.25,278284.0,92.8,159.0,5209.5,-5919.0,15744.55,0,4,96.004
2020.07,11,0.63,59.5,88.265,13900.0,78.25,278284.0,92.8,159.0,5209.5,-5919.0,15744.55,0,5,95.018
2020.07,11,0.63,59.5,88.265,13900.0,78.25,278284.0,92.8,159.0,5209.5,-5919.0,15744.55,1,0,97.257
2020.07,11,0.63,59.5,88.265,13900.0,78.25,278284.0,92.8,159.0,5209.5,-5919.0,15744.55,1,1,97.297
2020.07,11,0.63,59.5,88.265,13900.0,78.25,278284.0,92.8,159.0,5209.5,-5919.0,15744.55,1,2,97.682
2020.07,11,0.63,59.5,88.265,13900.0,78.25,278284.0,92.8,159.0,5209.5,-5919.0,15744.55,1,3,97.462
2020.08,11,0.63,59.6,88.324,13885.0,78.792,279128.0,92.8,160.3,5182.75,-8044.0,15728.808,0,0,97.426
2020.08,11,0.63,59.6,88.324,13885.0,78.792,279128.0,92.8,160.3,5182.75,-8044.0,15728.808,0,1,94.527
2020.08,11,0.63,59.6,88.324,13885.0,78.792,279128.0,92.8,160.3,5182.75,-8044.0,15728.808,0,2,96.031
2020.08,11,0.63,59.6,88.324,13885.0,78.792,279128.0,92.8,160.3,5182.75,-8044.0,15728.808,0,3,96.814
2020.08,11,0.63,59.6,88.324,13885.0,78.792,279128.0,92.8,160.3,5182.75,-8044.0,15728.808,0,4,96.405
2020.08,11,0.63,59.6,88.324,13885.0,78.792,279128.0,92.8,160.3,5182.75,-8044.0,15728.808,0,5,95.33
2020.08,11,0.63,59.6,88.324,13885.0,78.792,279128.0,92.8,160.3,5182.75,-8044.0,15728.808,1,0,97.465
2020.08,11,0.63,59.6,88.324,13885.0,78.792,279128.0,92.8,160.3,5182.75,-8044.0,15728.808,1,1,97.546
2020.08,11,0.63,59.6,88.324,13885.0,78.792,279128.0,92.8,160.3,5182.75,-8044.0,15728.808,1,2,97.901
2020.08,11,0.63,59.6,88.324,13885.0,78.792,279128.0,92.8,160.3,5182.75,-8044.0,15728.808,1,3,97.608
2020.09,11,0.63,58.9,88.383,13870.0,79.333,279972.0,92.9,161.6,5156.0,-10044.0,15713.067,0,0,97.658
2020.09,11,0.63,58.9,88.383,13870.0,79.333,279972.0,92.9,161.6,5156.0,-10044.0,15713.067,0,1,94.923
2020.09,11,0.63,58.9,88.383,13870.0,79.333,279972.0,92.9,161.6,5156.0,-10044.0,15713.067,0,2,96.322
2020.09,11,0.63,58.9,88.383,13870.0,79.333,279972.0,92.9,161.6,5156.0,-10044.0,15713.067,0,3,96.922
2020.09,11,0.63,58.9,88.383,13870.0,79.333,279972.0,92.9,161.6,5156.0,-10044.0,15713.067,0,4,96.584
2020.09,11,0.63,58.9,88.383,13870.0,79.333,279972.0,92.9,161.6,5156.0,-10044.0,15713.067,0,5,95.502
2020.09,11,0.63,58.9,88.383,13870.0,79.333,279972.0,92.9,161.6,5156.0,-10044.0,15713.067,1,0,97.643
2020.09,11,0.63,58.9,88.383,13870.0,79.333,279972.0,92.9,161.6,5156.0,-10044.0,15713.067,1,1,97.743
2020.09,11,0.63,58.9,88.383,13870.0,79.333,279972.0,92.9,161.6,5156.0,-10044.0,15713.067,1,2,98.072
2020.09,11,0.63,58.9,88.383,13870.0,79.333,279972.0,92.9,161.6,5156.0,-10044.0,15713.067,1,3,97.748
2020.1,11,0.63,59.2,88.442,13855.0,79.875,280817.0,93.0,162.9,5129.25,-10312.0,15697.325,0,0,97.682
2020.1,11,0.63,59.2,88.442,13855.0,79.875,280817.0,93.0,162.9,5129.25,-10312.0,15697.325,0,1,95.125
2020.1,11,0.63,59.2,88.442,13855.0,79.875,280817.0,93.0,162.9,5129.25,-10312.0,15697.325,0,2,96.411
2020.1,11,0.63,59.2,88.442,13855.0,79.875,280817.0,93.0,162.9,5129.25,-10312.0,15697.325,0,3,97.055
2020.1,11,0.63,59.2,88.442,13855.0,79.875,280817.0,93.0,162.9,5129.25,-10312.0,15697.325,0,4,96.644
2020.1,11,0.63,59.2,88.442,13855.0,79.875,280817.0,93.0,162.9,5129.25,-10312.0,15697.325,0,5,95.57
2020.1,11,0.63,59.2,88.442,13855.0,79.875,280817.0,93.0,162.9,5129.25,-10312.0,15697.325,1,0,97.798
2020.1,11,0.63,59.2,88.442,13855.0,79.875,280817.0,93.0,162.9,5129.25,-10312.0,15697.325,1,1,97.904
2020.1,11,0.63,59.2,88.442,13855.0,79.875,280817.0,93.0,162.9,5129.25,-10312.0,15697.325,1,2,98.178
2020.1,11,0.63,59.2,88.442,13855.0,79.875,280817.0,93.0,162.9,5129.25,-10312.0,15697.325,1,3,97.875
2020.11,11,0.63,59.8,88.502,13840.0,80.417,281661.0,93.0,164.2,5102.5,-9486.0,15681.583,0,0,97.746
2020.11,11,0.63,59.8,88.502,13840.0,80.417,281661.0,93.0,164.2,5102.5,-9486.0,15681.583,0,1,95.315
2020.11,11,0.63,59.8,88.502,13840.0,80.417,281661.0,93.0,164.2,5102.5,-9486.0,15681.583,0,2,96.513
2020.11,11,0.63,59.8,88.502,13840.0,80.417,281661.0,93.0,164.2,5102.5,-9486.0,15681.583,0,3,97.102
2020.11,11,0.63,59.8,88.502,13840.0,80.417,281661.0,93.0,164.2,5102.5,-9486.0,15681.583,0,4,96.722
2020.11,11,0.63,59.8,88.502,13840.0,80.417,281661.0,93.0,164.2,5102.5,-9486.0,15681.583,0,5,95.644
2020.11,11,0.63,59.8,88.502,13840.0,80.417,281661.0,93.0,164.2,5102.5,-9486.0,15681.583,1,0,97.992
2020.11,11,0.63,59.8,88.502,13840.0,80.417,281661.0,93.0,164.2,5102.5,-9486.0,15681.583,1,1,98.069
2020.11,11,0.63,59.8,88.502,13840.0,80.417,281661.0,93.0,164.2,5102.5,-9486.0,15681.583,1,2,98.33
2020.11,11,0.63,59.8,88.502,13840.0,80.417,281661.0,93.0,164.2,5102.5,-9486.0,15681.583,1,3,98.022
2020.12,11,0.63,58.8,88.561,13824.0,80.958,282506.0,93.1,165.5,5075.75,-11134.0,15665.842,0,0,97.909
2020.12,11,0.63,58.8,88.561,13824.0,80.958,282506.0,93.1,165.5,5075.75,-11134.0,15665.842,0,1,95.62
2020.12,11,0.63,58.8,88.561,13824.0,80.958,282506.0,93.1,165.5,5075.75,-11134.0,15665.842,0,2,96.818
2020.12,11,0.63,58.8,88.561,13824.0,80.958,282506.0,93.1,165.5,5075.75,-11134.0,15665.842,0,3,97.344
2020.12,11,0.63,58.8,88.561,13824.0,80.958,282506.0,93.1,165.5,5075.75,-11134.0,15665.842,0,4,96.941
2020.12,11,0.63,58.8,88.561,13824.0,80.958,282506.0,93.1,165.5,5075.75,-11134.0,15665.842,0,5,95.886
2020.12,11,0.63,58.8,88.561,13824.0,80.958,282506.0,93.1,165.5,5075.75,-11134.0,15665.842,1,0,98.189
2020.12,11,0.63,58.8,88.561,13824.0,80.958,282506.0,93.1,165.5,5075.75,-11134.0,15665.842,1,1,98.276
2020.12,11,0.63,58.8,88.561,13824.0,80.958,282506.0,93.1,165.5,5075.75,-11134.0,15665.842,1,2,98.479
2020.12,11,0.63,58.8,88.561,13824.0,80.958,282506.0,93.1,165.5,5075.75,-11134.0,15665.842,1,3,98.206
2021.01,11,0.63,57.3,88.62,13809.0,81.5,283350.0,93.2,166.8,5049.0,-10440.0,15650.1,0,0,98.109
2021.01,11,0.63,57.3,88.62,13809.0,81.5,283350.0,93.2,166.8,5049.0,-10440.0,15650.1,0,1,96.111
2021.01,11,0.63,57.3,88.62,13809.0,81.5,283350.0,93.2,166.8,5049.0,-10440.0,15650.1,0,2,97.195
2021.01,11,0.63,57.3,88.62,13809.0,81.5,283350.0,93.2,166.8,5049.0,-10440.0,15650.1,0,3,97.649
2021.01,11,0.63,57.3,88.62,13809.0,81.5,283350.0,93.2,166.8,5049.0,-10440.0,15650.1,0,4,97.275
2021.01,11,0.63,57.3,88.62,13809.0,81.5,283350.0,93.2,166.8,5049.0,-10440.0,15650.1,0,5,96.351
2021.01,11,0.63,57.3,88.62,13809.0,81.5,283350.0,93.2,166.8,5049.0,-10440.0,15650.1,1,0,98.605
2021.01,11,0.63,57.3,88.62,13809.0,81.5,283350.0,93.2,166.8,5049.0,-10440.0,15650.1,1,1,98.68
2021.01,11,0.63,57.3,88.62,13809.0,81.5,283350.0,93.2,166.8,5049.0,-10440.0,15650.1,1,2,98.832
2021.01,11,0.63,57.3,88.62,13809.0,81.5,283350.0,93.2,166.8,5049.0,-10440.0,15650.1,1,3,98.689
2021.02,11,0.62,57.9,88.44,13859.0,81.733,283233.0,93.1,166.3,5020.917,-9415.0,15642.65,0,0,98.629
2021.02,11,0.62,57.9,88.44,13859.0,81.733,283233.0,93.1,166.3,5020.917,-9415.0,15642.65,0,1,96.915
2021.02,11,0.62,57.9,88.44,13859.0,81.733,283233.0,93.1,166.3,5020.917,-9415.0,15642.65,0,2,97.843
2021.02,11,0.62,57.9,88.44,13859.0,81.733,283233.0,93.1,166.3,5020.917,-9415.0,15642.65,0,3,98.196
2021.02,11,0.62,57.9,88.44,13859.0,81.733,283233.0,93.1,166.3,5020.917,-9415.0,15642.65,0,4,97.896
2021.02,11,0.62,57.9,88.44,13859.0,81.733,283233.0,93.1,166.3,5020.917,-9415.0,15642.65,0,5,96.973
2021.02,11,0.62,57.9,88.44,13859.0,81.733,283233.0,93.1,166.3,5020.917,-9415.0,15642.65,1,0,98.94
2021.02,11,0.62,57.9,88.44,13859.0,81.733,283233.0,93.1,166.3,5020.917,-9415.0,15642.65,1,1,98.956
2021.02,11,0.62,57.9,88.44,13859.0,81.733,283233.0,93.1,166.3,5020.917,-9415.0,15642.65,1,2,99.051
2021.02,11,0.62,57.9,88.44,13859.0,81.733,283233.0,93.1,166.3,5020.917,-9415.0,15642.65,1,3,98.937
2021.03,11,0.62,59.1,88.26,13910.0,81.967,283116.0,93.0,165.8,4992.833,-6216.0,15635.2,0,0,98.851
2021.03,11,0.62,59.1,88.26,13910.0,81.967,283116.0,93.0,165.8,4992.833,-6216.0,15635.2,0,1,97.556
2021.03,11,0.62,59.1,88.26,13910.0,81.967,283116.0,93.0,165.8,4992.833,-6216.0,15635.2,0,2,98.305
2021.03,11,0.62,59.1,88.26,13910.0,81.967,283116.0,93.0,165.8,4992.833,-6216.0,15635.2,0,3,98.572
2021.03,11,0.62,59.1,88.26,13910.0,81.967,283116.0,93.0,165.8,4992.833,-6216.0,15635.2,0,4,98.358
2021.03,11,0.62,59.1,88.26,13910.0,81.967,283116.0,93.0,165.8,4992.833,-6216.0,15635.2,0,5,97.335
2021.03,11,0.62,59.1,88.26,13910.0,81.967,283116.0,93.0,165.8,4992.833,-6216.0,15635.2,1,0,99.127
2021.03,11,0.62,59.1,88.26,13910.0,81.967,283116.0,93.0,165.8,4992.833,-6216.0,15635.2,1,1,99.187
2021.03,11,0.62,59.1,88.26,13910.0,81.967,283116.0,93.0,165.8,4992.833,-6216.0,15635.2,1,2,99.28
2021.03,11,0.62,59.1,88.26,13910.0,81.967,283116.0,93.0,165.8,4992.833,-6216.0,15635.2,1,3,99.104
2021.04,11,0.62,59.2,88.08,13960.0,82.2,282999.0,92.9,165.3,4964.75,-9738.0,15627.75,0,0,99.112
2021.04,11,0.62,59.2,88.08,13960.0,82.2,282999.0,92.9,165.3,4964.75,-9738.0,15627.75,0,1,98.102
2021.04,11,0.62,59.2,88.08,13960.0,82.2,282999.0,92.9,165.3,4964.75,-9738.0,15627.75,0,2,98.676
2021.04,11,0.62,59.2,88.08,13960.0,82.2,282999.0,92.9,165.3,4964.75,-9738.0,15627.75,0,3,99.013
2021.04,11,0.62,59.2,88.08,13960.0,82.2,282999.0,92.9,165.3,4964.75,-9738.0,15627.75,0,4,98.764
2021.04,11,0.62,59.2,88.08,13960.0,82.2,282999.0,92.9,165.3,4964.75,-9738.0,15627.75,0,5,97.869
2021.04,11,0.62,59.2,88.08,13960.0,82.2,282999.0,92.9,165.3,4964.75,-9738.0,15627.75,1,0,99.299
2021.04,11,0.62,59.2,88.08,13960.0,82.2,282999.0,92.9,165.3,4964.75,-9738.0,15627.75,1,1,99.41
2021.04,11,0.62,59.2,88.08,13960.0,82.2,282999.0,92.9,165.3,4964.75,-9738.0,15627.75,1,2,99.495
2021.04,11,0.62,59.2,88.08,13960.0,82.2,282999.0,92.9,165.3,4964.75,-9738.0,15627.75,1,3,99.306
2021.05,11,0.61,59.6,87.9,14011.0,82.433,282882.0,92.8,164.8,4936.667,-8309.0,15620.3,0,0,99.431
2021.05,11,0.61,59.6,87.9,14011.0,82.433,282882.0,92.8,164.8,4936.667,-8309.0,15620.3,0,1,98.711
2021.05,11,0.61,59.6,87.9,14011.0,82.433,282882.0,92.8,164.8,4936.667,-8309.0,15620.3,0,2,99.114
2021.05,11,0.61,59.6,87.9,14011.0,82.433,282882.0,92.8,164.8,4936.667,-8309.0,15620.3,0,3,99.315
2021.05,11,0.61,59.6,87.9,14011.0,82.433,282882.0,92.8,164.8,4936.667,-8309.0,15620.3,0,4,99.212
2021.05,11,0.61,59.6,87.9,14011.0,82.433,282882.0,92.8,164.8,4936.667,-8309.0,15620.3,0,5,98.551
2021.05,11,0.61,59.6,87.9,14011.0,82.433,282882.0,92.8,164.8,4936.667,-8309.0,15620.3,1,0,99.574
2021.05,11,0.61,59.6,87.9,14011.0,82.433,282882.0,92.8,164.8,4936.667,-8309.0,15620.3,1,1,99.665
2021.05,11,0.61,59.6,87.9,14011.0,82.433,282882.0,92.8,164.8,4936.667,-8309.0,15620.3,1,2,99.668
2021.05,11,0.61,59.6,87.9,14011.0,82.433,282882.0,92.8,164.8,4936.667,-8309.0,15620.3,1,3,99.514
2021.06,11,0.61,59.7,87.72,14061.0,82.667,282765.0,92.7,164.3,4908.583,-8288.0,15612.85,0,0,100.0
2021.06,11,0.61,59.7,87.72,14061.0,82.667,282765.0,92.7,164.3,4908.583,-8288.0,15612.85,0,1,100.0
2021.06,11,0.61,59.7,87.72,14061.0,82.667,282765.0,92.7,164.3,4908.583,-8288.0,15612.85,0,2,100.0
2021.06,11,0.61,59.7,87.72,14061.0,82.667,282765.0,92.7,164.3,4908.583,-8288.0,15612.85,0,3,100.0
2021.06,11,0.61,59.7,87.72,14061.0,82.667,282765.0,92.7,164.3,4908.583,-8288.0,15612.85,0,4,100.0
2021.06,11,0.61,59.7,87.72,14061.0,82.667,282765.0,92.7,164.3,4908.583,-8288.0,15612.85,0,5,100.0
2021.06,11,0.61,59.7,87.72,14061.0,82.667,282765.0,92.7,164.3,4908.583,-8288.0,15612.85,1,0,100.0
2021.06,11,0.61,59.7,87.72,14061.0,82.667,282765.0,92.7,164.3,4908.583,-8288.0,15612.85,1,1,100.0
2021.06,11,0.61,59.7,87.72,14061.0,82.667,282765.0,92.7,164.3,4908.583,-8288.0,15612.85,1,2,100.0
2021.06,11,0.61,59.7,87.72,14061.0,82.667,282765.0,92.7,164.3,4908.583,-8288.0,15612.85,1,3,100.0
2021.07,11,0.61,59.6,87.54,14112.0,82.9,282648.0,92.6,163.8,4880.5,-8429.0,15605.4,0,0,100.76
2021.07,11,0.61,59.6,87.54,14112.0,82.9,282648.0,92.6,163.8,4880.5,-8429.0,15605.4,0,1,101.014
2021.07,11,0.61,59.6,87.54,14112.0,82.9,282648.0,92.6,163.8,4880.5,-8429.0,15605.4,0,2,100.71
2021.07,11,0.61,59.6,87.54,14112.0,82.9,282648.0,92.6,163.8,4880.5,-8429.0,15605.4,0,3,100.976
2021.07,11,0.61,59.6,87.54,14112.0,82.9,282648.0,92.6,163.8,4880.5,-8429.0,15605.4,0,4,100.758
2021.07,11,0.61,59.6,87.54,14112.0,82.9,282648.0,92.6,163.8,4880.5,-8429.0,15605.4,0,5,100.739
2021.07,11,0.61,59.6,87.54,14112.0,82.9,282648.0,92.6,163.8,4880.5,-8429.0,15605.4,1,0,100.352
2021.07,11,0.61,59.6,87.54,14112.0,82.9,282648.0,92.6,163.8,4880.5,-8429.0,15605.4,1,1,100.292
2021.07,11,0.61,59.6,87.54,14112.0,82.9,282648.0,92.6,163.8,4880.5,-8429.0,15605.4,1,2,100.292
2021.07,11,0.61,59.6,87.54,14112.0,82.9,282648.0,92.6,163.8,4880.5,-8429.0,15605.4,1,3,100.108
2021.08,11,0.61,59.2,87.36,14162.0,83.133,282530.0,92.5,163.3,4852.417,-8117.0,15597.95,0,0,101.771
2021.08,11,0.61,59.2,87.36,14162.0,83.133,282530.0,92.5,163.3,4852.417,-8117.0,15597.95,0,1,102.149
2021.08,11,0.61,59.2,87.36,14162.0,83.133,282530.0,92.5,163.3,4852.417,-8117.0,15597.95,0,2,101.64
2021.08,11,0.61,59.2,87.36,14162.0,83.133,282530.0,92.5,163.3,4852.417,-8117.0,15597.95,0,3,101.683
2021.08,11,0.61,59.2,87.36,14162.0,83.133,282530.0,92.5,163.3,4852.417,-8117.0,15597.95,0,4,101.464
2021.08,11,0.61,59.2,87.36,14162.0,83.133,282530.0,92.5,163.3,4852.417,-8117.0,15597.95,0,5,101.329
2021.08,11,0.61,59.2,87.36,14162.0,83.133,282530.0,92.5,163.3,4852.417,-8117.0,15597.95,1,0,100.674
2021.08,11,0.61,59.2,87.36,14162.0,83.133,282530.0,92.5,163.3,4852.417,-8117.0,15597.95,1,1,100.655
2021.08,11,0.61,59.2,87.36,14162.0,83.133,282530.0,92.5,163.3,4852.417,-8117.0,15597.95,1,2,100.633
2021.08,11,0.61,59.2,87.36,14162.0,83.133,282530.0,92.5,163.3,4852.417,-8117.0,15597.95,1,3,100.338
2021.09,11,0.6,59.7,87.18,14212.0,83.367,282413.0,92.4,162.8,4824.333,-8119.0,15590.5,0,0,102.686
2021.09,11,0.6,59.7,87.18,14212.0,83.367,282413.0,92.4,162.8,4824.333,-8119.0,15590.5,0,1,103.198
2021.09,11,0.6,59.7,87.18,14212.0,83.367,282413.0,92.4,162.8,4824.333,-8119.0,15590.5,0,2,102.537
2021.09,11,0.6,59.7,87.18,14212.0,83.367,282413.0,92.4,162.8,4824.333,-8119.0,15590.5,0,3,102.628
2021.09,11,0.6,59.7,87.18,14212.0,83.367,282413.0,92.4,162.8,4824.333,-8119.0,15590.5,0,4,102.145
2021.09,11,0.6,59.7,87.18,14212.0,83.367,282413.0,92.4,162.8,4824.333,-8119.0,15590.5,0,5,102.299
2021.09,11,0.6,59.7,87.18,14212.0,83.367,282413.0,92.4,162.8,4824.333,-8119.0,15590.5,1,0,101.096
2021.09,11,0.6,59.7,87.18,14212.0,83.367,282413.0,92.4,162.8,4824.333,-8119.0,15590.5,1,1,101.092
2021.09,11,0.6,59.7,87.18,14212.0,83.367,282413.0,92.4,162.8,4824.333,-8119.0,15590.5,1,2,101.109
2021.09,11,0.6,59.7,87.18,14212.0,83.367,282413.0,92.4,162.8,4824.333,-8119.0,15590.5,1,3,100.76
2021.1,11,0.6,59.5,87.0,14263.0,83.6,282296.0,92.3,162.3,4796.25,-9389.0,15583.05,0,0,103.629
2021.1,11,0.6,59.5,87.0,14263.0,83.6,282296.0,92.3,162.3,4796.25,-9389.0,15583.05,0,1,104.17
2021.1,11,0.6,59.5,87.0,14263.0,83.6,282296.0,92.3,162.3,4796.25,-9389.0,15583.05,0,2,103.383
2021.1,11,0.6,59.5,87.0,14263.0,83.6,282296.0,92.3,162.3,4796.25,-9389.0,15583.05,0,3,103.241
2021.1,11,0.6,59.5,87.0,14263.0,83.6,282296.0,92.3,162.3,4796.25,-9389.0,15583.05,0,4,102.858
2021.1,11,0.6,59.5,87.0,14263.0,83.6,282296.0,92.3,162.3,4796.25,-9389.0,15583.05,0,5,102.966
2021.1,11,0.6,59.5,87.0,14263.0,83.6,282296.0,92.3,162.3,4796.25,-9389.0,15583.05,1,0,101.624
2021.1,11,0.6,59.5,87.0,14263.0,83.6,282296.0,92.3,162.3,4796.25,-9389.0,15583.05,1,1,101.707
2021.1,11,0.6,59.5,87.0,14263.0,83.6,282296.0,92.3,162.3,4796.25,-9389.0,15583.05,1,2,101.649
2021.1,11,0.6,59.5,87.0,14263.0,83.6,282296.0,92.3,162.3,4796.25,-9389.0,15583.05,1,3,101.295
2021.11,11,0.6,59.9,86.82,14313.0,83.833,282179.0,92.2,161.8,4768.167,-10554.0,15575.6,0,0,104.335
2021.11,11,0.6,59.9,86.82,14313.0,83.833,282179.0,92.2,161.8,4768.167,-10554.0,15575.6,0,1,104.79
2021.11,11,0.6,59.9,86.82,14313.0,83.833,282179.0,92.2,161.8,4768.167,-10554.0,15575.6,0,2,104.018
2021.11,11,0.6,59.9,86.82,14313.0,83.833,282179.0,92.2,161.8,4768.167,-10554.0,15575.6,0,3,103.892
2021.11,11,0.6,59.9,86.82,14313.0,83.833,282179.0,92.2,161.8,4768.167,-10554.0,15575.6,0,4,103.381
2021.11,11,0.6,59.9,86.82,14313.0,83.833,282179.0,92.2,161.8,4768.167,-10554.0,15575.6,0,5,103.608
2021.11,11,0.6,59.9,86.82,14313.0,83.833,282179.0,92.2,161.8,4768.167,-10554.0,15575.6,1,0,102.081
2021.11,11,0.6,59.9,86.82,14313.0,83.833,282179.0,92.2,161.8,4768.167,-10554.0,15575.6,1,1,102.148
2021.11,11,0.6,59.9,86.82,14313.0,83.833,282179.0,92.2,161.8,4768.167,-10554.0,15575.6,1,2,102.274
2021.11,11,0.6,59.9,86.82,14313.0,83.833,282179.0,92.2,161.8,4768.167,-10554.0,15575.6,1,3,101.832
2021.12,11,0.6,60.2,86.64,14364.0,84.067,282062.0,92.1,161.3,4740.083,-9229.0,15568.15,0,0,104.555
2021.12,11,0.6,60.2,86.64,14364.0,84.067,282062.0,92.1,161.3,4740.083,-9229.0,15568.15,0,1,105.06
2021.12,11,0.6,60.2,86.64,14364.0,84.067,282062.0,92.1,161.3,4740.083,-9229.0,15568.15,0,2,104.25
2021.12,11,0.6,60.2,86.64,14364.0,84.067,282062.0,92.1,161.3,4740.083,-9229.0,15568.15,0,3,104.036
2021.12,11,0.6,60.2,86.64,14364.0,84.067,282062.0,92.1,161.3,4740.083,-9229.0,15568.15,0,4,103.723
2021.12,11,0.6,60.2,86.64,14364.0,84.067,282062.0,92.1,161.3,4740.083,-9229.0,15568.15,0,5,103.885
2021.12,11,0.6,60.2,86.64,14364.0,84.067,282062.0,92.1,161.3,4740.083,-9229.0,15568.15,1,0,102.302
2021.12,11,0.6,60.2,86.64,14364.0,84.067,282062.0,92.1,161.3,4740.083,-9229.0,15568.15,1,1,102.497
2021.12,11,0.6,60.2,86.64,14364.0,84.067,282062.0,92.1,161.3,4740.083,-9229.0,15568.15,1,2,102.479
2021.12,11,0.6,60.2,86.64,14364.0,84.067,282062.0,92.1,161.3,4740.083,-9229.0,15568.15,1,3,102.061
2022.01,11,0.59,59.0,86.46,14414.0,84.3,281945.0,92.0,160.8,4712.0,-2408.0,15560.7,0,0,104.426
2022.01,11,0.59,59.0,86.46,14414.0,84.3,281945.0,92.0,160.8,4712.0,-2408.0,15560.7,0,1,105.007
2022.01,11,0.59,59.0,86.46,14414.0,84.3,281945.0,92.0,160.8,4712.0,-2408.0,15560.7,0,2,104.284
2022.01,11,0.59,59.0,86.46,14414.0,84.3,281945.0,92.0,160.8,4712.0,-2408.0,15560.7,0,3,104.212
2022.01,11,0.59,59.0,86.46,14414.0,84.3,281945.0,92.0,160.8,4712.0,-2408.0,15560.7,0,4,103.743
2022.01,11,0.59,59.0,86.46,14414.0,84.3,281945.0,92.0,160.8,4712.0,-2408.0,15560.7,0,5,103.908
2022.01,11,0.59,59.0,86.46,14414.0,84.3,281945.0,92.0,160.8,4712.0,-2408.0,15560.7,1,0,102.299
2022.01,11,0.59,59.0,86.46,14414.0,84.3,281945.0,92.0,160.8,4712.0,-2408.0,15560.7,1,1,102.547
2022.01,11,0.59,59.0,86.46,14414.0,84.3,281945.0,92.0,160.8,4712.0,-2408.0,15560.7,1,2,102.468
2022.01,11,0.59,59.0,86.46,14414.0,84.3,281945.0,92.0,160.8,4712.0,-2408.0,15560.7,1,3,102.097
