시점,사교육참여율,지역별
2009.01,68.100,강원
2009.02,67.967,강원
2009.03,67.833,강원
2009.04,67.700,강원
2009.05,67.567,강원
2009.06,67.433,강원
2009.07,67.300,강원
2009.08,67.167,강원
2009.09,67.033,강원
2009.10,66.900,강원
2009.11,66.767,강원
2009.12,66.633,강원
2010.01,66.500,강원
2010.02,66.050,강원
2010.03,65.600,강원
2010.04,65.150,강원
2010.05,64.700,강원
2010.06,64.250,강원
2010.07,63.800,강원
2010.08,63.350,강원
2010.09,62.900,강원
2010.10,62.450,강원
2010.11,62.000,강원
2010.12,61.550,강원
2011.01,61.100,강원
2011.02,61.383,강원
2011.03,61.667,강원
2011.04,61.950,강원
2011.05,62.233,강원
2011.06,62.517,강원
2011.07,62.800,강원
2011.08,63.083,강원
2011.09,63.367,강원
2011.10,63.650,강원
2011.11,63.933,강원
2011.12,64.217,강원
2012.01,64.500,강원
2012.02,64.283,강원
2012.03,64.067,강원
2012.04,63.850,강원
2012.05,63.633,강원
2012.06,63.417,강원
2012.07,63.200,강원
2012.08,62.983,강원
2012.09,62.767,강원
2012.10,62.550,강원
2012.11,62.333,강원
2012.12,62.117,강원
2013.01,61.900,강원
2013.02,61.817,강원
2013.03,61.733,강원
2013.04,61.650,강원
2013.05,61.567,강원
2013.06,61.483,강원
2013.07,61.400,강원
2013.08,61.317,강원
2013.09,61.233,강원
2013.10,61.150,강원
2013.11,61.067,강원
2013.12,60.983,강원
2014.01,60.900,강원
2014.02,61.008,강원
2014.03,61.117,강원
2014.04,61.225,강원
2014.05,61.333,강원
2014.06,61.442,강원
2014.07,61.550,강원
2014.08,61.658,강원
2014.09,61.767,강원
2014.10,61.875,강원
2014.11,61.983,강원
2014.12,62.092,강원
2015.01,62.200,강원
2015.02,62.133,강원
2015.03,62.067,강원
2015.04,62.000,강원
2015.05,61.933,강원
2015.06,61.867,강원
2015.07,61.800,강원
2015.08,61.733,강원
2015.09,61.667,강원
2015.10,61.600,강원
2015.11,61.533,강원
2015.12,61.467,강원
2016.01,61.400,강원
2016.02,61.742,강원
2016.03,62.083,강원
2016.04,62.425,강원
2016.05,62.767,강원
2016.06,63.108,강원
2016.07,63.450,강원
2016.08,63.792,강원
2016.09,64.133,강원
2016.10,64.475,강원
2016.11,64.817,강원
2016.12,65.158,강원
2017.01,65.500,강원
2017.02,65.525,강원
2017.03,65.550,강원
2017.04,65.575,강원
2017.05,65.600,강원
2017.06,65.625,강원
2017.07,65.650,강원
2017.08,65.675,강원
2017.09,65.700,강원
2017.10,65.725,강원
2017.11,65.750,강원
2017.12,65.775,강원
2018.01,65.800,강원
2018.02,65.792,강원
2018.03,65.783,강원
2018.04,65.775,강원
2018.05,65.767,강원
2018.06,65.758,강원
2018.07,65.750,강원
2018.08,65.742,강원
2018.09,65.733,강원
2018.10,65.725,강원
2018.11,65.717,강원
2018.12,65.708,강원
2019.01,65.700,강원
2019.02,65.525,강원
2019.03,65.350,강원
2019.04,65.175,강원
2019.05,65.000,강원
2019.06,64.825,강원
2019.07,64.650,강원
2019.08,64.475,강원
2019.09,64.300,강원
2019.10,64.125,강원
2019.11,63.950,강원
2019.12,63.775,강원
2020.01,63.600,강원
2020.02,64.108,강원
2020.03,64.617,강원
2020.04,65.125,강원
2020.05,65.633,강원
2020.06,66.142,강원
2020.07,66.650,강원
2020.08,67.158,강원
2020.09,67.667,강원
2020.10,68.175,강원
2020.11,68.683,강원
2020.12,69.192,강원
2021.01,69.700,강원
2021.02,69.750,강원
2021.03,69.800,강원
2021.04,69.850,강원
2021.05,69.900,강원
2021.06,69.950,강원
2021.07,70.000,강원
2021.08,70.050,강원
2021.09,70.100,강원
2021.10,70.150,강원
2021.11,70.200,강원
2021.12,70.250,강원
2022.01,70.300,강원
2022.02,70.492,강원
2022.03,70.683,강원
2022.04,70.875,강원
2022.05,71.067,강원
2022.06,71.258,강원
2022.07,71.450,강원
2022.08,71.642,강원
2022.09,71.833,강원
2022.10,72.025,강원
2022.11,72.217,강원
2022.12,72.408,강원
2023.01,72.600,강원
2009.01,77.400,경기
2009.02,77.325,경기
2009.03,77.250,경기
2009.04,77.175,경기
2009.05,77.100,경기
2009.06,77.025,경기
2009.07,76.950,경기
2009.08,76.875,경기
2009.09,76.800,경기
2009.10,76.725,경기
2009.11,76.650,경기
2009.12,76.575,경기
2010.01,76.500,경기
2010.02,76.408,경기
2010.03,76.317,경기
2010.04,76.225,경기
2010.05,76.133,경기
2010.06,76.042,경기
2010.07,75.950,경기
2010.08,75.858,경기
2010.09,75.767,경기
2010.10,75.675,경기
2010.11,75.583,경기
2010.12,75.492,경기
2011.01,75.400,경기
2011.02,75.025,경기
2011.03,74.650,경기
2011.04,74.275,경기
2011.05,73.900,경기
2011.06,73.525,경기
2011.07,73.150,경기
2011.08,72.775,경기
2011.09,72.400,경기
2011.10,72.025,경기
2011.11,71.650,경기
2011.12,71.275,경기
2012.01,70.900,경기
2012.02,70.992,경기
2012.03,71.083,경기
2012.04,71.175,경기
2012.05,71.267,경기
2012.06,71.358,경기
2012.07,71.450,경기
2012.08,71.542,경기
2012.09,71.633,경기
2012.10,71.725,경기
2012.11,71.817,경기
2012.12,71.908,경기
2013.01,72.000,경기
2013.02,72.067,경기
2013.03,72.133,경기
2013.04,72.200,경기
2013.05,72.267,경기
2013.06,72.333,경기
2013.07,72.400,경기
2013.08,72.467,경기
2013.09,72.533,경기
2013.10,72.600,경기
2013.11,72.667,경기
2013.12,72.733,경기
2014.01,72.800,경기
2014.02,72.758,경기
2014.03,72.717,경기
2014.04,72.675,경기
2014.05,72.633,경기
2014.06,72.592,경기
2014.07,72.550,경기
2014.08,72.508,경기
2014.09,72.467,경기
2014.10,72.425,경기
2014.11,72.383,경기
2014.12,72.342,경기
2015.01,72.300,경기
2015.02,72.233,경기
2015.03,72.167,경기
2015.04,72.100,경기
2015.05,72.033,경기
2015.06,71.967,경기
2015.07,71.900,경기
2015.08,71.833,경기
2015.09,71.767,경기
2015.10,71.700,경기
2015.11,71.633,경기
2015.12,71.567,경기
2016.01,71.500,경기
2016.02,71.708,경기
2016.03,71.917,경기
2016.04,72.125,경기
2016.05,72.333,경기
2016.06,72.542,경기
2016.07,72.750,경기
2016.08,72.958,경기
2016.09,73.167,경기
2016.10,73.375,경기
2016.11,73.583,경기
2016.12,73.792,경기
2017.01,74.000,경기
2017.02,74.175,경기
2017.03,74.350,경기
2017.04,74.525,경기
2017.05,74.700,경기
2017.06,74.875,경기
2017.07,75.050,경기
2017.08,75.225,경기
2017.09,75.400,경기
2017.10,75.575,경기
2017.11,75.750,경기
2017.12,75.925,경기
2018.01,76.100,경기
2018.02,76.283,경기
2018.03,76.467,경기
2018.04,76.650,경기
2018.05,76.833,경기
2018.06,77.017,경기
2018.07,77.200,경기
2018.08,77.383,경기
2018.09,77.567,경기
2018.10,77.750,경기
2018.11,77.933,경기
2018.12,78.117,경기
2019.01,78.300,경기
2019.02,77.475,경기
2019.03,76.650,경기
2019.04,75.825,경기
2019.05,75.000,경기
2019.06,74.175,경기
2019.07,73.350,경기
2019.08,72.525,경기
2019.09,71.700,경기
2019.10,70.875,경기
2019.11,70.050,경기
2019.12,69.225,경기
2020.01,68.400,경기
2020.02,69.167,경기
2020.03,69.933,경기
2020.04,70.700,경기
2020.05,71.467,경기
2020.06,72.233,경기
2020.07,73.000,경기
2020.08,73.767,경기
2020.09,74.533,경기
2020.10,75.300,경기
2020.11,76.067,경기
2020.12,76.833,경기
2021.01,77.600,경기
2021.02,77.975,경기
2021.03,78.350,경기
2021.04,78.725,경기
2021.05,79.100,경기
2021.06,79.475,경기
2021.07,79.850,경기
2021.08,80.225,경기
2021.09,80.600,경기
2021.10,80.975,경기
2021.11,81.350,경기
2021.12,81.725,경기
2022.01,82.100,경기
2022.02,82.083,경기
2022.03,82.067,경기
2022.04,82.050,경기
2022.05,82.033,경기
2022.06,82.017,경기
2022.07,82.000,경기
2022.08,81.983,경기
2022.09,81.967,경기
2022.10,81.950,경기
2022.11,81.933,경기
2022.12,81.917,경기
2023.01,81.900,경기
2009.01,75.600,경남
2009.02,75.433,경남
2009.03,75.267,경남
2009.04,75.100,경남
2009.05,74.933,경남
2009.06,74.767,경남
2009.07,74.600,경남
2009.08,74.433,경남
2009.09,74.267,경남
2009.10,74.100,경남
2009.11,73.933,경남
2009.12,73.767,경남
2010.01,73.600,경남
2010.02,73.250,경남
2010.03,72.900,경남
2010.04,72.550,경남
2010.05,72.200,경남
2010.06,71.850,경남
2010.07,71.500,경남
2010.08,71.150,경남
2010.09,70.800,경남
2010.10,70.450,경남
2010.11,70.100,경남
2010.12,69.750,경남
2011.01,69.400,경남
2011.02,69.333,경남
2011.03,69.267,경남
2011.04,69.200,경남
2011.05,69.133,경남
2011.06,69.067,경남
2011.07,69.000,경남
2011.08,68.933,경남
2011.09,68.867,경남
2011.10,68.800,경남
2011.11,68.733,경남
2011.12,68.667,경남
2012.01,68.600,경남
2012.02,68.492,경남
2012.03,68.383,경남
2012.04,68.275,경남
2012.05,68.167,경남
2012.06,68.058,경남
2012.07,67.950,경남
2012.08,67.842,경남
2012.09,67.733,경남
2012.10,67.625,경남
2012.11,67.517,경남
2012.12,67.408,경남
2013.01,67.300,경남
2013.02,67.283,경남
2013.03,67.267,경남
2013.04,67.250,경남
2013.05,67.233,경남
2013.06,67.217,경남
2013.07,67.200,경남
2013.08,67.183,경남
2013.09,67.167,경남
2013.10,67.150,경남
2013.11,67.133,경남
2013.12,67.117,경남
2014.01,67.100,경남
2014.02,67.083,경남
2014.03,67.067,경남
2014.04,67.050,경남
2014.05,67.033,경남
2014.06,67.017,경남
2014.07,67.000,경남
2014.08,66.983,경남
2014.09,66.967,경남
2014.10,66.950,경남
2014.11,66.933,경남
2014.12,66.917,경남
2015.01,66.900,경남
2015.02,66.758,경남
2015.03,66.617,경남
2015.04,66.475,경남
2015.05,66.333,경남
2015.06,66.192,경남
2015.07,66.050,경남
2015.08,65.908,경남
2015.09,65.767,경남
2015.10,65.625,경남
2015.11,65.483,경남
2015.12,65.342,경남
2016.01,65.200,경남
2016.02,65.600,경남
2016.03,66.000,경남
2016.04,66.400,경남
2016.05,66.800,경남
2016.06,67.200,경남
2016.07,67.600,경남
2016.08,68.000,경남
2016.09,68.400,경남
2016.10,68.800,경남
2016.11,69.200,경남
2016.12,69.600,경남
2017.01,70.000,경남
2017.02,70.025,경남
2017.03,70.050,경남
2017.04,70.075,경남
2017.05,70.100,경남
2017.06,70.125,경남
2017.07,70.150,경남
2017.08,70.175,경남
2017.09,70.200,경남
2017.10,70.225,경남
2017.11,70.250,경남
2017.12,70.275,경남
2018.01,70.300,경남
2018.02,70.442,경남
2018.03,70.583,경남
2018.04,70.725,경남
2018.05,70.867,경남
2018.06,71.008,경남
2018.07,71.150,경남
2018.08,71.292,경남
2018.09,71.433,경남
2018.10,71.575,경남
2018.11,71.717,경남
2018.12,71.858,경남
2019.01,72.000,경남
2019.02,71.400,경남
2019.03,70.800,경남
2019.04,70.200,경남
2019.05,69.600,경남
2019.06,69.000,경남
2019.07,68.400,경남
2019.08,67.800,경남
2019.09,67.200,경남
2019.10,66.600,경남
2019.11,66.000,경남
2019.12,65.400,경남
2020.01,64.800,경남
2020.02,65.458,경남
2020.03,66.117,경남
2020.04,66.775,경남
2020.05,67.433,경남
2020.06,68.092,경남
2020.07,68.750,경남
2020.08,69.408,경남
2020.09,70.067,경남
2020.10,70.725,경남
2020.11,71.383,경남
2020.12,72.042,경남
2021.01,72.700,경남
2021.02,72.917,경남
2021.03,73.133,경남
2021.04,73.350,경남
2021.05,73.567,경남
2021.06,73.783,경남
2021.07,74.000,경남
2021.08,74.217,경남
2021.09,74.433,경남
2021.10,74.650,경남
2021.11,74.867,경남
2021.12,75.083,경남
2022.01,75.300,경남
2022.02,75.267,경남
2022.03,75.233,경남
2022.04,75.200,경남
2022.05,75.167,경남
2022.06,75.133,경남
2022.07,75.100,경남
2022.08,75.067,경남
2022.09,75.033,경남
2022.10,75.000,경남
2022.11,74.967,경남
2022.12,74.933,경남
2023.01,74.900,경남
2009.01,74.000,경북
2009.02,73.667,경북
2009.03,73.333,경북
2009.04,73.000,경북
2009.05,72.667,경북
2009.06,72.333,경북
2009.07,72.000,경북
2009.08,71.667,경북
2009.09,71.333,경북
2009.10,71.000,경북
2009.11,70.667,경북
2009.12,70.333,경북
2010.01,70.000,경북
2010.02,69.875,경북
2010.03,69.750,경북
2010.04,69.625,경북
2010.05,69.500,경북
2010.06,69.375,경북
2010.07,69.250,경북
2010.08,69.125,경북
2010.09,69.000,경북
2010.10,68.875,경북
2010.11,68.750,경북
2010.12,68.625,경북
2011.01,68.500,경북
2011.02,68.425,경북
2011.03,68.350,경북
2011.04,68.275,경북
2011.05,68.200,경북
2011.06,68.125,경북
2011.07,68.050,경북
2011.08,67.975,경북
2011.09,67.900,경북
2011.10,67.825,경북
2011.11,67.750,경북
2011.12,67.675,경북
2012.01,67.600,경북
2012.02,67.325,경북
2012.03,67.050,경북
2012.04,66.775,경북
2012.05,66.500,경북
2012.06,66.225,경북
2012.07,65.950,경북
2012.08,65.675,경북
2012.09,65.400,경북
2012.10,65.125,경북
2012.11,64.850,경북
2012.12,64.575,경북
2013.01,64.300,경북
2013.02,64.317,경북
2013.03,64.333,경북
2013.04,64.350,경북
2013.05,64.367,경북
2013.06,64.383,경북
2013.07,64.400,경북
2013.08,64.417,경북
2013.09,64.433,경북
2013.10,64.450,경북
2013.11,64.467,경북
2013.12,64.483,경북
2014.01,64.500,경북
2014.02,64.500,경북
2014.03,64.500,경북
2014.04,64.500,경북
2014.05,64.500,경북
2014.06,64.500,경북
2014.07,64.500,경북
2014.08,64.500,경북
2014.09,64.500,경북
2014.10,64.500,경북
2014.11,64.500,경북
2014.12,64.500,경북
2015.01,64.500,경북
2015.02,64.458,경북
2015.03,64.417,경북
2015.04,64.375,경북
2015.05,64.333,경북
2015.06,64.292,경북
2015.07,64.250,경북
2015.08,64.208,경북
2015.09,64.167,경북
2015.10,64.125,경북
2015.11,64.083,경북
2015.12,64.042,경북
2016.01,64.000,경북
2016.02,64.275,경북
2016.03,64.550,경북
2016.04,64.825,경북
2016.05,65.100,경북
2016.06,65.375,경북
2016.07,65.650,경북
2016.08,65.925,경북
2016.09,66.200,경북
2016.10,66.475,경북
2016.11,66.750,경북
2016.12,67.025,경북
2017.01,67.300,경북
2017.02,67.333,경북
2017.03,67.367,경북
2017.04,67.400,경북
2017.05,67.433,경북
2017.06,67.467,경북
2017.07,67.500,경북
2017.08,67.533,경북
2017.09,67.567,경북
2017.10,67.600,경북
2017.11,67.633,경북
2017.12,67.667,경북
2018.01,67.700,경북
2018.02,67.867,경북
2018.03,68.033,경북
2018.04,68.200,경북
2018.05,68.367,경북
2018.06,68.533,경북
2018.07,68.700,경북
2018.08,68.867,경북
2018.09,69.033,경북
2018.10,69.200,경북
2018.11,69.367,경북
2018.12,69.533,경북
2019.01,69.700,경북
2019.02,68.933,경북
2019.03,68.167,경북
2019.04,67.400,경북
2019.05,66.633,경북
2019.06,65.867,경북
2019.07,65.100,경북
2019.08,64.333,경북
2019.09,63.567,경북
2019.10,62.800,경북
2019.11,62.033,경북
2019.12,61.267,경북
2020.01,60.500,경북
2020.02,61.442,경북
2020.03,62.383,경북
2020.04,63.325,경북
2020.05,64.267,경북
2020.06,65.208,경북
2020.07,66.150,경북
2020.08,67.092,경북
2020.09,68.033,경북
2020.10,68.975,경북
2020.11,69.917,경북
2020.12,70.858,경북
2021.01,71.800,경북
2021.02,71.883,경북
2021.03,71.967,경북
2021.04,72.050,경북
2021.05,72.133,경북
2021.06,72.217,경북
2021.07,72.300,경북
2021.08,72.383,경북
2021.09,72.467,경북
2021.10,72.550,경북
2021.11,72.633,경북
2021.12,72.717,경북
2022.01,72.800,경북
2022.02,72.883,경북
2022.03,72.967,경북
2022.04,73.050,경북
2022.05,73.133,경북
2022.06,73.217,경북
2022.07,73.300,경북
2022.08,73.383,경북
2022.09,73.467,경북
2022.10,73.550,경북
2022.11,73.633,경북
2022.12,73.717,경북
2023.01,73.800,경북
2009.01,75.900,광주
2009.02,75.783,광주
2009.03,75.667,광주
2009.04,75.550,광주
2009.05,75.433,광주
2009.06,75.317,광주
2009.07,75.200,광주
2009.08,75.083,광주
2009.09,74.967,광주
2009.10,74.850,광주
2009.11,74.733,광주
2009.12,74.617,광주
2010.01,74.500,광주
2010.02,74.350,광주
2010.03,74.200,광주
2010.04,74.050,광주
2010.05,73.900,광주
2010.06,73.750,광주
2010.07,73.600,광주
2010.08,73.450,광주
2010.09,73.300,광주
2010.10,73.150,광주
2010.11,73.000,광주
2010.12,72.850,광주
2011.01,72.700,광주
2011.02,72.542,광주
2011.03,72.383,광주
2011.04,72.225,광주
2011.05,72.067,광주
2011.06,71.908,광주
2011.07,71.750,광주
2011.08,71.592,광주
2011.09,71.433,광주
2011.10,71.275,광주
2011.11,71.117,광주
2011.12,70.958,광주
2012.01,70.800,광주
2012.02,70.717,광주
2012.03,70.633,광주
2012.04,70.550,광주
2012.05,70.467,광주
2012.06,70.383,광주
2012.07,70.300,광주
2012.08,70.217,광주
2012.09,70.133,광주
2012.10,70.050,광주
2012.11,69.967,광주
2012.12,69.883,광주
2013.01,69.800,광주
2013.02,69.708,광주
2013.03,69.617,광주
2013.04,69.525,광주
2013.05,69.433,광주
2013.06,69.342,광주
2013.07,69.250,광주
2013.08,69.158,광주
2013.09,69.067,광주
2013.10,68.975,광주
2013.11,68.883,광주
2013.12,68.792,광주
2014.01,68.700,광주
2014.02,68.708,광주
2014.03,68.717,광주
2014.04,68.725,광주
2014.05,68.733,광주
2014.06,68.742,광주
2014.07,68.750,광주
2014.08,68.758,광주
2014.09,68.767,광주
2014.10,68.775,광주
2014.11,68.783,광주
2014.12,68.792,광주
2015.01,68.800,광주
2015.02,68.467,광주
2015.03,68.133,광주
2015.04,67.800,광주
2015.05,67.467,광주
2015.06,67.133,광주
2015.07,66.800,광주
2015.08,66.467,광주
2015.09,66.133,광주
2015.10,65.800,광주
2015.11,65.467,광주
2015.12,65.133,광주
2016.01,64.800,광주
2016.02,65.125,광주
2016.03,65.450,광주
2016.04,65.775,광주
2016.05,66.100,광주
2016.06,66.425,광주
2016.07,66.750,광주
2016.08,67.075,광주
2016.09,67.400,광주
2016.10,67.725,광주
2016.11,68.050,광주
2016.12,68.375,광주
2017.01,68.700,광주
2017.02,68.758,광주
2017.03,68.817,광주
2017.04,68.875,광주
2017.05,68.933,광주
2017.06,68.992,광주
2017.07,69.050,광주
2017.08,69.108,광주
2017.09,69.167,광주
2017.10,69.225,광주
2017.11,69.283,광주
2017.12,69.342,광주
2018.01,69.400,광주
2018.02,69.758,광주
2018.03,70.117,광주
2018.04,70.475,광주
2018.05,70.833,광주
2018.06,71.192,광주
2018.07,71.550,광주
2018.08,71.908,광주
2018.09,72.267,광주
2018.10,72.625,광주
2018.11,72.983,광주
2018.12,73.342,광주
2019.01,73.700,광주
2019.02,73.150,광주
2019.03,72.600,광주
2019.04,72.050,광주
2019.05,71.500,광주
2019.06,70.950,광주
2019.07,70.400,광주
2019.08,69.850,광주
2019.09,69.300,광주
2019.10,68.750,광주
2019.11,68.200,광주
2019.12,67.650,광주
2020.01,67.100,광주
2020.02,67.642,광주
2020.03,68.183,광주
2020.04,68.725,광주
2020.05,69.267,광주
2020.06,69.808,광주
2020.07,70.350,광주
2020.08,70.892,광주
2020.09,71.433,광주
2020.10,71.975,광주
2020.11,72.517,광주
2020.12,73.058,광주
2021.01,73.600,광주
2021.02,73.708,광주
2021.03,73.817,광주
2021.04,73.925,광주
2021.05,74.033,광주
2021.06,74.142,광주
2021.07,74.250,광주
2021.08,74.358,광주
2021.09,74.467,광주
2021.10,74.575,광주
2021.11,74.683,광주
2021.12,74.792,광주
2022.01,74.900,광주
2022.02,75.017,광주
2022.03,75.133,광주
2022.04,75.250,광주
2022.05,75.367,광주
2022.06,75.483,광주
2022.07,75.600,광주
2022.08,75.717,광주
2022.09,75.833,광주
2022.10,75.950,광주
2022.11,76.067,광주
2022.12,76.183,광주
2023.01,76.300,광주
2009.01,77.500,대구
2009.02,77.492,대구
2009.03,77.483,대구
2009.04,77.475,대구
2009.05,77.467,대구
2009.06,77.458,대구
2009.07,77.450,대구
2009.08,77.442,대구
2009.09,77.433,대구
2009.10,77.425,대구
2009.11,77.417,대구
2009.12,77.408,대구
2010.01,77.400,대구
2010.02,77.150,대구
2010.03,76.900,대구
2010.04,76.650,대구
2010.05,76.400,대구
2010.06,76.150,대구
2010.07,75.900,대구
2010.08,75.650,대구
2010.09,75.400,대구
2010.10,75.150,대구
2010.11,74.900,대구
2010.12,74.650,대구
2011.01,74.400,대구
2011.02,74.483,대구
2011.03,74.567,대구
2011.04,74.650,대구
2011.05,74.733,대구
2011.06,74.817,대구
2011.07,74.900,대구
2011.08,74.983,대구
2011.09,75.067,대구
2011.10,75.150,대구
2011.11,75.233,대구
2011.12,75.317,대구
2012.01,75.400,대구
2012.02,75.108,대구
2012.03,74.817,대구
2012.04,74.525,대구
2012.05,74.233,대구
2012.06,73.942,대구
2012.07,73.650,대구
2012.08,73.358,대구
2012.09,73.067,대구
2012.10,72.775,대구
2012.11,72.483,대구
2012.12,72.192,대구
2013.01,71.900,대구
2013.02,71.767,대구
2013.03,71.633,대구
2013.04,71.500,대구
2013.05,71.367,대구
2013.06,71.233,대구
2013.07,71.100,대구
2013.08,70.967,대구
2013.09,70.833,대구
2013.10,70.700,대구
2013.11,70.567,대구
2013.12,70.433,대구
2014.01,70.300,대구
2014.02,70.383,대구
2014.03,70.467,대구
2014.04,70.550,대구
2014.05,70.633,대구
2014.06,70.717,대구
2014.07,70.800,대구
2014.08,70.883,대구
2014.09,70.967,대구
2014.10,71.050,대구
2014.11,71.133,대구
2014.12,71.217,대구
2015.01,71.300,대구
2015.02,71.100,대구
2015.03,70.900,대구
2015.04,70.700,대구
2015.05,70.500,대구
2015.06,70.300,대구
2015.07,70.100,대구
2015.08,69.900,대구
2015.09,69.700,대구
2015.10,69.500,대구
2015.11,69.300,대구
2015.12,69.100,대구
2016.01,68.900,대구
2016.02,69.325,대구
2016.03,69.750,대구
2016.04,70.175,대구
2016.05,70.600,대구
2016.06,71.025,대구
2016.07,71.450,대구
2016.08,71.875,대구
2016.09,72.300,대구
2016.10,72.725,대구
2016.11,73.150,대구
2016.12,73.575,대구
2017.01,74.000,대구
2017.02,73.975,대구
2017.03,73.950,대구
2017.04,73.925,대구
2017.05,73.900,대구
2017.06,73.875,대구
2017.07,73.850,대구
2017.08,73.825,대구
2017.09,73.800,대구
2017.10,73.775,대구
2017.11,73.750,대구
2017.12,73.725,대구
2018.01,73.700,대구
2018.02,73.850,대구
2018.03,74.000,대구
2018.04,74.150,대구
2018.05,74.300,대구
2018.06,74.450,대구
2018.07,74.600,대구
2018.08,74.750,대구
2018.09,74.900,대구
2018.10,75.050,대구
2018.11,75.200,대구
2018.12,75.350,대구
2019.01,75.500,대구
2019.02,74.700,대구
2019.03,73.900,대구
2019.04,73.100,대구
2019.05,72.300,대구
2019.06,71.500,대구
2019.07,70.700,대구
2019.08,69.900,대구
2019.09,69.100,대구
2019.10,68.300,대구
2019.11,67.500,대구
2019.12,66.700,대구
2020.01,65.900,대구
2020.02,67.000,대구
2020.03,68.100,대구
2020.04,69.200,대구
2020.05,70.300,대구
2020.06,71.400,대구
2020.07,72.500,대구
2020.08,73.600,대구
2020.09,74.700,대구
2020.10,75.800,대구
2020.11,76.900,대구
2020.12,78.000,대구
2021.01,79.100,대구
2021.02,79.167,대구
2021.03,79.233,대구
2021.04,79.300,대구
2021.05,79.367,대구
2021.06,79.433,대구
2021.07,79.500,대구
2021.08,79.567,대구
2021.09,79.633,대구
2021.10,79.700,대구
2021.11,79.767,대구
2021.12,79.833,대구
2022.01,79.900,대구
2022.02,79.925,대구
2022.03,79.950,대구
2022.04,79.975,대구
2022.05,80.000,대구
2022.06,80.025,대구
2022.07,80.050,대구
2022.08,80.075,대구
2022.09,80.100,대구
2022.10,80.125,대구
2022.11,80.150,대구
2022.12,80.175,대구
2023.01,80.200,대구
2009.01,74.200,대전
2009.02,74.300,대전
2009.03,74.400,대전
2009.04,74.500,대전
2009.05,74.600,대전
2009.06,74.700,대전
2009.07,74.800,대전
2009.08,74.900,대전
2009.09,75.000,대전
2009.10,75.100,대전
2009.11,75.200,대전
2009.12,75.300,대전
2010.01,75.400,대전
2010.02,75.217,대전
2010.03,75.033,대전
2010.04,74.850,대전
2010.05,74.667,대전
2010.06,74.483,대전
2010.07,74.300,대전
2010.08,74.117,대전
2010.09,73.933,대전
2010.10,73.750,대전
2010.11,73.567,대전
2010.12,73.383,대전
2011.01,73.200,대전
2011.02,73.217,대전
2011.03,73.233,대전
2011.04,73.250,대전
2011.05,73.267,대전
2011.06,73.283,대전
2011.07,73.300,대전
2011.08,73.317,대전
2011.09,73.333,대전
2011.10,73.350,대전
2011.11,73.367,대전
2011.12,73.383,대전
2012.01,73.400,대전
2012.02,73.342,대전
2012.03,73.283,대전
2012.04,73.225,대전
2012.05,73.167,대전
2012.06,73.108,대전
2012.07,73.050,대전
2012.08,72.992,대전
2012.09,72.933,대전
2012.10,72.875,대전
2012.11,72.817,대전
2012.12,72.758,대전
2013.01,72.700,대전
2013.02,72.517,대전
2013.03,72.333,대전
2013.04,72.150,대전
2013.05,71.967,대전
2013.06,71.783,대전
2013.07,71.600,대전
2013.08,71.417,대전
2013.09,71.233,대전
2013.10,71.050,대전
2013.11,70.867,대전
2013.12,70.683,대전
2014.01,70.500,대전
2014.02,70.475,대전
2014.03,70.450,대전
2014.04,70.425,대전
2014.05,70.400,대전
2014.06,70.375,대전
2014.07,70.350,대전
2014.08,70.325,대전
2014.09,70.300,대전
2014.10,70.275,대전
2014.11,70.250,대전
2014.12,70.225,대전
2015.01,70.200,대전
2015.02,70.083,대전
2015.03,69.967,대전
2015.04,69.850,대전
2015.05,69.733,대전
2015.06,69.617,대전
2015.07,69.500,대전
2015.08,69.383,대전
2015.09,69.267,대전
2015.10,69.150,대전
2015.11,69.033,대전
2015.12,68.917,대전
2016.01,68.800,대전
2016.02,69.125,대전
2016.03,69.450,대전
2016.04,69.775,대전
2016.05,70.100,대전
2016.06,70.425,대전
2016.07,70.750,대전
2016.08,71.075,대전
2016.09,71.400,대전
2016.10,71.725,대전
2016.11,72.050,대전
2016.12,72.375,대전
2017.01,72.700,대전
2017.02,72.792,대전
2017.03,72.883,대전
2017.04,72.975,대전
2017.05,73.067,대전
2017.06,73.158,대전
2017.07,73.250,대전
2017.08,73.342,대전
2017.09,73.433,대전
2017.10,73.525,대전
2017.11,73.617,대전
2017.12,73.708,대전
2018.01,73.800,대전
2018.02,73.858,대전
2018.03,73.917,대전
2018.04,73.975,대전
2018.05,74.033,대전
2018.06,74.092,대전
2018.07,74.150,대전
2018.08,74.208,대전
2018.09,74.267,대전
2018.10,74.325,대전
2018.11,74.383,대전
2018.12,74.442,대전
2019.01,74.500,대전
2019.02,73.975,대전
2019.03,73.450,대전
2019.04,72.925,대전
2019.05,72.400,대전
2019.06,71.875,대전
2019.07,71.350,대전
2019.08,70.825,대전
2019.09,70.300,대전
2019.10,69.775,대전
2019.11,69.250,대전
2019.12,68.725,대전
2020.01,68.200,대전
2020.02,68.817,대전
2020.03,69.433,대전
2020.04,70.050,대전
2020.05,70.667,대전
2020.06,71.283,대전
2020.07,71.900,대전
2020.08,72.517,대전
2020.09,73.133,대전
2020.10,73.750,대전
2020.11,74.367,대전
2020.12,74.983,대전
2021.01,75.600,대전
2021.02,75.775,대전
2021.03,75.950,대전
2021.04,76.125,대전
2021.05,76.300,대전
2021.06,76.475,대전
2021.07,76.650,대전
2021.08,76.825,대전
2021.09,77.000,대전
2021.10,77.175,대전
2021.11,77.350,대전
2021.12,77.525,대전
2022.01,77.700,대전
2022.02,77.717,대전
2022.03,77.733,대전
2022.04,77.750,대전
2022.05,77.767,대전
2022.06,77.783,대전
2022.07,77.800,대전
2022.08,77.817,대전
2022.09,77.833,대전
2022.10,77.850,대전
2022.11,77.867,대전
2022.12,77.883,대전
2023.01,77.900,대전
2009.01,72.400,부산
2009.02,72.425,부산
2009.03,72.450,부산
2009.04,72.475,부산
2009.05,72.500,부산
2009.06,72.525,부산
2009.07,72.550,부산
2009.08,72.575,부산
2009.09,72.600,부산
2009.10,72.625,부산
2009.11,72.650,부산
2009.12,72.675,부산
2010.01,72.700,부산
2010.02,72.450,부산
2010.03,72.200,부산
2010.04,71.950,부산
2010.05,71.700,부산
2010.06,71.450,부산
2010.07,71.200,부산
2010.08,70.950,부산
2010.09,70.700,부산
2010.10,70.450,부산
2010.11,70.200,부산
2010.12,69.950,부산
2011.01,69.700,부산
2011.02,69.617,부산
2011.03,69.533,부산
2011.04,69.450,부산
2011.05,69.367,부산
2011.06,69.283,부산
2011.07,69.200,부산
2011.08,69.117,부산
2011.09,69.033,부산
2011.10,68.950,부산
2011.11,68.867,부산
2011.12,68.783,부산
2012.01,68.700,부산
2012.02,68.583,부산
2012.03,68.467,부산
2012.04,68.350,부산
2012.05,68.233,부산
2012.06,68.117,부산
2012.07,68.000,부산
2012.08,67.883,부산
2012.09,67.767,부산
2012.10,67.650,부산
2012.11,67.533,부산
2012.12,67.417,부산
2013.01,67.300,부산
2013.02,67.175,부산
2013.03,67.050,부산
2013.04,66.925,부산
2013.05,66.800,부산
2013.06,66.675,부산
2013.07,66.550,부산
2013.08,66.425,부산
2013.09,66.300,부산
2013.10,66.175,부산
2013.11,66.050,부산
2013.12,65.925,부산
2014.01,65.800,부산
2014.02,65.967,부산
2014.03,66.133,부산
2014.04,66.300,부산
2014.05,66.467,부산
2014.06,66.633,부산
2014.07,66.800,부산
2014.08,66.967,부산
2014.09,67.133,부산
2014.10,67.300,부산
2014.11,67.467,부산
2014.12,67.633,부산
2015.01,67.800,부산
2015.02,67.967,부산
2015.03,68.133,부산
2015.04,68.300,부산
2015.05,68.467,부산
2015.06,68.633,부산
2015.07,68.800,부산
2015.08,68.967,부산
2015.09,69.133,부산
2015.10,69.300,부산
2015.11,69.467,부산
2015.12,69.633,부산
2016.01,69.800,부산
2016.02,70.067,부산
2016.03,70.333,부산
2016.04,70.600,부산
2016.05,70.867,부산
2016.06,71.133,부산
2016.07,71.400,부산
2016.08,71.667,부산
2016.09,71.933,부산
2016.10,72.200,부산
2016.11,72.467,부산
2016.12,72.733,부산
2017.01,73.000,부산
2017.02,72.775,부산
2017.03,72.550,부산
2017.04,72.325,부산
2017.05,72.100,부산
2017.06,71.875,부산
2017.07,71.650,부산
2017.08,71.425,부산
2017.09,71.200,부산
2017.10,70.975,부산
2017.11,70.750,부산
2017.12,70.525,부산
2018.01,70.300,부산
2018.02,70.767,부산
2018.03,71.233,부산
2018.04,71.700,부산
2018.05,72.167,부산
2018.06,72.633,부산
2018.07,73.100,부산
2018.08,73.567,부산
2018.09,74.033,부산
2018.10,74.500,부산
2018.11,74.967,부산
2018.12,75.433,부산
2019.01,75.900,부산
2019.02,75.167,부산
2019.03,74.433,부산
2019.04,73.700,부산
2019.05,72.967,부산
2019.06,72.233,부산
2019.07,71.500,부산
2019.08,70.767,부산
2019.09,70.033,부산
2019.10,69.300,부산
2019.11,68.567,부산
2019.12,67.833,부산
2020.01,67.100,부산
2020.02,67.958,부산
2020.03,68.817,부산
2020.04,69.675,부산
2020.05,70.533,부산
2020.06,71.392,부산
2020.07,72.250,부산
2020.08,73.108,부산
2020.09,73.967,부산
2020.10,74.825,부산
2020.11,75.683,부산
2020.12,76.542,부산
2021.01,77.400,부산
2021.02,77.508,부산
2021.03,77.617,부산
2021.04,77.725,부산
2021.05,77.833,부산
2021.06,77.942,부산
2021.07,78.050,부산
2021.08,78.158,부산
2021.09,78.267,부산
2021.10,78.375,부산
2021.11,78.483,부산
2021.12,78.592,부산
2022.01,78.700,부산
2022.02,78.817,부산
2022.03,78.933,부산
2022.04,79.050,부산
2022.05,79.167,부산
2022.06,79.283,부산
2022.07,79.400,부산
2022.08,79.517,부산
2022.09,79.633,부산
2022.10,79.750,부산
2022.11,79.867,부산
2022.12,79.983,부산
2023.01,80.100,부산
2009.01,79.600,서울
2009.02,79.425,서울
2009.03,79.250,서울
2009.04,79.075,서울
2009.05,78.900,서울
2009.06,78.725,서울
2009.07,78.550,서울
2009.08,78.375,서울
2009.09,78.200,서울
2009.10,78.025,서울
2009.11,77.850,서울
2009.12,77.675,서울
2010.01,77.500,서울
2010.02,77.458,서울
2010.03,77.417,서울
2010.04,77.375,서울
2010.05,77.333,서울
2010.06,77.292,서울
2010.07,77.250,서울
2010.08,77.208,서울
2010.09,77.167,서울
2010.10,77.125,서울
2010.11,77.083,서울
2010.12,77.042,서울
2011.01,77.000,서울
2011.02,76.708,서울
2011.03,76.417,서울
2011.04,76.125,서울
2011.05,75.833,서울
2011.06,75.542,서울
2011.07,75.250,서울
2011.08,74.958,서울
2011.09,74.667,서울
2011.10,74.375,서울
2011.11,74.083,서울
2011.12,73.792,서울
2012.01,73.500,서울
2012.02,73.625,서울
2012.03,73.750,서울
2012.04,73.875,서울
2012.05,74.000,서울
2012.06,74.125,서울
2012.07,74.250,서울
2012.08,74.375,서울
2012.09,74.500,서울
2012.10,74.625,서울
2012.11,74.750,서울
2012.12,74.875,서울
2013.01,75.000,서울
2013.02,74.950,서울
2013.03,74.900,서울
2013.04,74.850,서울
2013.05,74.800,서울
2013.06,74.750,서울
2013.07,74.700,서울
2013.08,74.650,서울
2013.09,74.600,서울
2013.10,74.550,서울
2013.11,74.500,서울
2013.12,74.450,서울
2014.01,74.400,서울
2014.02,74.392,서울
2014.03,74.383,서울
2014.04,74.375,서울
2014.05,74.367,서울
2014.06,74.358,서울
2014.07,74.350,서울
2014.08,74.342,서울
2014.09,74.333,서울
2014.10,74.325,서울
2014.11,74.317,서울
2014.12,74.308,서울
2015.01,74.300,서울
2015.02,74.250,서울
2015.03,74.200,서울
2015.04,74.150,서울
2015.05,74.100,서울
2015.06,74.050,서울
2015.07,74.000,서울
2015.08,73.950,서울
2015.09,73.900,서울
2015.10,73.850,서울
2015.11,73.800,서울
2015.12,73.750,서울
2016.01,73.700,서울
2016.02,74.025,서울
2016.03,74.350,서울
2016.04,74.675,서울
2016.05,75.000,서울
2016.06,75.325,서울
2016.07,75.650,서울
2016.08,75.975,서울
2016.09,76.300,서울
2016.10,76.625,서울
2016.11,76.950,서울
2016.12,77.275,서울
2017.01,77.600,서울
2017.02,77.792,서울
2017.03,77.983,서울
2017.04,78.175,서울
2017.05,78.367,서울
2017.06,78.558,서울
2017.07,78.750,서울
2017.08,78.942,서울
2017.09,79.133,서울
2017.10,79.325,서울
2017.11,79.517,서울
2017.12,79.708,서울
2018.01,79.900,서울
2018.02,79.908,서울
2018.03,79.917,서울
2018.04,79.925,서울
2018.05,79.933,서울
2018.06,79.942,서울
2018.07,79.950,서울
2018.08,79.958,서울
2018.09,79.967,서울
2018.10,79.975,서울
2018.11,79.983,서울
2018.12,79.992,서울
2019.01,80.000,서울
2019.02,79.583,서울
2019.03,79.167,서울
2019.04,78.750,서울
2019.05,78.333,서울
2019.06,77.917,서울
2019.07,77.500,서울
2019.08,77.083,서울
2019.09,76.667,서울
2019.10,76.250,서울
2019.11,75.833,서울
2019.12,75.417,서울
2020.01,75.000,서울
2020.02,75.542,서울
2020.03,76.083,서울
2020.04,76.625,서울
2020.05,77.167,서울
2020.06,77.708,서울
2020.07,78.250,서울
2020.08,78.792,서울
2020.09,79.333,서울
2020.10,79.875,서울
2020.11,80.417,서울
2020.12,80.958,서울
2021.01,81.500,서울
2021.02,81.733,서울
2021.03,81.967,서울
2021.04,82.200,서울
2021.05,82.433,서울
2021.06,82.667,서울
2021.07,82.900,서울
2021.08,83.133,서울
2021.09,83.367,서울
2021.10,83.600,서울
2021.11,83.833,서울
2021.12,84.067,서울
2022.01,84.300,서울
2022.02,84.342,서울
2022.03,84.383,서울
2022.04,84.425,서울
2022.05,84.467,서울
2022.06,84.508,서울
2022.07,84.550,서울
2022.08,84.592,서울
2022.09,84.633,서울
2022.10,84.675,서울
2022.11,84.717,서울
2022.12,84.758,서울
2023.01,84.800,서울
2014.01,66.300,세종
2014.02,66.417,세종
2014.03,66.533,세종
2014.04,66.650,세종
2014.05,66.767,세종
2014.06,66.883,세종
2014.07,67.000,세종
2014.08,67.117,세종
2014.09,67.233,세종
2014.10,67.350,세종
2014.11,67.467,세종
2014.12,67.583,세종
2015.01,67.700,세종
2015.02,67.825,세종
2015.03,67.950,세종
2015.04,68.075,세종
2015.05,68.200,세종
2015.06,68.325,세종
2015.07,68.450,세종
2015.08,68.575,세종
2015.09,68.700,세종
2015.10,68.825,세종
2015.11,68.950,세종
2015.12,69.075,세종
2016.01,69.200,세종
2016.02,69.642,세종
2016.03,70.083,세종
2016.04,70.525,세종
2016.05,70.967,세종
2016.06,71.408,세종
2016.07,71.850,세종
2016.08,72.292,세종
2016.09,72.733,세종
2016.10,73.175,세종
2016.11,73.617,세종
2016.12,74.058,세종
2017.01,74.500,세종
2017.02,74.783,세종
2017.03,75.067,세종
2017.04,75.350,세종
2017.05,75.633,세종
2017.06,75.917,세종
2017.07,76.200,세종
2017.08,76.483,세종
2017.09,76.767,세종
2017.10,77.050,세종
2017.11,77.333,세종
2017.12,77.617,세종
2018.01,77.900,세종
2018.02,78.183,세종
2018.03,78.467,세종
2018.04,78.750,세종
2018.05,79.033,세종
2018.06,79.317,세종
2018.07,79.600,세종
2018.08,79.883,세종
2018.09,80.167,세종
2018.10,80.450,세종
2018.11,80.733,세종
2018.12,81.017,세종
2019.01,81.300,세종
2019.02,80.608,세종
2019.03,79.917,세종
2019.04,79.225,세종
2019.05,78.533,세종
2019.06,77.842,세종
2019.07,77.150,세종
2019.08,76.458,세종
2019.09,75.767,세종
2019.10,75.075,세종
2019.11,74.383,세종
2019.12,73.692,세종
2020.01,73.000,세종
2020.02,73.675,세종
2020.03,74.350,세종
2020.04,75.025,세종
2020.05,75.700,세종
2020.06,76.375,세종
2020.07,77.050,세종
2020.08,77.725,세종
2020.09,78.400,세종
2020.10,79.075,세종
2020.11,79.750,세종
2020.12,80.425,세종
2021.01,81.100,세종
2021.02,81.050,세종
2021.03,81.000,세종
2021.04,80.950,세종
2021.05,80.900,세종
2021.06,80.850,세종
2021.07,80.800,세종
2021.08,80.750,세종
2021.09,80.700,세종
2021.10,80.650,세종
2021.11,80.600,세종
2021.12,80.550,세종
2022.01,80.500,세종
2022.02,80.783,세종
2022.03,81.067,세종
2022.04,81.350,세종
2022.05,81.633,세종
2022.06,81.917,세종
2022.07,82.200,세종
2022.08,82.483,세종
2022.09,82.767,세종
2022.10,83.050,세종
2022.11,83.333,세종
2022.12,83.617,세종
2023.01,83.900,세종
2009.01,75.400,울산
2009.02,75.242,울산
2009.03,75.083,울산
2009.04,74.925,울산
2009.05,74.767,울산
2009.06,74.608,울산
2009.07,74.450,울산
2009.08,74.292,울산
2009.09,74.133,울산
2009.10,73.975,울산
2009.11,73.817,울산
2009.12,73.658,울산
2010.01,73.500,울산
2010.02,73.400,울산
2010.03,73.300,울산
2010.04,73.200,울산
2010.05,73.100,울산
2010.06,73.000,울산
2010.07,72.900,울산
2010.08,72.800,울산
2010.09,72.700,울산
2010.10,72.600,울산
2010.11,72.500,울산
2010.12,72.400,울산
2011.01,72.300,울산
2011.02,72.183,울산
2011.03,72.067,울산
2011.04,71.950,울산
2011.05,71.833,울산
2011.06,71.717,울산
2011.07,71.600,울산
2011.08,71.483,울산
2011.09,71.367,울산
2011.10,71.250,울산
2011.11,71.133,울산
2011.12,71.017,울산
2012.01,70.900,울산
2012.02,70.600,울산
2012.03,70.300,울산
2012.04,70.000,울산
2012.05,69.700,울산
2012.06,69.400,울산
2012.07,69.100,울산
2012.08,68.800,울산
2012.09,68.500,울산
2012.10,68.200,울산
2012.11,67.900,울산
2012.12,67.600,울산
2013.01,67.300,울산
2013.02,67.325,울산
2013.03,67.350,울산
2013.04,67.375,울산
2013.05,67.400,울산
2013.06,67.425,울산
2013.07,67.450,울산
2013.08,67.475,울산
2013.09,67.500,울산
2013.10,67.525,울산
2013.11,67.550,울산
2013.12,67.575,울산
2014.01,67.600,울산
2014.02,67.767,울산
2014.03,67.933,울산
2014.04,68.100,울산
2014.05,68.267,울산
2014.06,68.433,울산
2014.07,68.600,울산
2014.08,68.767,울산
2014.09,68.933,울산
2014.10,69.100,울산
2014.11,69.267,울산
2014.12,69.433,울산
2015.01,69.600,울산
2015.02,69.475,울산
2015.03,69.350,울산
2015.04,69.225,울산
2015.05,69.100,울산
2015.06,68.975,울산
2015.07,68.850,울산
2015.08,68.725,울산
2015.09,68.600,울산
2015.10,68.475,울산
2015.11,68.350,울산
2015.12,68.225,울산
2016.01,68.100,울산
2016.02,68.208,울산
2016.03,68.317,울산
2016.04,68.425,울산
2016.05,68.533,울산
2016.06,68.642,울산
2016.07,68.750,울산
2016.08,68.858,울산
2016.09,68.967,울산
2016.10,69.075,울산
2016.11,69.183,울산
2016.12,69.292,울산
2017.01,69.400,울산
2017.02,69.725,울산
2017.03,70.050,울산
2017.04,70.375,울산
2017.05,70.700,울산
2017.06,71.025,울산
2017.07,71.350,울산
2017.08,71.675,울산
2017.09,72.000,울산
2017.10,72.325,울산
2017.11,72.650,울산
2017.12,72.975,울산
2018.01,73.300,울산
2018.02,73.275,울산
2018.03,73.250,울산
2018.04,73.225,울산
2018.05,73.200,울산
2018.06,73.175,울산
2018.07,73.150,울산
2018.08,73.125,울산
2018.09,73.100,울산
2018.10,73.075,울산
2018.11,73.050,울산
2018.12,73.025,울산
2019.01,73.000,울산
2019.02,72.350,울산
2019.03,71.700,울산
2019.04,71.050,울산
2019.05,70.400,울산
2019.06,69.750,울산
2019.07,69.100,울산
2019.08,68.450,울산
2019.09,67.800,울산
2019.10,67.150,울산
2019.11,66.500,울산
2019.12,65.850,울산
2020.01,65.200,울산
2020.02,65.908,울산
2020.03,66.617,울산
2020.04,67.325,울산
2020.05,68.033,울산
2020.06,68.742,울산
2020.07,69.450,울산
2020.08,70.158,울산
2020.09,70.867,울산
2020.10,71.575,울산
2020.11,72.283,울산
2020.12,72.992,울산
2021.01,73.700,울산
2021.02,74.092,울산
2021.03,74.483,울산
2021.04,74.875,울산
2021.05,75.267,울산
2021.06,75.658,울산
2021.07,76.050,울산
2021.08,76.442,울산
2021.09,76.833,울산
2021.10,77.225,울산
2021.11,77.617,울산
2021.12,78.008,울산
2022.01,78.400,울산
2022.02,78.383,울산
2022.03,78.367,울산
2022.04,78.350,울산
2022.05,78.333,울산
2022.06,78.317,울산
2022.07,78.300,울산
2022.08,78.283,울산
2022.09,78.267,울산
2022.10,78.250,울산
2022.11,78.233,울산
2022.12,78.217,울산
2023.01,78.200,울산
2009.01,73.900,인천
2009.02,73.750,인천
2009.03,73.600,인천
2009.04,73.450,인천
2009.05,73.300,인천
2009.06,73.150,인천
2009.07,73.000,인천
2009.08,72.850,인천
2009.09,72.700,인천
2009.10,72.550,인천
2009.11,72.400,인천
2009.12,72.250,인천
2010.01,72.100,인천
2010.02,71.925,인천
2010.03,71.750,인천
2010.04,71.575,인천
2010.05,71.400,인천
2010.06,71.225,인천
2010.07,71.050,인천
2010.08,70.875,인천
2010.09,70.700,인천
2010.10,70.525,인천
2010.11,70.350,인천
2010.12,70.175,인천
2011.01,70.000,인천
2011.02,69.717,인천
2011.03,69.433,인천
2011.04,69.150,인천
2011.05,68.867,인천
2011.06,68.583,인천
2011.07,68.300,인천
2011.08,68.017,인천
2011.09,67.733,인천
2011.10,67.450,인천
2011.11,67.167,인천
2011.12,66.883,인천
2012.01,66.600,인천
2012.02,66.492,인천
2012.03,66.383,인천
2012.04,66.275,인천
2012.05,66.167,인천
2012.06,66.058,인천
2012.07,65.950,인천
2012.08,65.842,인천
2012.09,65.733,인천
2012.10,65.625,인천
2012.11,65.517,인천
2012.12,65.408,인천
2013.01,65.300,인천
2013.02,65.350,인천
2013.03,65.400,인천
2013.04,65.450,인천
2013.05,65.500,인천
2013.06,65.550,인천
2013.07,65.600,인천
2013.08,65.650,인천
2013.09,65.700,인천
2013.10,65.750,인천
2013.11,65.800,인천
2013.12,65.850,인천
2014.01,65.900,인천
2014.02,65.900,인천
2014.03,65.900,인천
2014.04,65.900,인천
2014.05,65.900,인천
2014.06,65.900,인천
2014.07,65.900,인천
2014.08,65.900,인천
2014.09,65.900,인천
2014.10,65.900,인천
2014.11,65.900,인천
2014.12,65.900,인천
2015.01,65.900,인천
2015.02,65.817,인천
2015.03,65.733,인천
2015.04,65.650,인천
2015.05,65.567,인천
2015.06,65.483,인천
2015.07,65.400,인천
2015.08,65.317,인천
2015.09,65.233,인천
2015.10,65.150,인천
2015.11,65.067,인천
2015.12,64.983,인천
2016.01,64.900,인천
2016.02,65.158,인천
2016.03,65.417,인천
2016.04,65.675,인천
2016.05,65.933,인천
2016.06,66.192,인천
2016.07,66.450,인천
2016.08,66.708,인천
2016.09,66.967,인천
2016.10,67.225,인천
2016.11,67.483,인천
2016.12,67.742,인천
2017.01,68.000,인천
2017.02,68.383,인천
2017.03,68.767,인천
2017.04,69.150,인천
2017.05,69.533,인천
2017.06,69.917,인천
2017.07,70.300,인천
2017.08,70.683,인천
2017.09,71.067,인천
2017.10,71.450,인천
2017.11,71.833,인천
2017.12,72.217,인천
2018.01,72.600,인천
2018.02,72.808,인천
2018.03,73.017,인천
2018.04,73.225,인천
2018.05,73.433,인천
2018.06,73.642,인천
2018.07,73.850,인천
2018.08,74.058,인천
2018.09,74.267,인천
2018.10,74.475,인천
2018.11,74.683,인천
2018.12,74.892,인천
2019.01,75.100,인천
2019.02,74.392,인천
2019.03,73.683,인천
2019.04,72.975,인천
2019.05,72.267,인천
2019.06,71.558,인천
2019.07,70.850,인천
2019.08,70.142,인천
2019.09,69.433,인천
2019.10,68.725,인천
2019.11,68.017,인천
2019.12,67.308,인천
2020.01,66.600,인천
2020.02,67.208,인천
2020.03,67.817,인천
2020.04,68.425,인천
2020.05,69.033,인천
2020.06,69.642,인천
2020.07,70.250,인천
2020.08,70.858,인천
2020.09,71.467,인천
2020.10,72.075,인천
2020.11,72.683,인천
2020.12,73.292,인천
2021.01,73.900,인천
2021.02,74.233,인천
2021.03,74.567,인천
2021.04,74.900,인천
2021.05,75.233,인천
2021.06,75.567,인천
2021.07,75.900,인천
2021.08,76.233,인천
2021.09,76.567,인천
2021.10,76.900,인천
2021.11,77.233,인천
2021.12,77.567,인천
2022.01,77.900,인천
2022.02,77.850,인천
2022.03,77.800,인천
2022.04,77.750,인천
2022.05,77.700,인천
2022.06,77.650,인천
2022.07,77.600,인천
2022.08,77.550,인천
2022.09,77.500,인천
2022.10,77.450,인천
2022.11,77.400,인천
2022.12,77.350,인천
2023.01,77.300,인천
2009.01,67.700,전남
2009.02,67.550,전남
2009.03,67.400,전남
2009.04,67.250,전남
2009.05,67.100,전남
2009.06,66.950,전남
2009.07,66.800,전남
2009.08,66.650,전남
2009.09,66.500,전남
2009.10,66.350,전남
2009.11,66.200,전남
2009.12,66.050,전남
2010.01,65.900,전남
2010.02,65.633,전남
2010.03,65.367,전남
2010.04,65.100,전남
2010.05,64.833,전남
2010.06,64.567,전남
2010.07,64.300,전남
2010.08,64.033,전남
2010.09,63.767,전남
2010.10,63.500,전남
2010.11,63.233,전남
2010.12,62.967,전남
2011.01,62.700,전남
2011.02,62.650,전남
2011.03,62.600,전남
2011.04,62.550,전남
2011.05,62.500,전남
2011.06,62.450,전남
2011.07,62.400,전남
2011.08,62.350,전남
2011.09,62.300,전남
2011.10,62.250,전남
2011.11,62.200,전남
2011.12,62.150,전남
2012.01,62.100,전남
2012.02,61.842,전남
2012.03,61.583,전남
2012.04,61.325,전남
2012.05,61.067,전남
2012.06,60.808,전남
2012.07,60.550,전남
2012.08,60.292,전남
2012.09,60.033,전남
2012.10,59.775,전남
2012.11,59.517,전남
2012.12,59.258,전남
2013.01,59.000,전남
2013.02,58.958,전남
2013.03,58.917,전남
2013.04,58.875,전남
2013.05,58.833,전남
2013.06,58.792,전남
2013.07,58.750,전남
2013.08,58.708,전남
2013.09,58.667,전남
2013.10,58.625,전남
2013.11,58.583,전남
2013.12,58.542,전남
2014.01,58.500,전남
2014.02,58.592,전남
2014.03,58.683,전남
2014.04,58.775,전남
2014.05,58.867,전남
2014.06,58.958,전남
2014.07,59.050,전남
2014.08,59.142,전남
2014.09,59.233,전남
2014.10,59.325,전남
2014.11,59.417,전남
2014.12,59.508,전남
2015.01,59.600,전남
2015.02,59.208,전남
2015.03,58.817,전남
2015.04,58.425,전남
2015.05,58.033,전남
2015.06,57.642,전남
2015.07,57.250,전남
2015.08,56.858,전남
2015.09,56.467,전남
2015.10,56.075,전남
2015.11,55.683,전남
2015.12,55.292,전남
2016.01,54.900,전남
2016.02,55.075,전남
2016.03,55.250,전남
2016.04,55.425,전남
2016.05,55.600,전남
2016.06,55.775,전남
2016.07,55.950,전남
2016.08,56.125,전남
2016.09,56.300,전남
2016.10,56.475,전남
2016.11,56.650,전남
2016.12,56.825,전남
2017.01,57.000,전남
2017.02,57.375,전남
2017.03,57.750,전남
2017.04,58.125,전남
2017.05,58.500,전남
2017.06,58.875,전남
2017.07,59.250,전남
2017.08,59.625,전남
2017.09,60.000,전남
2017.10,60.375,전남
2017.11,60.750,전남
2017.12,61.125,전남
2018.01,61.500,전남
2018.02,61.450,전남
2018.03,61.400,전남
2018.04,61.350,전남
2018.05,61.300,전남
2018.06,61.250,전남
2018.07,61.200,전남
2018.08,61.150,전남
2018.09,61.100,전남
2018.10,61.050,전남
2018.11,61.000,전남
2018.12,60.950,전남
2019.01,60.900,전남
2019.02,60.667,전남
2019.03,60.433,전남
2019.04,60.200,전남
2019.05,59.967,전남
2019.06,59.733,전남
2019.07,59.500,전남
2019.08,59.267,전남
2019.09,59.033,전남
2019.10,58.800,전남
2019.11,58.567,전남
2019.12,58.333,전남
2020.01,58.100,전남
2020.02,58.800,전남
2020.03,59.500,전남
2020.04,60.200,전남
2020.05,60.900,전남
2020.06,61.600,전남
2020.07,62.300,전남
2020.08,63.000,전남
2020.09,63.700,전남
2020.10,64.400,전남
2020.11,65.100,전남
2020.12,65.800,전남
2021.01,66.500,전남
2021.02,66.592,전남
2021.03,66.683,전남
2021.04,66.775,전남
2021.05,66.867,전남
2021.06,66.958,전남
2021.07,67.050,전남
2021.08,67.142,전남
2021.09,67.233,전남
2021.10,67.325,전남
2021.11,67.417,전남
2021.12,67.508,전남
2022.01,67.600,전남
2022.02,67.575,전남
2022.03,67.550,전남
2022.04,67.525,전남
2022.05,67.500,전남
2022.06,67.475,전남
2022.07,67.450,전남
2022.08,67.425,전남
2022.09,67.400,전남
2022.10,67.375,전남
2022.11,67.350,전남
2022.12,67.325,전남
2023.01,67.300,전남
2009.01,65.800,전북
2009.02,65.750,전북
2009.03,65.700,전북
2009.04,65.650,전북
2009.05,65.600,전북
2009.06,65.550,전북
2009.07,65.500,전북
2009.08,65.450,전북
2009.09,65.400,전북
2009.10,65.350,전북
2009.11,65.300,전북
2009.12,65.250,전북
2010.01,65.200,전북
2010.02,64.842,전북
2010.03,64.483,전북
2010.04,64.125,전북
2010.05,63.767,전북
2010.06,63.408,전북
2010.07,63.050,전북
2010.08,62.692,전북
2010.09,62.333,전북
2010.10,61.975,전북
2010.11,61.617,전북
2010.12,61.258,전북
2011.01,60.900,전북
2011.02,60.992,전북
2011.03,61.083,전북
2011.04,61.175,전북
2011.05,61.267,전북
2011.06,61.358,전북
2011.07,61.450,전북
2011.08,61.542,전북
2011.09,61.633,전북
2011.10,61.725,전북
2011.11,61.817,전북
2011.12,61.908,전북
2012.01,62.000,전북
2012.02,61.825,전북
2012.03,61.650,전북
2012.04,61.475,전북
2012.05,61.300,전북
2012.06,61.125,전북
2012.07,60.950,전북
2012.08,60.775,전북
2012.09,60.600,전북
2012.10,60.425,전북
2012.11,60.250,전북
2012.12,60.075,전북
2013.01,59.900,전북
2013.02,59.858,전북
2013.03,59.817,전북
2013.04,59.775,전북
2013.05,59.733,전북
2013.06,59.692,전북
2013.07,59.650,전북
2013.08,59.608,전북
2013.09,59.567,전북
2013.10,59.525,전북
2013.11,59.483,전북
2013.12,59.442,전북
2014.01,59.400,전북
2014.02,59.500,전북
2014.03,59.600,전북
2014.04,59.700,전북
2014.05,59.800,전북
2014.06,59.900,전북
2014.07,60.000,전북
2014.08,60.100,전북
2014.09,60.200,전북
2014.10,60.300,전북
2014.11,60.400,전북
2014.12,60.500,전북
2015.01,60.600,전북
2015.02,60.625,전북
2015.03,60.650,전북
2015.04,60.675,전북
2015.05,60.700,전북
2015.06,60.725,전북
2015.07,60.750,전북
2015.08,60.775,전북
2015.09,60.800,전북
2015.10,60.825,전북
2015.11,60.850,전북
2015.12,60.875,전북
2016.01,60.900,전북
2016.02,61.208,전북
2016.03,61.517,전북
2016.04,61.825,전북
2016.05,62.133,전북
2016.06,62.442,전북
2016.07,62.750,전북
2016.08,63.058,전북
2016.09,63.367,전북
2016.10,63.675,전북
2016.11,63.983,전북
2016.12,64.292,전북
2017.01,64.600,전북
2017.02,64.675,전북
2017.03,64.750,전북
2017.04,64.825,전북
2017.05,64.900,전북
2017.06,64.975,전북
2017.07,65.050,전북
2017.08,65.125,전북
2017.09,65.200,전북
2017.10,65.275,전북
2017.11,65.350,전북
2017.12,65.425,전북
2018.01,65.500,전북
2018.02,65.733,전북
2018.03,65.967,전북
2018.04,66.200,전북
2018.05,66.433,전북
2018.06,66.667,전북
2018.07,66.900,전북
2018.08,67.133,전북
2018.09,67.367,전북
2018.10,67.600,전북
2018.11,67.833,전북
2018.12,68.067,전북
2019.01,68.300,전북
2019.02,67.842,전북
2019.03,67.383,전북
2019.04,66.925,전북
2019.05,66.467,전북
2019.06,66.008,전북
2019.07,65.550,전북
2019.08,65.092,전북
2019.09,64.633,전북
2019.10,64.175,전북
2019.11,63.717,전북
2019.12,63.258,전북
2020.01,62.800,전북
2020.02,63.383,전북
2020.03,63.967,전북
2020.04,64.550,전북
2020.05,65.133,전북
2020.06,65.717,전북
2020.07,66.300,전북
2020.08,66.883,전북
2020.09,67.467,전북
2020.10,68.050,전북
2020.11,68.633,전북
2020.12,69.217,전북
2021.01,69.800,전북
2021.02,69.883,전북
2021.03,69.967,전북
2021.04,70.050,전북
2021.05,70.133,전북
2021.06,70.217,전북
2021.07,70.300,전북
2021.08,70.383,전북
2021.09,70.467,전북
2021.10,70.550,전북
2021.11,70.633,전북
2021.12,70.717,전북
2022.01,70.800,전북
2022.02,70.717,전북
2022.03,70.633,전북
2022.04,70.550,전북
2022.05,70.467,전북
2022.06,70.383,전북
2022.07,70.300,전북
2022.08,70.217,전북
2022.09,70.133,전북
2022.10,70.050,전북
2022.11,69.967,전북
2022.12,69.883,전북
2023.01,69.800,전북
2009.01,68.700,제주
2009.02,68.808,제주
2009.03,68.917,제주
2009.04,69.025,제주
2009.05,69.133,제주
2009.06,69.242,제주
2009.07,69.350,제주
2009.08,69.458,제주
2009.09,69.567,제주
2009.10,69.675,제주
2009.11,69.783,제주
2009.12,69.892,제주
2010.01,70.000,제주
2010.02,69.875,제주
2010.03,69.750,제주
2010.04,69.625,제주
2010.05,69.500,제주
2010.06,69.375,제주
2010.07,69.250,제주
2010.08,69.125,제주
2010.09,69.000,제주
2010.10,68.875,제주
2010.11,68.750,제주
2010.12,68.625,제주
2011.01,68.500,제주
2011.02,68.333,제주
2011.03,68.167,제주
2011.04,68.000,제주
2011.05,67.833,제주
2011.06,67.667,제주
2011.07,67.500,제주
2011.08,67.333,제주
2011.09,67.167,제주
2011.10,67.000,제주
2011.11,66.833,제주
2011.12,66.667,제주
2012.01,66.500,제주
2012.02,66.325,제주
2012.03,66.150,제주
2012.04,65.975,제주
2012.05,65.800,제주
2012.06,65.625,제주
2012.07,65.450,제주
2012.08,65.275,제주
2012.09,65.100,제주
2012.10,64.925,제주
2012.11,64.750,제주
2012.12,64.575,제주
2013.01,64.400,제주
2013.02,64.308,제주
2013.03,64.217,제주
2013.04,64.125,제주
2013.05,64.033,제주
2013.06,63.942,제주
2013.07,63.850,제주
2013.08,63.758,제주
2013.09,63.667,제주
2013.10,63.575,제주
2013.11,63.483,제주
2013.12,63.392,제주
2014.01,63.300,제주
2014.02,63.375,제주
2014.03,63.450,제주
2014.04,63.525,제주
2014.05,63.600,제주
2014.06,63.675,제주
2014.07,63.750,제주
2014.08,63.825,제주
2014.09,63.900,제주
2014.10,63.975,제주
2014.11,64.050,제주
2014.12,64.125,제주
2015.01,64.200,제주
2015.02,64.233,제주
2015.03,64.267,제주
2015.04,64.300,제주
2015.05,64.333,제주
2015.06,64.367,제주
2015.07,64.400,제주
2015.08,64.433,제주
2015.09,64.467,제주
2015.10,64.500,제주
2015.11,64.533,제주
2015.12,64.567,제주
2016.01,64.600,제주
2016.02,64.742,제주
2016.03,64.883,제주
2016.04,65.025,제주
2016.05,65.167,제주
2016.06,65.308,제주
2016.07,65.450,제주
2016.08,65.592,제주
2016.09,65.733,제주
2016.10,65.875,제주
2016.11,66.017,제주
2016.12,66.158,제주
2017.01,66.300,제주
2017.02,66.475,제주
2017.03,66.650,제주
2017.04,66.825,제주
2017.05,67.000,제주
2017.06,67.175,제주
2017.07,67.350,제주
2017.08,67.525,제주
2017.09,67.700,제주
2017.10,67.875,제주
2017.11,68.050,제주
2017.12,68.225,제주
2018.01,68.400,제주
2018.02,68.708,제주
2018.03,69.017,제주
2018.04,69.325,제주
2018.05,69.633,제주
2018.06,69.942,제주
2018.07,70.250,제주
2018.08,70.558,제주
2018.09,70.867,제주
2018.10,71.175,제주
2018.11,71.483,제주
2018.12,71.792,제주
2019.01,72.100,제주
2019.02,71.667,제주
2019.03,71.233,제주
2019.04,70.800,제주
2019.05,70.367,제주
2019.06,69.933,제주
2019.07,69.500,제주
2019.08,69.067,제주
2019.09,68.633,제주
2019.10,68.200,제주
2019.11,67.767,제주
2019.12,67.333,제주
2020.01,66.900,제주
2020.02,67.383,제주
2020.03,67.867,제주
2020.04,68.350,제주
2020.05,68.833,제주
2020.06,69.317,제주
2020.07,69.800,제주
2020.08,70.283,제주
2020.09,70.767,제주
2020.10,71.250,제주
2020.11,71.733,제주
2020.12,72.217,제주
2021.01,72.700,제주
2021.02,72.750,제주
2021.03,72.800,제주
2021.04,72.850,제주
2021.05,72.900,제주
2021.06,72.950,제주
2021.07,73.000,제주
2021.08,73.050,제주
2021.09,73.100,제주
2021.10,73.150,제주
2021.11,73.200,제주
2021.12,73.250,제주
2022.01,73.300,제주
2022.02,73.425,제주
2022.03,73.550,제주
2022.04,73.675,제주
2022.05,73.800,제주
2022.06,73.925,제주
2022.07,74.050,제주
2022.08,74.175,제주
2022.09,74.300,제주
2022.10,74.425,제주
2022.11,74.550,제주
2022.12,74.675,제주
2023.01,74.800,제주
2009.01,68.500,충남
2009.02,68.308,충남
2009.03,68.117,충남
2009.04,67.925,충남
2009.05,67.733,충남
2009.06,67.542,충남
2009.07,67.350,충남
2009.08,67.158,충남
2009.09,66.967,충남
2009.10,66.775,충남
2009.11,66.583,충남
2009.12,66.392,충남
2010.01,66.200,충남
2010.02,66.242,충남
2010.03,66.283,충남
2010.04,66.325,충남
2010.05,66.367,충남
2010.06,66.408,충남
2010.07,66.450,충남
2010.08,66.492,충남
2010.09,66.533,충남
2010.10,66.575,충남
2010.11,66.617,충남
2010.12,66.658,충남
2011.01,66.700,충남
2011.02,66.242,충남
2011.03,65.783,충남
2011.04,65.325,충남
2011.05,64.867,충남
2011.06,64.408,충남
2011.07,63.950,충남
2011.08,63.492,충남
2011.09,63.033,충남
2011.10,62.575,충남
2011.11,62.117,충남
2011.12,61.658,충남
2012.01,61.200,충남
2012.02,61.158,충남
2012.03,61.117,충남
2012.04,61.075,충남
2012.05,61.033,충남
2012.06,60.992,충남
2012.07,60.950,충남
2012.08,60.908,충남
2012.09,60.867,충남
2012.10,60.825,충남
2012.11,60.783,충남
2012.12,60.742,충남
2013.01,60.700,충남
2013.02,60.733,충남
2013.03,60.767,충남
2013.04,60.800,충남
2013.05,60.833,충남
2013.06,60.867,충남
2013.07,60.900,충남
2013.08,60.933,충남
2013.09,60.967,충남
2013.10,61.000,충남
2013.11,61.033,충남
2013.12,61.067,충남
2014.01,61.100,충남
2014.02,61.108,충남
2014.03,61.117,충남
2014.04,61.125,충남
2014.05,61.133,충남
2014.06,61.142,충남
2014.07,61.150,충남
2014.08,61.158,충남
2014.09,61.167,충남
2014.10,61.175,충남
2014.11,61.183,충남
2014.12,61.192,충남
2015.01,61.200,충남
2015.02,61.000,충남
2015.03,60.800,충남
2015.04,60.600,충남
2015.05,60.400,충남
2015.06,60.200,충남
2015.07,60.000,충남
2015.08,59.800,충남
2015.09,59.600,충남
2015.10,59.400,충남
2015.11,59.200,충남
2015.12,59.000,충남
2016.01,58.800,충남
2016.02,59.283,충남
2016.03,59.767,충남
2016.04,60.250,충남
2016.05,60.733,충남
2016.06,61.217,충남
2016.07,61.700,충남
2016.08,62.183,충남
2016.09,62.667,충남
2016.10,63.150,충남
2016.11,63.633,충남
2016.12,64.117,충남
2017.01,64.600,충남
2017.02,64.525,충남
2017.03,64.450,충남
2017.04,64.375,충남
2017.05,64.300,충남
2017.06,64.225,충남
2017.07,64.150,충남
2017.08,64.075,충남
2017.09,64.000,충남
2017.10,63.925,충남
2017.11,63.850,충남
2017.12,63.775,충남
2018.01,63.700,충남
2018.02,64.175,충남
2018.03,64.650,충남
2018.04,65.125,충남
2018.05,65.600,충남
2018.06,66.075,충남
2018.07,66.550,충남
2018.08,67.025,충남
2018.09,67.500,충남
2018.10,67.975,충남
2018.11,68.450,충남
2018.12,68.925,충남
2019.01,69.400,충남
2019.02,68.550,충남
2019.03,67.700,충남
2019.04,66.850,충남
2019.05,66.000,충남
2019.06,65.150,충남
2019.07,64.300,충남
2019.08,63.450,충남
2019.09,62.600,충남
2019.10,61.750,충남
2019.11,60.900,충남
2019.12,60.050,충남
2020.01,59.200,충남
2020.02,59.867,충남
2020.03,60.533,충남
2020.04,61.200,충남
2020.05,61.867,충남
2020.06,62.533,충남
2020.07,63.200,충남
2020.08,63.867,충남
2020.09,64.533,충남
2020.10,65.200,충남
2020.11,65.867,충남
2020.12,66.533,충남
2021.01,67.200,충남
2021.02,67.342,충남
2021.03,67.483,충남
2021.04,67.625,충남
2021.05,67.767,충남
2021.06,67.908,충남
2021.07,68.050,충남
2021.08,68.192,충남
2021.09,68.333,충남
2021.10,68.475,충남
2021.11,68.617,충남
2021.12,68.758,충남
2022.01,68.900,충남
2022.02,69.008,충남
2022.03,69.117,충남
2022.04,69.225,충남
2022.05,69.333,충남
2022.06,69.442,충남
2022.07,69.550,충남
2022.08,69.658,충남
2022.09,69.767,충남
2022.10,69.875,충남
2022.11,69.983,충남
2022.12,70.092,충남
2023.01,70.200,충남
2009.01,69.400,충북
2009.02,69.192,충북
2009.03,68.983,충북
2009.04,68.775,충북
2009.05,68.567,충북
2009.06,68.358,충북
2009.07,68.150,충북
2009.08,67.942,충북
2009.09,67.733,충북
2009.10,67.525,충북
2009.11,67.317,충북
2009.12,67.108,충북
2010.01,66.900,충북
2010.02,66.733,충북
2010.03,66.567,충북
2010.04,66.400,충북
2010.05,66.233,충북
2010.06,66.067,충북
2010.07,65.900,충북
2010.08,65.733,충북
2010.09,65.567,충북
2010.10,65.400,충북
2010.11,65.233,충북
2010.12,65.067,충북
2011.01,64.900,충북
2011.02,64.817,충북
2011.03,64.733,충북
2011.04,64.650,충북
2011.05,64.567,충북
2011.06,64.483,충북
2011.07,64.400,충북
2011.08,64.317,충북
2011.09,64.233,충북
2011.10,64.150,충북
2011.11,64.067,충북
2011.12,63.983,충북
2012.01,63.900,충북
2012.02,63.783,충북
2012.03,63.667,충북
2012.04,63.550,충북
2012.05,63.433,충북
2012.06,63.317,충북
2012.07,63.200,충북
2012.08,63.083,충북
2012.09,62.967,충북
2012.10,62.850,충북
2012.11,62.733,충북
2012.12,62.617,충북
2013.01,62.500,충북
2013.02,62.350,충북
2013.03,62.200,충북
2013.04,62.050,충북
2013.05,61.900,충북
2013.06,61.750,충북
2013.07,61.600,충북
2013.08,61.450,충북
2013.09,61.300,충북
2013.10,61.150,충북
2013.11,61.000,충북
2013.12,60.850,충북
2014.01,60.700,충북
2014.02,60.775,충북
2014.03,60.850,충북
2014.04,60.925,충북
2014.05,61.000,충북
2014.06,61.075,충북
2014.07,61.150,충북
2014.08,61.225,충북
2014.09,61.300,충북
2014.10,61.375,충북
2014.11,61.450,충북
2014.12,61.525,충북
2015.01,61.600,충북
2015.02,61.508,충북
2015.03,61.417,충북
2015.04,61.325,충북
2015.05,61.233,충북
2015.06,61.142,충북
2015.07,61.050,충북
2015.08,60.958,충북
2015.09,60.867,충북
2015.10,60.775,충북
2015.11,60.683,충북
2015.12,60.592,충북
2016.01,60.500,충북
2016.02,60.708,충북
2016.03,60.917,충북
2016.04,61.125,충북
2016.05,61.333,충북
2016.06,61.542,충북
2016.07,61.750,충북
2016.08,61.958,충북
2016.09,62.167,충북
2016.10,62.375,충북
2016.11,62.583,충북
2016.12,62.792,충북
2017.01,63.000,충북
2017.02,63.533,충북
2017.03,64.067,충북
2017.04,64.600,충북
2017.05,65.133,충북
2017.06,65.667,충북
2017.07,66.200,충북
2017.08,66.733,충북
2017.09,67.267,충북
2017.10,67.800,충북
2017.11,68.333,충북
2017.12,68.867,충북
2018.01,69.400,충북
2018.02,69.367,충북
2018.03,69.333,충북
2018.04,69.300,충북
2018.05,69.267,충북
2018.06,69.233,충북
2018.07,69.200,충북
2018.08,69.167,충북
2018.09,69.133,충북
2018.10,69.100,충북
2018.11,69.067,충북
2018.12,69.033,충북
2019.01,69.000,충북
2019.02,68.383,충북
2019.03,67.767,충북
2019.04,67.150,충북
2019.05,66.533,충북
2019.06,65.917,충북
2019.07,65.300,충북
2019.08,64.683,충북
2019.09,64.067,충북
2019.10,63.450,충북
2019.11,62.833,충북
2019.12,62.217,충북
2020.01,61.600,충북
2020.02,62.258,충북
2020.03,62.917,충북
2020.04,63.575,충북
2020.05,64.233,충북
2020.06,64.892,충북
2020.07,65.550,충북
2020.08,66.208,충북
2020.09,66.867,충북
2020.10,67.525,충북
2020.11,68.183,충북
2020.12,68.842,충북
2021.01,69.500,충북
2021.02,69.800,충북
2021.03,70.100,충북
2021.04,70.400,충북
2021.05,70.700,충북
2021.06,71.000,충북
2021.07,71.300,충북
2021.08,71.600,충북
2021.09,71.900,충북
2021.10,72.200,충북
2021.11,72.500,충북
2021.12,72.800,충북
2022.01,73.100,충북
2022.02,73.008,충북
2022.03,72.917,충북
2022.04,72.825,충북
2022.05,72.733,충북
2022.06,72.642,충북
2022.07,72.550,충북
2022.08,72.458,충북
2022.09,72.367,충북
2022.10,72.275,충북
2022.11,72.183,충북
2022.12,72.092,충북
2023.01,72.000,충북
