시점,사설학원수,지역별
2003.01,2146,강원
2003.02,2135,강원
2003.03,2124,강원
2003.04,2112,강원
2003.05,2101,강원
2003.06,2090,강원
2003.07,2079,강원
2003.08,2068,강원
2003.09,2057,강원
2003.10,2046,강원
2003.11,2034,강원
2003.12,2023,강원
2004.01,2012,강원
2004.02,2023,강원
2004.03,2033,강원
2004.04,2044,강원
2004.05,2054,강원
2004.06,2065,강원
2004.07,2076,강원
2004.08,2086,강원
2004.09,2097,강원
2004.10,2107,강원
2004.11,2118,강원
2004.12,2128,강원
2005.01,2139,강원
2005.02,2145,강원
2005.03,2151,강원
2005.04,2157,강원
2005.05,2163,강원
2005.06,2169,강원
2005.07,2174,강원
2005.08,2180,강원
2005.09,2186,강원
2005.10,2192,강원
2005.11,2198,강원
2005.12,2204,강원
2006.01,2210,강원
2006.02,2219,강원
2006.03,2228,강원
2006.04,2236,강원
2006.05,2245,강원
2006.06,2254,강원
2006.07,2262,강원
2006.08,2271,강원
2006.09,2280,강원
2006.10,2289,강원
2006.11,2298,강원
2006.12,2306,강원
2007.01,2315,강원
2007.02,2316,강원
2007.03,2316,강원
2007.04,2317,강원
2007.05,2317,강원
2007.06,2318,강원
2007.07,2318,강원
2007.08,2319,강원
2007.09,2320,강원
2007.10,2320,강원
2007.11,2321,강원
2007.12,2321,강원
2008.01,2322,강원
2008.02,2328,강원
2008.03,2334,강원
2008.04,2340,강원
2008.05,2346,강원
2008.06,2352,강원
2008.07,2358,강원
2008.08,2363,강원
2008.09,2369,강원
2008.10,2375,강원
2008.11,2381,강원
2008.12,2387,강원
2009.01,2393,강원
2009.02,2398,강원
2009.03,2404,강원
2009.04,2409,강원
2009.05,2414,강원
2009.06,2419,강원
2009.07,2424,강원
2009.08,2430,강원
2009.09,2435,강원
2009.10,2440,강원
2009.11,2446,강원
2009.12,2451,강원
2010.01,2456,강원
2010.02,2458,강원
2010.03,2459,강원
2010.04,2460,강원
2010.05,2462,강원
2010.06,2464,강원
2010.07,2465,강원
2010.08,2466,강원
2010.09,2468,강원
2010.10,2470,강원
2010.11,2471,강원
2010.12,2472,강원
2011.01,2474,강원
2011.02,2462,강원
2011.03,2451,강원
2011.04,2439,강원
2011.05,2428,강원
2011.06,2416,강원
2011.07,2404,강원
2011.08,2393,강원
2011.09,2381,강원
2011.10,2370,강원
2011.11,2358,강원
2011.12,2347,강원
2012.01,2335,강원
2012.02,2334,강원
2012.03,2334,강원
2012.04,2333,강원
2012.05,2332,강원
2012.06,2331,강원
2012.07,2330,강원
2012.08,2330,강원
2012.09,2329,강원
2012.10,2328,강원
2012.11,2328,강원
2012.12,2327,강원
2013.01,2326,강원
2013.02,2320,강원
2013.03,2314,강원
2013.04,2308,강원
2013.05,2302,강원
2013.06,2296,강원
2013.07,2290,강원
2013.08,2283,강원
2013.09,2277,강원
2013.10,2271,강원
2013.11,2265,강원
2013.12,2259,강원
2014.01,2253,강원
2014.02,2247,강원
2014.03,2242,강원
2014.04,2236,강원
2014.05,2230,강원
2014.06,2225,강원
2014.07,2219,강원
2014.08,2213,강원
2014.09,2208,강원
2014.10,2202,강원
2014.11,2196,강원
2014.12,2191,강원
2015.01,2185,강원
2015.02,2185,강원
2015.03,2185,강원
2015.04,2186,강원
2015.05,2186,강원
2015.06,2186,강원
2015.07,2186,강원
2015.08,2186,강원
2015.09,2186,강원
2015.10,2186,강원
2015.11,2187,강원
2015.12,2187,강원
2016.01,2187,강원
2016.02,2190,강원
2016.03,2193,강원
2016.04,2196,강원
2016.05,2199,강원
2016.06,2202,강원
2016.07,2205,강원
2016.08,2208,강원
2016.09,2211,강원
2016.10,2214,강원
2016.11,2217,강원
2016.12,2220,강원
2017.01,2223,강원
2017.02,2221,강원
2017.03,2219,강원
2017.04,2217,강원
2017.05,2215,강원
2017.06,2213,강원
2017.07,2212,강원
2017.08,2210,강원
2017.09,2208,강원
2017.10,2206,강원
2017.11,2204,강원
2017.12,2202,강원
2018.01,2200,강원
2018.02,2198,강원
2018.03,2197,강원
2018.04,2196,강원
2018.05,2194,강원
2018.06,2192,강원
2018.07,2191,강원
2018.08,2190,강원
2018.09,2188,강원
2018.10,2186,강원
2018.11,2185,강원
2018.12,2184,강원
2019.01,2182,강원
2019.02,2182,강원
2019.03,2182,강원
2019.04,2181,강원
2019.05,2181,강원
2019.06,2181,강원
2019.07,2180,강원
2019.08,2180,강원
2019.09,2180,강원
2019.10,2180,강원
2019.11,2180,강원
2019.12,2179,강원
2020.01,2179,강원
2020.02,2180,강원
2020.03,2180,강원
2020.04,2181,강원
2020.05,2182,강원
2020.06,2183,강원
2020.07,2184,강원
2020.08,2184,강원
2020.09,2185,강원
2020.10,2186,강원
2020.11,2186,강원
2020.12,2187,강원
2021.01,2188,강원
2021.02,2194,강원
2021.03,2201,강원
2021.04,2207,강원
2021.05,2213,강원
2021.06,2220,강원
2021.07,2226,강원
2021.08,2232,강원
2021.09,2239,강원
2021.10,2245,강원
2021.11,2251,강원
2021.12,2258,강원
2022.01,2264,강원
2022.02,2267,강원
2022.03,2270,강원
2022.04,2273,강원
2022.05,2276,강원
2022.06,2279,강원
2022.07,2282,강원
2022.08,2286,강원
2022.09,2289,강원
2022.10,2292,강원
2022.11,2295,강원
2022.12,2298,강원
2023.01,2301,강원
2003.01,13837,경기
2003.02,13834,경기
2003.03,13832,경기
2003.04,13829,경기
2003.05,13827,경기
2003.06,13824,경기
2003.07,13822,경기
2003.08,13819,경기
2003.09,13816,경기
2003.10,13814,경기
2003.11,13811,경기
2003.12,13809,경기
2004.01,13806,경기
2004.02,13870,경기
2004.03,13933,경기
2004.04,13997,경기
2004.05,14060,경기
2004.06,14124,경기
2004.07,14188,경기
2004.08,14251,경기
2004.09,14315,경기
2004.10,14378,경기
2004.11,14442,경기
2004.12,14505,경기
2005.01,14569,경기
2005.02,14649,경기
2005.03,14729,경기
2005.04,14809,경기
2005.05,14889,경기
2005.06,14969,경기
2005.07,15049,경기
2005.08,15129,경기
2005.09,15209,경기
2005.10,15289,경기
2005.11,15369,경기
2005.12,15449,경기
2006.01,15529,경기
2006.02,15534,경기
2006.03,15539,경기
2006.04,15544,경기
2006.05,15550,경기
2006.06,15555,경기
2006.07,15560,경기
2006.08,15565,경기
2006.09,15570,경기
2006.10,15576,경기
2006.11,15581,경기
2006.12,15586,경기
2007.01,15591,경기
2007.02,15672,경기
2007.03,15754,경기
2007.04,15835,경기
2007.05,15916,경기
2007.06,15997,경기
2007.07,16078,경기
2007.08,16160,경기
2007.09,16241,경기
2007.10,16322,경기
2007.11,16404,경기
2007.12,16485,경기
2008.01,16566,경기
2008.02,16653,경기
2008.03,16740,경기
2008.04,16828,경기
2008.05,16915,경기
2008.06,17002,경기
2008.07,17090,경기
2008.08,17177,경기
2008.09,17264,경기
2008.10,17351,경기
2008.11,17438,경기
2008.12,17526,경기
2009.01,17613,경기
2009.02,17657,경기
2009.03,17702,경기
2009.04,17746,경기
2009.05,17791,경기
2009.06,17835,경기
2009.07,17880,경기
2009.08,17924,경기
2009.09,17968,경기
2009.10,18013,경기
2009.11,18057,경기
2009.12,18102,경기
2010.01,18146,경기
2010.02,18190,경기
2010.03,18234,경기
2010.04,18278,경기
2010.05,18322,경기
2010.06,18366,경기
2010.07,18410,경기
2010.08,18454,경기
2010.09,18498,경기
2010.10,18542,경기
2010.11,18586,경기
2010.12,18630,경기
2011.01,18674,경기
2011.02,18662,경기
2011.03,18650,경기
2011.04,18638,경기
2011.05,18626,경기
2011.06,18614,경기
2011.07,18602,경기
2011.08,18590,경기
2011.09,18578,경기
2011.10,18566,경기
2011.11,18554,경기
2011.12,18542,경기
2012.01,18530,경기
2012.02,18497,경기
2012.03,18464,경기
2012.04,18431,경기
2012.05,18398,경기
2012.06,18365,경기
2012.07,18332,경기
2012.08,18299,경기
2012.09,18266,경기
2012.10,18233,경기
2012.11,18200,경기
2012.12,18167,경기
2013.01,18134,경기
2013.02,18129,경기
2013.03,18124,경기
2013.04,18119,경기
2013.05,18114,경기
2013.06,18109,경기
2013.07,18104,경기
2013.08,18099,경기
2013.09,18094,경기
2013.10,18089,경기
2013.11,18084,경기
2013.12,18079,경기
2014.01,18074,경기
2014.02,18243,경기
2014.03,18413,경기
2014.04,18582,경기
2014.05,18751,경기
2014.06,18921,경기
2014.07,19090,경기
2014.08,19259,경기
2014.09,19429,경기
2014.10,19598,경기
2014.11,19767,경기
2014.12,19937,경기
2015.01,20106,경기
2015.02,20053,경기
2015.03,19999,경기
2015.04,19946,경기
2015.05,19892,경기
2015.06,19839,경기
2015.07,19786,경기
2015.08,19732,경기
2015.09,19679,경기
2015.10,19625,경기
2015.11,19572,경기
2015.12,19518,경기
2016.01,19465,경기
2016.02,19526,경기
2016.03,19587,경기
2016.04,19648,경기
2016.05,19708,경기
2016.06,19769,경기
2016.07,19830,경기
2016.08,19891,경기
2016.09,19952,경기
2016.10,20012,경기
2016.11,20073,경기
2016.12,20134,경기
2017.01,20195,경기
2017.02,20244,경기
2017.03,20293,경기
2017.04,20342,경기
2017.05,20390,경기
2017.06,20439,경기
2017.07,20488,경기
2017.08,20537,경기
2017.09,20586,경기
2017.10,20634,경기
2017.11,20683,경기
2017.12,20732,경기
2018.01,20781,경기
2018.02,20811,경기
2018.03,20842,경기
2018.04,20872,경기
2018.05,20902,경기
2018.06,20933,경기
2018.07,20963,경기
2018.08,20993,경기
2018.09,21024,경기
2018.10,21054,경기
2018.11,21084,경기
2018.12,21115,경기
2019.01,21145,경기
2019.02,21193,경기
2019.03,21240,경기
2019.04,21288,경기
2019.05,21335,경기
2019.06,21383,경기
2019.07,21430,경기
2019.08,21478,경기
2019.09,21526,경기
2019.10,21573,경기
2019.11,21621,경기
2019.12,21668,경기
2020.01,21716,경기
2020.02,21714,경기
2020.03,21711,경기
2020.04,21709,경기
2020.05,21707,경기
2020.06,21704,경기
2020.07,21702,경기
2020.08,21700,경기
2020.09,21697,경기
2020.10,21695,경기
2020.11,21693,경기
2020.12,21690,경기
2021.01,21688,경기
2021.02,21816,경기
2021.03,21944,경기
2021.04,22072,경기
2021.05,22199,경기
2021.06,22327,경기
2021.07,22455,경기
2021.08,22583,경기
2021.09,22711,경기
2021.10,22838,경기
2021.11,22966,경기
2021.12,23094,경기
2022.01,23222,경기
2022.02,23322,경기
2022.03,23422,경기
2022.04,23522,경기
2022.05,23622,경기
2022.06,23722,경기
2022.07,23822,경기
2022.08,23922,경기
2022.09,24022,경기
2022.10,24122,경기
2022.11,24222,경기
2022.12,24322,경기
2023.01,24422,경기
2003.01,5646,경남
2003.02,5590,경남
2003.03,5535,경남
2003.04,5479,경남
2003.05,5424,경남
2003.06,5368,경남
2003.07,5312,경남
2003.08,5257,경남
2003.09,5201,경남
2003.10,5146,경남
2003.11,5090,경남
2003.12,5035,경남
2004.01,4979,경남
2004.02,4985,경남
2004.03,4991,경남
2004.04,4998,경남
2004.05,5004,경남
2004.06,5010,경남
2004.07,5016,경남
2004.08,5022,경남
2004.09,5028,경남
2004.10,5034,경남
2004.11,5041,경남
2004.12,5047,경남
2005.01,5053,경남
2005.02,5077,경남
2005.03,5101,경남
2005.04,5125,경남
2005.05,5149,경남
2005.06,5173,경남
2005.07,5196,경남
2005.08,5220,경남
2005.09,5244,경남
2005.10,5268,경남
2005.11,5292,경남
2005.12,5316,경남
2006.01,5340,경남
2006.02,5382,경남
2006.03,5424,경남
2006.04,5466,경남
2006.05,5508,경남
2006.06,5550,경남
2006.07,5592,경남
2006.08,5634,경남
2006.09,5676,경남
2006.10,5718,경남
2006.11,5760,경남
2006.12,5802,경남
2007.01,5844,경남
2007.02,5862,경남
2007.03,5879,경남
2007.04,5897,경남
2007.05,5914,경남
2007.06,5932,경남
2007.07,5950,경남
2007.08,5967,경남
2007.09,5985,경남
2007.10,6002,경남
2007.11,6020,경남
2007.12,6037,경남
2008.01,6055,경남
2008.02,6055,경남
2008.03,6056,경남
2008.04,6056,경남
2008.05,6056,경남
2008.06,6057,경남
2008.07,6057,경남
2008.08,6057,경남
2008.09,6058,경남
2008.10,6058,경남
2008.11,6058,경남
2008.12,6059,경남
2009.01,6059,경남
2009.02,6078,경남
2009.03,6098,경남
2009.04,6117,경남
2009.05,6136,경남
2009.06,6156,경남
2009.07,6175,경남
2009.08,6194,경남
2009.09,6214,경남
2009.10,6233,경남
2009.11,6252,경남
2009.12,6272,경남
2010.01,6291,경남
2010.02,6264,경남
2010.03,6238,경남
2010.04,6211,경남
2010.05,6184,경남
2010.06,6157,경남
2010.07,6130,경남
2010.08,6104,경남
2010.09,6077,경남
2010.10,6050,경남
2010.11,6024,경남
2010.12,5997,경남
2011.01,5970,경남
2011.02,5966,경남
2011.03,5961,경남
2011.04,5956,경남
2011.05,5952,경남
2011.06,5948,경남
2011.07,5943,경남
2011.08,5938,경남
2011.09,5934,경남
2011.10,5930,경남
2011.11,5925,경남
2011.12,5920,경남
2012.01,5916,경남
2012.02,5895,경남
2012.03,5874,경남
2012.04,5852,경남
2012.05,5831,경남
2012.06,5810,경남
2012.07,5789,경남
2012.08,5768,경남
2012.09,5747,경남
2012.10,5726,경남
2012.11,5704,경남
2012.12,5683,경남
2013.01,5662,경남
2013.02,5681,경남
2013.03,5699,경남
2013.04,5718,경남
2013.05,5736,경남
2013.06,5755,경남
2013.07,5774,경남
2013.08,5792,경남
2013.09,5811,경남
2013.10,5829,경남
2013.11,5848,경남
2013.12,5866,경남
2014.01,5885,경남
2014.02,5890,경남
2014.03,5895,경남
2014.04,5900,경남
2014.05,5905,경남
2014.06,5910,경남
2014.07,5915,경남
2014.08,5920,경남
2014.09,5925,경남
2014.10,5930,경남
2014.11,5935,경남
2014.12,5940,경남
2015.01,5945,경남
2015.02,5942,경남
2015.03,5939,경남
2015.04,5936,경남
2015.05,5932,경남
2015.06,5929,경남
2015.07,5926,경남
2015.08,5923,경남
2015.09,5920,경남
2015.10,5916,경남
2015.11,5913,경남
2015.12,5910,경남
2016.01,5907,경남
2016.02,5919,경남
2016.03,5931,경남
2016.04,5943,경남
2016.05,5955,경남
2016.06,5967,경남
2016.07,5980,경남
2016.08,5992,경남
2016.09,6004,경남
2016.10,6016,경남
2016.11,6028,경남
2016.12,6040,경남
2017.01,6052,경남
2017.02,6046,경남
2017.03,6039,경남
2017.04,6033,경남
2017.05,6027,경남
2017.06,6020,경남
2017.07,6014,경남
2017.08,6008,경남
2017.09,6001,경남
2017.10,5995,경남
2017.11,5989,경남
2017.12,5982,경남
2018.01,5976,경남
2018.02,5976,경남
2018.03,5975,경남
2018.04,5975,경남
2018.05,5975,경남
2018.06,5974,경남
2018.07,5974,경남
2018.08,5974,경남
2018.09,5973,경남
2018.10,5973,경남
2018.11,5973,경남
2018.12,5972,경남
2019.01,5972,경남
2019.02,5972,경남
2019.03,5972,경남
2019.04,5972,경남
2019.05,5972,경남
2019.06,5972,경남
2019.07,5972,경남
2019.08,5972,경남
2019.09,5972,경남
2019.10,5972,경남
2019.11,5972,경남
2019.12,5972,경남
2020.01,5972,경남
2020.02,5974,경남
2020.03,5976,경남
2020.04,5978,경남
2020.05,5980,경남
2020.06,5982,경남
2020.07,5984,경남
2020.08,5985,경남
2020.09,5987,경남
2020.10,5989,경남
2020.11,5991,경남
2020.12,5993,경남
2021.01,5995,경남
2021.02,6012,경남
2021.03,6030,경남
2021.04,6048,경남
2021.05,6065,경남
2021.06,6082,경남
2021.07,6100,경남
2021.08,6118,경남
2021.09,6135,경남
2021.10,6152,경남
2021.11,6170,경남
2021.12,6188,경남
2022.01,6205,경남
2022.02,6211,경남
2022.03,6217,경남
2022.04,6224,경남
2022.05,6230,경남
2022.06,6236,경남
2022.07,6242,경남
2022.08,6248,경남
2022.09,6254,경남
2022.10,6260,경남
2022.11,6267,경남
2022.12,6273,경남
2023.01,6279,경남
2003.01,2965,경북
2003.02,2961,경북
2003.03,2957,경북
2003.04,2954,경북
2003.05,2950,경북
2003.06,2946,경북
2003.07,2942,경북
2003.08,2938,경북
2003.09,2934,경북
2003.10,2930,경북
2003.11,2927,경북
2003.12,2923,경북
2004.01,2919,경북
2004.02,2934,경북
2004.03,2950,경북
2004.04,2965,경북
2004.05,2980,경북
2004.06,2996,경북
2004.07,3011,경북
2004.08,3026,경북
2004.09,3042,경북
2004.10,3057,경북
2004.11,3072,경북
2004.12,3088,경북
2005.01,3103,경북
2005.02,3121,경북
2005.03,3139,경북
2005.04,3156,경북
2005.05,3174,경북
2005.06,3192,경북
2005.07,3210,경북
2005.08,3228,경북
2005.09,3246,경북
2005.10,3264,경북
2005.11,3281,경북
2005.12,3299,경북
2006.01,3317,경북
2006.02,3320,경북
2006.03,3323,경북
2006.04,3326,경북
2006.05,3330,경북
2006.06,3333,경북
2006.07,3336,경북
2006.08,3339,경북
2006.09,3342,경북
2006.10,3346,경북
2006.11,3349,경북
2006.12,3352,경북
2007.01,3355,경북
2007.02,3351,경북
2007.03,3347,경북
2007.04,3343,경북
2007.05,3339,경북
2007.06,3335,경북
2007.07,3330,경북
2007.08,3326,경북
2007.09,3322,경북
2007.10,3318,경북
2007.11,3314,경북
2007.12,3310,경북
2008.01,3306,경북
2008.02,3318,경북
2008.03,3329,경북
2008.04,3341,경북
2008.05,3353,경북
2008.06,3364,경북
2008.07,3376,경북
2008.08,3388,경북
2008.09,3399,경북
2008.10,3411,경북
2008.11,3423,경북
2008.12,3434,경북
2009.01,3446,경북
2009.02,3456,경북
2009.03,3467,경북
2009.04,3478,경북
2009.05,3488,경북
2009.06,3498,경북
2009.07,3509,경북
2009.08,3520,경북
2009.09,3530,경북
2009.10,3540,경북
2009.11,3551,경북
2009.12,3562,경북
2010.01,3572,경북
2010.02,3586,경북
2010.03,3599,경북
2010.04,3613,경북
2010.05,3626,경북
2010.06,3640,경북
2010.07,3654,경북
2010.08,3667,경북
2010.09,3681,경북
2010.10,3694,경북
2010.11,3708,경북
2010.12,3721,경북
2011.01,3735,경북
2011.02,3732,경북
2011.03,3728,경북
2011.04,3725,경북
2011.05,3722,경북
2011.06,3719,경북
2011.07,3716,경북
2011.08,3712,경북
2011.09,3709,경북
2011.10,3706,경북
2011.11,3702,경북
2011.12,3699,경북
2012.01,3696,경북
2012.02,3688,경북
2012.03,3679,경북
2012.04,3670,경북
2012.05,3662,경북
2012.06,3654,경북
2012.07,3645,경북
2012.08,3636,경북
2012.09,3628,경북
2012.10,3620,경북
2012.11,3611,경북
2012.12,3602,경북
2013.01,3594,경북
2013.02,3615,경북
2013.03,3635,경북
2013.04,3656,경북
2013.05,3677,경북
2013.06,3697,경북
2013.07,3718,경북
2013.08,3739,경북
2013.09,3759,경북
2013.10,3780,경북
2013.11,3801,경북
2013.12,3821,경북
2014.01,3842,경북
2014.02,3814,경북
2014.03,3786,경북
2014.04,3758,경북
2014.05,3730,경북
2014.06,3702,경북
2014.07,3674,경북
2014.08,3647,경북
2014.09,3619,경북
2014.10,3591,경북
2014.11,3563,경북
2014.12,3535,경북
2015.01,3507,경북
2015.02,3512,경북
2015.03,3517,경북
2015.04,3522,경북
2015.05,3527,경북
2015.06,3532,경북
2015.07,3538,경북
2015.08,3543,경북
2015.09,3548,경북
2015.10,3553,경북
2015.11,3558,경북
2015.12,3563,경북
2016.01,3568,경북
2016.02,3577,경북
2016.03,3586,경북
2016.04,3595,경북
2016.05,3604,경북
2016.06,3613,경북
2016.07,3622,경북
2016.08,3632,경북
2016.09,3641,경북
2016.10,3650,경북
2016.11,3659,경북
2016.12,3668,경북
2017.01,3677,경북
2017.02,3666,경북
2017.03,3654,경북
2017.04,3643,경북
2017.05,3631,경북
2017.06,3620,경북
2017.07,3608,경북
2017.08,3597,경북
2017.09,3586,경북
2017.10,3574,경북
2017.11,3563,경북
2017.12,3551,경북
2018.01,3540,경북
2018.02,3540,경북
2018.03,3540,경북
2018.04,3540,경북
2018.05,3541,경북
2018.06,3541,경북
2018.07,3541,경북
2018.08,3541,경북
2018.09,3541,경북
2018.10,3542,경북
2018.11,3542,경북
2018.12,3542,경북
2019.01,3542,경북
2019.02,3541,경북
2019.03,3540,경북
2019.04,3539,경북
2019.05,3538,경북
2019.06,3537,경북
2019.07,3536,경북
2019.08,3534,경북
2019.09,3533,경북
2019.10,3532,경북
2019.11,3531,경북
2019.12,3530,경북
2020.01,3529,경북
2020.02,3531,경북
2020.03,3533,경북
2020.04,3534,경북
2020.05,3536,경북
2020.06,3538,경북
2020.07,3540,경북
2020.08,3542,경북
2020.09,3544,경북
2020.10,3546,경북
2020.11,3547,경북
2020.12,3549,경북
2021.01,3551,경북
2021.02,3559,경북
2021.03,3567,경북
2021.04,3574,경북
2021.05,3582,경북
2021.06,3590,경북
2021.07,3598,경북
2021.08,3606,경북
2021.09,3614,경북
2021.10,3622,경북
2021.11,3629,경북
2021.12,3637,경북
2022.01,3645,경북
2022.02,3656,경북
2022.03,3667,경북
2022.04,3678,경북
2022.05,3690,경북
2022.06,3701,경북
2022.07,3712,경북
2022.08,3723,경북
2022.09,3734,경북
2022.10,3746,경북
2022.11,3757,경북
2022.12,3768,경북
2023.01,3779,경북
2003.01,2646,광주
2003.02,2635,광주
2003.03,2624,광주
2003.04,2613,광주
2003.05,2602,광주
2003.06,2591,광주
2003.07,2580,광주
2003.08,2570,광주
2003.09,2559,광주
2003.10,2548,광주
2003.11,2537,광주
2003.12,2526,광주
2004.01,2515,광주
2004.02,2528,광주
2004.03,2540,광주
2004.04,2553,광주
2004.05,2566,광주
2004.06,2578,광주
2004.07,2591,광주
2004.08,2604,광주
2004.09,2616,광주
2004.10,2629,광주
2004.11,2642,광주
2004.12,2654,광주
2005.01,2667,광주
2005.02,2665,광주
2005.03,2662,광주
2005.04,2660,광주
2005.05,2658,광주
2005.06,2656,광주
2005.07,2654,광주
2005.08,2651,광주
2005.09,2649,광주
2005.10,2647,광주
2005.11,2644,광주
2005.12,2642,광주
2006.01,2640,광주
2006.02,2622,광주
2006.03,2603,광주
2006.04,2585,광주
2006.05,2567,광주
2006.06,2548,광주
2006.07,2530,광주
2006.08,2512,광주
2006.09,2493,광주
2006.10,2475,광주
2006.11,2457,광주
2006.12,2438,광주
2007.01,2420,광주
2007.02,2448,광주
2007.03,2477,광주
2007.04,2505,광주
2007.05,2533,광주
2007.06,2562,광주
2007.07,2590,광주
2007.08,2618,광주
2007.09,2647,광주
2007.10,2675,광주
2007.11,2703,광주
2007.12,2732,광주
2008.01,2760,광주
2008.02,2714,광주
2008.03,2668,광주
2008.04,2623,광주
2008.05,2577,광주
2008.06,2531,광주
2008.07,2486,광주
2008.08,2440,광주
2008.09,2394,광주
2008.10,2348,광주
2008.11,2302,광주
2008.12,2257,광주
2009.01,2211,광주
2009.02,2233,광주
2009.03,2255,광주
2009.04,2277,광주
2009.05,2299,광주
2009.06,2321,광주
2009.07,2344,광주
2009.08,2366,광주
2009.09,2388,광주
2009.10,2410,광주
2009.11,2432,광주
2009.12,2454,광주
2010.01,2476,광주
2010.02,2460,광주
2010.03,2444,광주
2010.04,2427,광주
2010.05,2411,광주
2010.06,2395,광주
2010.07,2378,광주
2010.08,2362,광주
2010.09,2346,광주
2010.10,2330,광주
2010.11,2314,광주
2010.12,2297,광주
2011.01,2281,광주
2011.02,2261,광주
2011.03,2240,광주
2011.04,2220,광주
2011.05,2200,광주
2011.06,2180,광주
2011.07,2160,광주
2011.08,2139,광주
2011.09,2119,광주
2011.10,2099,광주
2011.11,2078,광주
2011.12,2058,광주
2012.01,2038,광주
2012.02,2149,광주
2012.03,2260,광주
2012.04,2370,광주
2012.05,2481,광주
2012.06,2592,광주
2012.07,2703,광주
2012.08,2814,광주
2012.09,2925,광주
2012.10,3036,광주
2012.11,3146,광주
2012.12,3257,광주
2013.01,3368,광주
2013.02,3379,광주
2013.03,3390,광주
2013.04,3400,광주
2013.05,3411,광주
2013.06,3422,광주
2013.07,3432,광주
2013.08,3443,광주
2013.09,3454,광주
2013.10,3465,광주
2013.11,3476,광주
2013.12,3486,광주
2014.01,3497,광주
2014.02,3500,광주
2014.03,3503,광주
2014.04,3506,광주
2014.05,3510,광주
2014.06,3513,광주
2014.07,3516,광주
2014.08,3519,광주
2014.09,3522,광주
2014.10,3526,광주
2014.11,3529,광주
2014.12,3532,광주
2015.01,3535,광주
2015.02,3535,광주
2015.03,3535,광주
2015.04,3535,광주
2015.05,3535,광주
2015.06,3535,광주
2015.07,3534,광주
2015.08,3534,광주
2015.09,3534,광주
2015.10,3534,광주
2015.11,3534,광주
2015.12,3534,광주
2016.01,3534,광주
2016.02,3536,광주
2016.03,3538,광주
2016.04,3540,광주
2016.05,3541,광주
2016.06,3543,광주
2016.07,3545,광주
2016.08,3547,광주
2016.09,3549,광주
2016.10,3550,광주
2016.11,3552,광주
2016.12,3554,광주
2017.01,3556,광주
2017.02,3543,광주
2017.03,3530,광주
2017.04,3518,광주
2017.05,3505,광주
2017.06,3492,광주
2017.07,3479,광주
2017.08,3466,광주
2017.09,3453,광주
2017.10,3440,광주
2017.11,3428,광주
2017.12,3415,광주
2018.01,3402,광주
2018.02,3408,광주
2018.03,3414,광주
2018.04,3420,광주
2018.05,3425,광주
2018.06,3431,광주
2018.07,3437,광주
2018.08,3443,광주
2018.09,3449,광주
2018.10,3454,광주
2018.11,3460,광주
2018.12,3466,광주
2019.01,3472,광주
2019.02,3469,광주
2019.03,3466,광주
2019.04,3464,광주
2019.05,3461,광주
2019.06,3458,광주
2019.07,3456,광주
2019.08,3453,광주
2019.09,3450,광주
2019.10,3447,광주
2019.11,3444,광주
2019.12,3442,광주
2020.01,3439,광주
2020.02,3438,광주
2020.03,3438,광주
2020.04,3438,광주
2020.05,3437,광주
2020.06,3436,광주
2020.07,3436,광주
2020.08,3436,광주
2020.09,3435,광주
2020.10,3434,광주
2020.11,3434,광주
2020.12,3434,광주
2021.01,3433,광주
2021.02,3441,광주
2021.03,3448,광주
2021.04,3456,광주
2021.05,3463,광주
2021.06,3471,광주
2021.07,3478,광주
2021.08,3486,광주
2021.09,3494,광주
2021.10,3501,광주
2021.11,3509,광주
2021.12,3516,광주
2022.01,3524,광주
2022.02,3521,광주
2022.03,3518,광주
2022.04,3515,광주
2022.05,3512,광주
2022.06,3509,광주
2022.07,3506,광주
2022.08,3503,광주
2022.09,3500,광주
2022.10,3497,광주
2022.11,3494,광주
2022.12,3491,광주
2023.01,3488,광주
2003.01,2978,대구
2003.02,2972,대구
2003.03,2966,대구
2003.04,2960,대구
2003.05,2954,대구
2003.06,2948,대구
2003.07,2942,대구
2003.08,2937,대구
2003.09,2931,대구
2003.10,2925,대구
2003.11,2919,대구
2003.12,2913,대구
2004.01,2907,대구
2004.02,2907,대구
2004.03,2907,대구
2004.04,2907,대구
2004.05,2907,대구
2004.06,2907,대구
2004.07,2908,대구
2004.08,2908,대구
2004.09,2908,대구
2004.10,2908,대구
2004.11,2908,대구
2004.12,2908,대구
2005.01,2908,대구
2005.02,2919,대구
2005.03,2930,대구
2005.04,2941,대구
2005.05,2952,대구
2005.06,2963,대구
2005.07,2974,대구
2005.08,2986,대구
2005.09,2997,대구
2005.10,3008,대구
2005.11,3019,대구
2005.12,3030,대구
2006.01,3041,대구
2006.02,3032,대구
2006.03,3022,대구
2006.04,3013,대구
2006.05,3004,대구
2006.06,2994,대구
2006.07,2985,대구
2006.08,2976,대구
2006.09,2966,대구
2006.10,2957,대구
2006.11,2948,대구
2006.12,2938,대구
2007.01,2929,대구
2007.02,2933,대구
2007.03,2937,대구
2007.04,2941,대구
2007.05,2945,대구
2007.06,2949,대구
2007.07,2954,대구
2007.08,2958,대구
2007.09,2962,대구
2007.10,2966,대구
2007.11,2970,대구
2007.12,2974,대구
2008.01,2978,대구
2008.02,3016,대구
2008.03,3054,대구
2008.04,3092,대구
2008.05,3130,대구
2008.06,3168,대구
2008.07,3206,대구
2008.08,3245,대구
2008.09,3283,대구
2008.10,3321,대구
2008.11,3359,대구
2008.12,3397,대구
2009.01,3435,대구
2009.02,3475,대구
2009.03,3514,대구
2009.04,3554,대구
2009.05,3593,대구
2009.06,3633,대구
2009.07,3672,대구
2009.08,3712,대구
2009.09,3752,대구
2009.10,3791,대구
2009.11,3831,대구
2009.12,3870,대구
2010.01,3910,대구
2010.02,3896,대구
2010.03,3883,대구
2010.04,3869,대구
2010.05,3855,대구
2010.06,3842,대구
2010.07,3828,대구
2010.08,3814,대구
2010.09,3801,대구
2010.10,3787,대구
2010.11,3773,대구
2010.12,3760,대구
2011.01,3746,대구
2011.02,3729,대구
2011.03,3712,대구
2011.04,3695,대구
2011.05,3678,대구
2011.06,3661,대구
2011.07,3644,대구
2011.08,3627,대구
2011.09,3610,대구
2011.10,3593,대구
2011.11,3576,대구
2011.12,3559,대구
2012.01,3542,대구
2012.02,3550,대구
2012.03,3558,대구
2012.04,3566,대구
2012.05,3574,대구
2012.06,3582,대구
2012.07,3590,대구
2012.08,3599,대구
2012.09,3607,대구
2012.10,3615,대구
2012.11,3623,대구
2012.12,3631,대구
2013.01,3639,대구
2013.02,3640,대구
2013.03,3641,대구
2013.04,3642,대구
2013.05,3643,대구
2013.06,3644,대구
2013.07,3645,대구
2013.08,3646,대구
2013.09,3647,대구
2013.10,3648,대구
2013.11,3649,대구
2013.12,3650,대구
2014.01,3651,대구
2014.02,3650,대구
2014.03,3649,대구
2014.04,3648,대구
2014.05,3647,대구
2014.06,3646,대구
2014.07,3645,대구
2014.08,3644,대구
2014.09,3643,대구
2014.10,3642,대구
2014.11,3641,대구
2014.12,3640,대구
2015.01,3639,대구
2015.02,3648,대구
2015.03,3656,대구
2015.04,3665,대구
2015.05,3674,대구
2015.06,3683,대구
2015.07,3692,대구
2015.08,3700,대구
2015.09,3709,대구
2015.10,3718,대구
2015.11,3726,대구
2015.12,3735,대구
2016.01,3744,대구
2016.02,3750,대구
2016.03,3756,대구
2016.04,3762,대구
2016.05,3768,대구
2016.06,3774,대구
2016.07,3780,대구
2016.08,3785,대구
2016.09,3791,대구
2016.10,3797,대구
2016.11,3803,대구
2016.12,3809,대구
2017.01,3815,대구
2017.02,3822,대구
2017.03,3829,대구
2017.04,3836,대구
2017.05,3844,대구
2017.06,3851,대구
2017.07,3858,대구
2017.08,3865,대구
2017.09,3872,대구
2017.10,3880,대구
2017.11,3887,대구
2017.12,3894,대구
2018.01,3901,대구
2018.02,3905,대구
2018.03,3909,대구
2018.04,3913,대구
2018.05,3917,대구
2018.06,3921,대구
2018.07,3924,대구
2018.08,3928,대구
2018.09,3932,대구
2018.10,3936,대구
2018.11,3940,대구
2018.12,3944,대구
2019.01,3948,대구
2019.02,3947,대구
2019.03,3947,대구
2019.04,3946,대구
2019.05,3946,대구
2019.06,3945,대구
2019.07,3944,대구
2019.08,3944,대구
2019.09,3943,대구
2019.10,3943,대구
2019.11,3942,대구
2019.12,3942,대구
2020.01,3941,대구
2020.02,3943,대구
2020.03,3946,대구
2020.04,3948,대구
2020.05,3950,대구
2020.06,3952,대구
2020.07,3954,대구
2020.08,3957,대구
2020.09,3959,대구
2020.10,3961,대구
2020.11,3964,대구
2020.12,3966,대구
2021.01,3968,대구
2021.02,3983,대구
2021.03,3998,대구
2021.04,4012,대구
2021.05,4027,대구
2021.06,4042,대구
2021.07,4057,대구
2021.08,4072,대구
2021.09,4087,대구
2021.10,4102,대구
2021.11,4116,대구
2021.12,4131,대구
2022.01,4146,대구
2022.02,4163,대구
2022.03,4181,대구
2022.04,4198,대구
2022.05,4215,대구
2022.06,4233,대구
2022.07,4250,대구
2022.08,4267,대구
2022.09,4285,대구
2022.10,4302,대구
2022.11,4319,대구
2022.12,4337,대구
2023.01,4354,대구
2003.01,1848,대전
2003.02,1839,대전
2003.03,1831,대전
2003.04,1822,대전
2003.05,1814,대전
2003.06,1805,대전
2003.07,1796,대전
2003.08,1788,대전
2003.09,1779,대전
2003.10,1771,대전
2003.11,1762,대전
2003.12,1754,대전
2004.01,1745,대전
2004.02,1760,대전
2004.03,1776,대전
2004.04,1791,대전
2004.05,1806,대전
2004.06,1821,대전
2004.07,1836,대전
2004.08,1852,대전
2004.09,1867,대전
2004.10,1882,대전
2004.11,1898,대전
2004.12,1913,대전
2005.01,1928,대전
2005.02,1932,대전
2005.03,1937,대전
2005.04,1942,대전
2005.05,1946,대전
2005.06,1950,대전
2005.07,1955,대전
2005.08,1960,대전
2005.09,1964,대전
2005.10,1968,대전
2005.11,1973,대전
2005.12,1978,대전
2006.01,1982,대전
2006.02,1994,대전
2006.03,2006,대전
2006.04,2018,대전
2006.05,2031,대전
2006.06,2043,대전
2006.07,2055,대전
2006.08,2067,대전
2006.09,2079,대전
2006.10,2092,대전
2006.11,2104,대전
2006.12,2116,대전
2007.01,2128,대전
2007.02,2128,대전
2007.03,2129,대전
2007.04,2130,대전
2007.05,2130,대전
2007.06,2130,대전
2007.07,2131,대전
2007.08,2132,대전
2007.09,2132,대전
2007.10,2132,대전
2007.11,2133,대전
2007.12,2134,대전
2008.01,2134,대전
2008.02,2140,대전
2008.03,2146,대전
2008.04,2152,대전
2008.05,2159,대전
2008.06,2165,대전
2008.07,2171,대전
2008.08,2177,대전
2008.09,2183,대전
2008.10,2190,대전
2008.11,2196,대전
2008.12,2202,대전
2009.01,2208,대전
2009.02,2209,대전
2009.03,2210,대전
2009.04,2210,대전
2009.05,2211,대전
2009.06,2212,대전
2009.07,2213,대전
2009.08,2214,대전
2009.09,2215,대전
2009.10,2216,대전
2009.11,2216,대전
2009.12,2217,대전
2010.01,2218,대전
2010.02,2214,대전
2010.03,2210,대전
2010.04,2206,대전
2010.05,2201,대전
2010.06,2197,대전
2010.07,2193,대전
2010.08,2189,대전
2010.09,2185,대전
2010.10,2180,대전
2010.11,2176,대전
2010.12,2172,대전
2011.01,2168,대전
2011.02,2168,대전
2011.03,2168,대전
2011.04,2168,대전
2011.05,2168,대전
2011.06,2168,대전
2011.07,2168,대전
2011.08,2167,대전
2011.09,2167,대전
2011.10,2167,대전
2011.11,2167,대전
2011.12,2167,대전
2012.01,2167,대전
2012.02,2166,대전
2012.03,2166,대전
2012.04,2165,대전
2012.05,2164,대전
2012.06,2164,대전
2012.07,2163,대전
2012.08,2162,대전
2012.09,2162,대전
2012.10,2161,대전
2012.11,2160,대전
2012.12,2160,대전
2013.01,2159,대전
2013.02,2153,대전
2013.03,2147,대전
2013.04,2141,대전
2013.05,2135,대전
2013.06,2129,대전
2013.07,2122,대전
2013.08,2116,대전
2013.09,2110,대전
2013.10,2104,대전
2013.11,2098,대전
2013.12,2092,대전
2014.01,2086,대전
2014.02,2096,대전
2014.03,2107,대전
2014.04,2117,대전
2014.05,2127,대전
2014.06,2138,대전
2014.07,2148,대전
2014.08,2158,대전
2014.09,2169,대전
2014.10,2179,대전
2014.11,2189,대전
2014.12,2200,대전
2015.01,2210,대전
2015.02,2212,대전
2015.03,2214,대전
2015.04,2216,대전
2015.05,2218,대전
2015.06,2220,대전
2015.07,2222,대전
2015.08,2225,대전
2015.09,2227,대전
2015.10,2229,대전
2015.11,2231,대전
2015.12,2233,대전
2016.01,2235,대전
2016.02,2234,대전
2016.03,2233,대전
2016.04,2232,대전
2016.05,2231,대전
2016.06,2230,대전
2016.07,2230,대전
2016.08,2229,대전
2016.09,2228,대전
2016.10,2227,대전
2016.11,2226,대전
2016.12,2225,대전
2017.01,2224,대전
2017.02,2224,대전
2017.03,2224,대전
2017.04,2224,대전
2017.05,2224,대전
2017.06,2224,대전
2017.07,2224,대전
2017.08,2223,대전
2017.09,2223,대전
2017.10,2223,대전
2017.11,2223,대전
2017.12,2223,대전
2018.01,2223,대전
2018.02,2221,대전
2018.03,2219,대전
2018.04,2218,대전
2018.05,2216,대전
2018.06,2214,대전
2018.07,2212,대전
2018.08,2210,대전
2018.09,2208,대전
2018.10,2206,대전
2018.11,2205,대전
2018.12,2203,대전
2019.01,2201,대전
2019.02,2201,대전
2019.03,2200,대전
2019.04,2200,대전
2019.05,2200,대전
2019.06,2200,대전
2019.07,2200,대전
2019.08,2199,대전
2019.09,2199,대전
2019.10,2199,대전
2019.11,2198,대전
2019.12,2198,대전
2020.01,2198,대전
2020.02,2201,대전
2020.03,2204,대전
2020.04,2208,대전
2020.05,2211,대전
2020.06,2214,대전
2020.07,2218,대전
2020.08,2221,대전
2020.09,2224,대전
2020.10,2227,대전
2020.11,2230,대전
2020.12,2234,대전
2021.01,2237,대전
2021.02,2242,대전
2021.03,2246,대전
2021.04,2251,대전
2021.05,2256,대전
2021.06,2261,대전
2021.07,2266,대전
2021.08,2270,대전
2021.09,2275,대전
2021.10,2280,대전
2021.11,2284,대전
2021.12,2289,대전
2022.01,2294,대전
2022.02,2296,대전
2022.03,2297,대전
2022.04,2298,대전
2022.05,2300,대전
2022.06,2302,대전
2022.07,2303,대전
2022.08,2304,대전
2022.09,2306,대전
2022.10,2308,대전
2022.11,2309,대전
2022.12,2310,대전
2023.01,2312,대전
2003.01,4987,부산
2003.02,4975,부산
2003.03,4963,부산
2003.04,4951,부산
2003.05,4939,부산
2003.06,4927,부산
2003.07,4914,부산
2003.08,4902,부산
2003.09,4890,부산
2003.10,4878,부산
2003.11,4866,부산
2003.12,4854,부산
2004.01,4842,부산
2004.02,4827,부산
2004.03,4812,부산
2004.04,4797,부산
2004.05,4782,부산
2004.06,4767,부산
2004.07,4752,부산
2004.08,4736,부산
2004.09,4721,부산
2004.10,4706,부산
2004.11,4691,부산
2004.12,4676,부산
2005.01,4661,부산
2005.02,4665,부산
2005.03,4669,부산
2005.04,4673,부산
2005.05,4677,부산
2005.06,4681,부산
2005.07,4685,부산
2005.08,4689,부산
2005.09,4693,부산
2005.10,4697,부산
2005.11,4701,부산
2005.12,4705,부산
2006.01,4709,부산
2006.02,4715,부산
2006.03,4721,부산
2006.04,4726,부산
2006.05,4732,부산
2006.06,4738,부산
2006.07,4744,부산
2006.08,4750,부산
2006.09,4756,부산
2006.10,4762,부산
2006.11,4767,부산
2006.12,4773,부산
2007.01,4779,부산
2007.02,4777,부산
2007.03,4774,부산
2007.04,4772,부산
2007.05,4770,부산
2007.06,4767,부산
2007.07,4765,부산
2007.08,4763,부산
2007.09,4760,부산
2007.10,4758,부산
2007.11,4756,부산
2007.12,4753,부산
2008.01,4751,부산
2008.02,4751,부산
2008.03,4751,부산
2008.04,4751,부산
2008.05,4751,부산
2008.06,4751,부산
2008.07,4751,부산
2008.08,4751,부산
2008.09,4751,부산
2008.10,4751,부산
2008.11,4751,부산
2008.12,4751,부산
2009.01,4751,부산
2009.02,4760,부산
2009.03,4769,부산
2009.04,4778,부산
2009.05,4787,부산
2009.06,4796,부산
2009.07,4806,부산
2009.08,4815,부산
2009.09,4824,부산
2009.10,4833,부산
2009.11,4842,부산
2009.12,4851,부산
2010.01,4860,부산
2010.02,4874,부산
2010.03,4888,부산
2010.04,4902,부산
2010.05,4915,부산
2010.06,4929,부산
2010.07,4943,부산
2010.08,4957,부산
2010.09,4971,부산
2010.10,4984,부산
2010.11,4998,부산
2010.12,5012,부산
2011.01,5026,부산
2011.02,5012,부산
2011.03,4998,부산
2011.04,4984,부산
2011.05,4970,부산
2011.06,4956,부산
2011.07,4942,부산
2011.08,4929,부산
2011.09,4915,부산
2011.10,4901,부산
2011.11,4887,부산
2011.12,4873,부산
2012.01,4859,부산
2012.02,4841,부산
2012.03,4822,부산
2012.04,4804,부산
2012.05,4785,부산
2012.06,4767,부산
2012.07,4748,부산
2012.08,4730,부산
2012.09,4712,부산
2012.10,4693,부산
2012.11,4675,부산
2012.12,4656,부산
2013.01,4638,부산
2013.02,4629,부산
2013.03,4620,부산
2013.04,4611,부산
2013.05,4602,부산
2013.06,4593,부산
2013.07,4584,부산
2013.08,4574,부산
2013.09,4565,부산
2013.10,4556,부산
2013.11,4547,부산
2013.12,4538,부산
2014.01,4529,부산
2014.02,4543,부산
2014.03,4557,부산
2014.04,4571,부산
2014.05,4585,부산
2014.06,4599,부산
2014.07,4612,부산
2014.08,4626,부산
2014.09,4640,부산
2014.10,4654,부산
2014.11,4668,부산
2014.12,4682,부산
2015.01,4696,부산
2015.02,4697,부산
2015.03,4698,부산
2015.04,4699,부산
2015.05,4700,부산
2015.06,4701,부산
2015.07,4702,부산
2015.08,4703,부산
2015.09,4704,부산
2015.10,4705,부산
2015.11,4706,부산
2015.12,4707,부산
2016.01,4708,부산
2016.02,4711,부산
2016.03,4715,부산
2016.04,4718,부산
2016.05,4721,부산
2016.06,4725,부산
2016.07,4728,부산
2016.08,4731,부산
2016.09,4735,부산
2016.10,4738,부산
2016.11,4741,부산
2016.12,4745,부산
2017.01,4748,부산
2017.02,4741,부산
2017.03,4734,부산
2017.04,4728,부산
2017.05,4721,부산
2017.06,4714,부산
2017.07,4707,부산
2017.08,4700,부산
2017.09,4693,부산
2017.10,4686,부산
2017.11,4680,부산
2017.12,4673,부산
2018.01,4666,부산
2018.02,4676,부산
2018.03,4687,부산
2018.04,4697,부산
2018.05,4707,부산
2018.06,4718,부산
2018.07,4728,부산
2018.08,4738,부산
2018.09,4749,부산
2018.10,4759,부산
2018.11,4769,부산
2018.12,4780,부산
2019.01,4790,부산
2019.02,4802,부산
2019.03,4815,부산
2019.04,4827,부산
2019.05,4839,부산
2019.06,4852,부산
2019.07,4864,부산
2019.08,4876,부산
2019.09,4889,부산
2019.10,4901,부산
2019.11,4913,부산
2019.12,4926,부산
2020.01,4938,부산
2020.02,4943,부산
2020.03,4948,부산
2020.04,4954,부산
2020.05,4959,부산
2020.06,4964,부산
2020.07,4969,부산
2020.08,4974,부산
2020.09,4979,부산
2020.10,4984,부산
2020.11,4990,부산
2020.12,4995,부산
2021.01,5000,부산
2021.02,5014,부산
2021.03,5027,부산
2021.04,5041,부산
2021.05,5055,부산
2021.06,5068,부산
2021.07,5082,부산
2021.08,5096,부산
2021.09,5109,부산
2021.10,5123,부산
2021.11,5137,부산
2021.12,5150,부산
2022.01,5164,부산
2022.02,5184,부산
2022.03,5203,부산
2022.04,5223,부산
2022.05,5243,부산
2022.06,5262,부산
2022.07,5282,부산
2022.08,5302,부산
2022.09,5321,부산
2022.10,5341,부산
2022.11,5361,부산
2022.12,5380,부산
2023.01,5400,부산
2003.01,11176,서울
2003.02,11193,서울
2003.03,11210,서울
2003.04,11228,서울
2003.05,11245,서울
2003.06,11262,서울
2003.07,11279,서울
2003.08,11296,서울
2003.09,11313,서울
2003.10,11330,서울
2003.11,11348,서울
2003.12,11365,서울
2004.01,11382,서울
2004.02,11400,서울
2004.03,11419,서울
2004.04,11437,서울
2004.05,11456,서울
2004.06,11474,서울
2004.07,11492,서울
2004.08,11511,서울
2004.09,11529,서울
2004.10,11548,서울
2004.11,11566,서울
2004.12,11585,서울
2005.01,11603,서울
2005.02,11619,서울
2005.03,11635,서울
2005.04,11651,서울
2005.05,11667,서울
2005.06,11683,서울
2005.07,11698,서울
2005.08,11714,서울
2005.09,11730,서울
2005.10,11746,서울
2005.11,11762,서울
2005.12,11778,서울
2006.01,11794,서울
2006.02,11774,서울
2006.03,11753,서울
2006.04,11733,서울
2006.05,11712,서울
2006.06,11692,서울
2006.07,11672,서울
2006.08,11651,서울
2006.09,11631,서울
2006.10,11610,서울
2006.11,11590,서울
2006.12,11569,서울
2007.01,11549,서울
2007.02,11587,서울
2007.03,11625,서울
2007.04,11663,서울
2007.05,11701,서울
2007.06,11739,서울
2007.07,11778,서울
2007.08,11816,서울
2007.09,11854,서울
2007.10,11892,서울
2007.11,11930,서울
2007.12,11968,서울
2008.01,12006,서울
2008.02,12013,서울
2008.03,12019,서울
2008.04,12026,서울
2008.05,12033,서울
2008.06,12039,서울
2008.07,12046,서울
2008.08,12053,서울
2008.09,12059,서울
2008.10,12066,서울
2008.11,12073,서울
2008.12,12079,서울
2009.01,12086,서울
2009.02,12176,서울
2009.03,12266,서울
2009.04,12356,서울
2009.05,12447,서울
2009.06,12537,서울
2009.07,12627,서울
2009.08,12717,서울
2009.09,12807,서울
2009.10,12898,서울
2009.11,12988,서울
2009.12,13078,서울
2010.01,13168,서울
2010.02,13194,서울
2010.03,13220,서울
2010.04,13245,서울
2010.05,13271,서울
2010.06,13297,서울
2010.07,13322,서울
2010.08,13348,서울
2010.09,13374,서울
2010.10,13400,서울
2010.11,13426,서울
2010.12,13451,서울
2011.01,13477,서울
2011.02,13495,서울
2011.03,13512,서울
2011.04,13530,서울
2011.05,13547,서울
2011.06,13565,서울
2011.07,13582,서울
2011.08,13600,서울
2011.09,13618,서울
2011.10,13635,서울
2011.11,13653,서울
2011.12,13670,서울
2012.01,13688,서울
2012.02,13664,서울
2012.03,13641,서울
2012.04,13617,서울
2012.05,13594,서울
2012.06,13570,서울
2012.07,13546,서울
2012.08,13523,서울
2012.09,13499,서울
2012.10,13476,서울
2012.11,13452,서울
2012.12,13429,서울
2013.01,13405,서울
2013.02,13427,서울
2013.03,13449,서울
2013.04,13472,서울
2013.05,13494,서울
2013.06,13516,서울
2013.07,13538,서울
2013.08,13560,서울
2013.09,13582,서울
2013.10,13604,서울
2013.11,13627,서울
2013.12,13649,서울
2014.01,13671,서울
2014.02,13698,서울
2014.03,13724,서울
2014.04,13750,서울
2014.05,13777,서울
2014.06,13804,서울
2014.07,13830,서울
2014.08,13856,서울
2014.09,13883,서울
2014.10,13910,서울
2014.11,13936,서울
2014.12,13962,서울
2015.01,13989,서울
2015.02,13988,서울
2015.03,13986,서울
2015.04,13985,서울
2015.05,13984,서울
2015.06,13983,서울
2015.07,13982,서울
2015.08,13980,서울
2015.09,13979,서울
2015.10,13978,서울
2015.11,13976,서울
2015.12,13975,서울
2016.01,13974,서울
2016.02,13992,서울
2016.03,14010,서울
2016.04,14028,서울
2016.05,14046,서울
2016.06,14064,서울
2016.07,14082,서울
2016.08,14099,서울
2016.09,14117,서울
2016.10,14135,서울
2016.11,14153,서울
2016.12,14171,서울
2017.01,14189,서울
2017.02,14180,서울
2017.03,14171,서울
2017.04,14162,서울
2017.05,14153,서울
2017.06,14144,서울
2017.07,14134,서울
2017.08,14125,서울
2017.09,14116,서울
2017.10,14107,서울
2017.11,14098,서울
2017.12,14089,서울
2018.01,14080,서울
2018.02,14077,서울
2018.03,14074,서울
2018.04,14071,서울
2018.05,14068,서울
2018.06,14065,서울
2018.07,14062,서울
2018.08,14059,서울
2018.09,14056,서울
2018.10,14053,서울
2018.11,14050,서울
2018.12,14047,서울
2019.01,14044,서울
2019.02,14040,서울
2019.03,14035,서울
2019.04,14031,서울
2019.05,14027,서울
2019.06,14022,서울
2019.07,14018,서울
2019.08,14014,서울
2019.09,14009,서울
2019.10,14005,서울
2019.11,14001,서울
2019.12,13996,서울
2020.01,13992,서울
2020.02,13977,서울
2020.03,13962,서울
2020.04,13946,서울
2020.05,13931,서울
2020.06,13916,서울
2020.07,13900,서울
2020.08,13885,서울
2020.09,13870,서울
2020.10,13855,서울
2020.11,13840,서울
2020.12,13824,서울
2021.01,13809,서울
2021.02,13859,서울
2021.03,13910,서울
2021.04,13960,서울
2021.05,14011,서울
2021.06,14061,서울
2021.07,14112,서울
2021.08,14162,서울
2021.09,14212,서울
2021.10,14263,서울
2021.11,14313,서울
2021.12,14364,서울
2022.01,14414,서울
2022.02,14449,서울
2022.03,14484,서울
2022.04,14518,서울
2022.05,14553,서울
2022.06,14588,서울
2022.07,14623,서울
2022.08,14658,서울
2022.09,14693,서울
2022.10,14728,서울
2022.11,14762,서울
2022.12,14797,서울
2023.01,14832,서울
2012.01,90,세종
2012.02,92,세종
2012.03,93,세종
2012.04,94,세종
2012.05,96,세종
2012.06,98,세종
2012.07,99,세종
2012.08,100,세종
2012.09,102,세종
2012.10,104,세종
2012.11,105,세종
2012.12,106,세종
2013.01,108,세종
2013.02,107,세종
2013.03,107,세종
2013.04,106,세종
2013.05,106,세종
2013.06,105,세종
2013.07,104,세종
2013.08,104,세종
2013.09,103,세종
2013.10,103,세종
2013.11,102,세종
2013.12,102,세종
2014.01,101,세종
2014.02,107,세종
2014.03,112,세종
2014.04,118,세종
2014.05,124,세종
2014.06,129,세종
2014.07,135,세종
2014.08,141,세종
2014.09,146,세종
2014.10,152,세종
2014.11,158,세종
2014.12,163,세종
2015.01,169,세종
2015.02,176,세종
2015.03,184,세종
2015.04,191,세종
2015.05,198,세종
2015.06,206,세종
2015.07,213,세종
2015.08,220,세종
2015.09,228,세종
2015.10,235,세종
2015.11,242,세종
2015.12,250,세종
2016.01,257,세종
2016.02,265,세종
2016.03,274,세종
2016.04,282,세종
2016.05,290,세종
2016.06,299,세종
2016.07,307,세종
2016.08,315,세종
2016.09,324,세종
2016.10,332,세종
2016.11,340,세종
2016.12,349,세종
2017.01,357,세종
2017.02,369,세종
2017.03,381,세종
2017.04,392,세종
2017.05,404,세종
2017.06,416,세종
2017.07,428,세종
2017.08,440,세종
2017.09,452,세종
2017.10,464,세종
2017.11,475,세종
2017.12,487,세종
2018.01,499,세종
2018.02,508,세종
2018.03,517,세종
2018.04,526,세종
2018.05,535,세종
2018.06,544,세종
2018.07,553,세종
2018.08,562,세종
2018.09,571,세종
2018.10,580,세종
2018.11,589,세종
2018.12,598,세종
2019.01,607,세종
2019.02,614,세종
2019.03,621,세종
2019.04,628,세종
2019.05,634,세종
2019.06,641,세종
2019.07,648,세종
2019.08,655,세종
2019.09,662,세종
2019.10,668,세종
2019.11,675,세종
2019.12,682,세종
2020.01,689,세종
2020.02,698,세종
2020.03,708,세종
2020.04,717,세종
2020.05,726,세종
2020.06,735,세종
2020.07,744,세종
2020.08,754,세종
2020.09,763,세종
2020.10,772,세종
2020.11,782,세종
2020.12,791,세종
2021.01,800,세종
2021.02,810,세종
2021.03,820,세종
2021.04,830,세종
2021.05,840,세종
2021.06,850,세종
2021.07,860,세종
2021.08,870,세종
2021.09,880,세종
2021.10,890,세종
2021.11,900,세종
2021.12,910,세종
2022.01,920,세종
2022.02,929,세종
2022.03,938,세종
2022.04,947,세종
2022.05,956,세종
2022.06,965,세종
2022.07,974,세종
2022.08,984,세종
2022.09,993,세종
2022.10,1002,세종
2022.11,1011,세종
2022.12,1020,세종
2023.01,1029,세종
2003.01,2257,울산
2003.02,2262,울산
2003.03,2267,울산
2003.04,2272,울산
2003.05,2277,울산
2003.06,2282,울산
2003.07,2287,울산
2003.08,2292,울산
2003.09,2297,울산
2003.10,2302,울산
2003.11,2307,울산
2003.12,2312,울산
2004.01,2317,울산
2004.02,2317,울산
2004.03,2317,울산
2004.04,2317,울산
2004.05,2317,울산
2004.06,2317,울산
2004.07,2316,울산
2004.08,2316,울산
2004.09,2316,울산
2004.10,2316,울산
2004.11,2316,울산
2004.12,2316,울산
2005.01,2316,울산
2005.02,2324,울산
2005.03,2333,울산
2005.04,2341,울산
2005.05,2349,울산
2005.06,2358,울산
2005.07,2366,울산
2005.08,2374,울산
2005.09,2383,울산
2005.10,2391,울산
2005.11,2399,울산
2005.12,2408,울산
2006.01,2416,울산
2006.02,2410,울산
2006.03,2404,울산
2006.04,2398,울산
2006.05,2393,울산
2006.06,2387,울산
2006.07,2381,울산
2006.08,2375,울산
2006.09,2369,울산
2006.10,2364,울산
2006.11,2358,울산
2006.12,2352,울산
2007.01,2346,울산
2007.02,2358,울산
2007.03,2371,울산
2007.04,2383,울산
2007.05,2396,울산
2007.06,2408,울산
2007.07,2420,울산
2007.08,2433,울산
2007.09,2445,울산
2007.10,2458,울산
2007.11,2470,울산
2007.12,2483,울산
2008.01,2495,울산
2008.02,2508,울산
2008.03,2521,울산
2008.04,2534,울산
2008.05,2546,울산
2008.06,2559,울산
2008.07,2572,울산
2008.08,2585,울산
2008.09,2598,울산
2008.10,2610,울산
2008.11,2623,울산
2008.12,2636,울산
2009.01,2649,울산
2009.02,2648,울산
2009.03,2646,울산
2009.04,2645,울산
2009.05,2643,울산
2009.06,2642,울산
2009.07,2640,울산
2009.08,2639,울산
2009.09,2638,울산
2009.10,2636,울산
2009.11,2635,울산
2009.12,2633,울산
2010.01,2632,울산
2010.02,2629,울산
2010.03,2627,울산
2010.04,2624,울산
2010.05,2621,울산
2010.06,2619,울산
2010.07,2616,울산
2010.08,2613,울산
2010.09,2611,울산
2010.10,2608,울산
2010.11,2605,울산
2010.12,2603,울산
2011.01,2600,울산
2011.02,2595,울산
2011.03,2589,울산
2011.04,2584,울산
2011.05,2578,울산
2011.06,2573,울산
2011.07,2568,울산
2011.08,2562,울산
2011.09,2557,울산
2011.10,2551,울산
2011.11,2546,울산
2011.12,2540,울산
2012.01,2535,울산
2012.02,2516,울산
2012.03,2496,울산
2012.04,2477,울산
2012.05,2458,울산
2012.06,2438,울산
2012.07,2419,울산
2012.08,2400,울산
2012.09,2380,울산
2012.10,2361,울산
2012.11,2342,울산
2012.12,2322,울산
2013.01,2303,울산
2013.02,2307,울산
2013.03,2311,울산
2013.04,2315,울산
2013.05,2319,울산
2013.06,2323,울산
2013.07,2327,울산
2013.08,2331,울산
2013.09,2335,울산
2013.10,2339,울산
2013.11,2343,울산
2013.12,2347,울산
2014.01,2351,울산
2014.02,2362,울산
2014.03,2372,울산
2014.04,2383,울산
2014.05,2394,울산
2014.06,2404,울산
2014.07,2415,울산
2014.08,2426,울산
2014.09,2436,울산
2014.10,2447,울산
2014.11,2458,울산
2014.12,2468,울산
2015.01,2479,울산
2015.02,2484,울산
2015.03,2490,울산
2015.04,2495,울산
2015.05,2500,울산
2015.06,2505,울산
2015.07,2510,울산
2015.08,2516,울산
2015.09,2521,울산
2015.10,2526,울산
2015.11,2532,울산
2015.12,2537,울산
2016.01,2542,울산
2016.02,2544,울산
2016.03,2546,울산
2016.04,2548,울산
2016.05,2550,울산
2016.06,2552,울산
2016.07,2554,울산
2016.08,2556,울산
2016.09,2558,울산
2016.10,2560,울산
2016.11,2562,울산
2016.12,2564,울산
2017.01,2566,울산
2017.02,2568,울산
2017.03,2569,울산
2017.04,2571,울산
2017.05,2573,울산
2017.06,2574,울산
2017.07,2576,울산
2017.08,2578,울산
2017.09,2579,울산
2017.10,2581,울산
2017.11,2583,울산
2017.12,2584,울산
2018.01,2586,울산
2018.02,2582,울산
2018.03,2578,울산
2018.04,2574,울산
2018.05,2571,울산
2018.06,2567,울산
2018.07,2563,울산
2018.08,2559,울산
2018.09,2555,울산
2018.10,2552,울산
2018.11,2548,울산
2018.12,2544,울산
2019.01,2540,울산
2019.02,2537,울산
2019.03,2534,울산
2019.04,2531,울산
2019.05,2528,울산
2019.06,2525,울산
2019.07,2522,울산
2019.08,2518,울산
2019.09,2515,울산
2019.10,2512,울산
2019.11,2509,울산
2019.12,2506,울산
2020.01,2503,울산
2020.02,2500,울산
2020.03,2496,울산
2020.04,2492,울산
2020.05,2489,울산
2020.06,2486,울산
2020.07,2482,울산
2020.08,2478,울산
2020.09,2475,울산
2020.10,2472,울산
2020.11,2468,울산
2020.12,2464,울산
2021.01,2461,울산
2021.02,2471,울산
2021.03,2482,울산
2021.04,2492,울산
2021.05,2502,울산
2021.06,2512,울산
2021.07,2522,울산
2021.08,2533,울산
2021.09,2543,울산
2021.10,2553,울산
2021.11,2564,울산
2021.12,2574,울산
2022.01,2584,울산
2022.02,2587,울산
2022.03,2589,울산
2022.04,2592,울산
2022.05,2595,울산
2022.06,2597,울산
2022.07,2600,울산
2022.08,2603,울산
2022.09,2605,울산
2022.10,2608,울산
2022.11,2611,울산
2022.12,2613,울산
2023.01,2616,울산
2003.01,2778,인천
2003.02,2777,인천
2003.03,2776,인천
2003.04,2775,인천
2003.05,2774,인천
2003.06,2773,인천
2003.07,2772,인천
2003.08,2771,인천
2003.09,2770,인천
2003.10,2769,인천
2003.11,2768,인천
2003.12,2767,인천
2004.01,2766,인천
2004.02,2759,인천
2004.03,2751,인천
2004.04,2744,인천
2004.05,2737,인천
2004.06,2729,인천
2004.07,2722,인천
2004.08,2715,인천
2004.09,2707,인천
2004.10,2700,인천
2004.11,2693,인천
2004.12,2685,인천
2005.01,2678,인천
2005.02,2676,인천
2005.03,2674,인천
2005.04,2672,인천
2005.05,2669,인천
2005.06,2667,인천
2005.07,2665,인천
2005.08,2663,인천
2005.09,2661,인천
2005.10,2658,인천
2005.11,2656,인천
2005.12,2654,인천
2006.01,2652,인천
2006.02,2655,인천
2006.03,2657,인천
2006.04,2660,인천
2006.05,2663,인천
2006.06,2665,인천
2006.07,2668,인천
2006.08,2671,인천
2006.09,2673,인천
2006.10,2676,인천
2006.11,2679,인천
2006.12,2681,인천
2007.01,2684,인천
2007.02,2700,인천
2007.03,2716,인천
2007.04,2733,인천
2007.05,2749,인천
2007.06,2765,인천
2007.07,2782,인천
2007.08,2798,인천
2007.09,2814,인천
2007.10,2830,인천
2007.11,2846,인천
2007.12,2863,인천
2008.01,2879,인천
2008.02,2877,인천
2008.03,2875,인천
2008.04,2872,인천
2008.05,2870,인천
2008.06,2868,인천
2008.07,2866,인천
2008.08,2864,인천
2008.09,2862,인천
2008.10,2860,인천
2008.11,2857,인천
2008.12,2855,인천
2009.01,2853,인천
2009.02,2859,인천
2009.03,2865,인천
2009.04,2871,인천
2009.05,2877,인천
2009.06,2883,인천
2009.07,2888,인천
2009.08,2894,인천
2009.09,2900,인천
2009.10,2906,인천
2009.11,2912,인천
2009.12,2918,인천
2010.01,2924,인천
2010.02,2916,인천
2010.03,2908,인천
2010.04,2901,인천
2010.05,2893,인천
2010.06,2885,인천
2010.07,2878,인천
2010.08,2870,인천
2010.09,2862,인천
2010.10,2854,인천
2010.11,2846,인천
2010.12,2839,인천
2011.01,2831,인천
2011.02,2873,인천
2011.03,2916,인천
2011.04,2958,인천
2011.05,3000,인천
2011.06,3042,인천
2011.07,3084,인천
2011.08,3127,인천
2011.09,3169,인천
2011.10,3211,인천
2011.11,3254,인천
2011.12,3296,인천
2012.01,3338,인천
2012.02,3326,인천
2012.03,3315,인천
2012.04,3303,인천
2012.05,3291,인천
2012.06,3280,인천
2012.07,3268,인천
2012.08,3256,인천
2012.09,3245,인천
2012.10,3233,인천
2012.11,3221,인천
2012.12,3210,인천
2013.01,3198,인천
2013.02,3195,인천
2013.03,3193,인천
2013.04,3190,인천
2013.05,3188,인천
2013.06,3185,인천
2013.07,3182,인천
2013.08,3180,인천
2013.09,3177,인천
2013.10,3175,인천
2013.11,3172,인천
2013.12,3170,인천
2014.01,3167,인천
2014.02,3170,인천
2014.03,3174,인천
2014.04,3178,인천
2014.05,3181,인천
2014.06,3184,인천
2014.07,3188,인천
2014.08,3192,인천
2014.09,3195,인천
2014.10,3198,인천
2014.11,3202,인천
2014.12,3206,인천
2015.01,3209,인천
2015.02,3224,인천
2015.03,3240,인천
2015.04,3256,인천
2015.05,3271,인천
2015.06,3286,인천
2015.07,3302,인천
2015.08,3318,인천
2015.09,3333,인천
2015.10,3348,인천
2015.11,3364,인천
2015.12,3380,인천
2016.01,3395,인천
2016.02,3411,인천
2016.03,3427,인천
2016.04,3442,인천
2016.05,3458,인천
2016.06,3474,인천
2016.07,3490,인천
2016.08,3506,인천
2016.09,3522,인천
2016.10,3538,인천
2016.11,3553,인천
2016.12,3569,인천
2017.01,3585,인천
2017.02,3595,인천
2017.03,3604,인천
2017.04,3614,인천
2017.05,3624,인천
2017.06,3634,인천
2017.07,3644,인천
2017.08,3653,인천
2017.09,3663,인천
2017.10,3673,인천
2017.11,3682,인천
2017.12,3692,인천
2018.01,3702,인천
2018.02,3706,인천
2018.03,3710,인천
2018.04,3713,인천
2018.05,3717,인천
2018.06,3721,인천
2018.07,3724,인천
2018.08,3728,인천
2018.09,3732,인천
2018.10,3736,인천
2018.11,3740,인천
2018.12,3743,인천
2019.01,3747,인천
2019.02,3760,인천
2019.03,3773,인천
2019.04,3786,인천
2019.05,3799,인천
2019.06,3812,인천
2019.07,3826,인천
2019.08,3839,인천
2019.09,3852,인천
2019.10,3865,인천
2019.11,3878,인천
2019.12,3891,인천
2020.01,3904,인천
2020.02,3903,인천
2020.03,3903,인천
2020.04,3902,인천
2020.05,3902,인천
2020.06,3901,인천
2020.07,3900,인천
2020.08,3900,인천
2020.09,3899,인천
2020.10,3899,인천
2020.11,3898,인천
2020.12,3898,인천
2021.01,3897,인천
2021.02,3916,인천
2021.03,3935,인천
2021.04,3954,인천
2021.05,3973,인천
2021.06,3992,인천
2021.07,4012,인천
2021.08,4031,인천
2021.09,4050,인천
2021.10,4069,인천
2021.11,4088,인천
2021.12,4107,인천
2022.01,4126,인천
2022.02,4151,인천
2022.03,4175,인천
2022.04,4200,인천
2022.05,4224,인천
2022.06,4249,인천
2022.07,4274,인천
2022.08,4298,인천
2022.09,4323,인천
2022.10,4347,인천
2022.11,4372,인천
2022.12,4396,인천
2023.01,4421,인천
2003.01,2387,전남
2003.02,2392,전남
2003.03,2396,전남
2003.04,2401,전남
2003.05,2405,전남
2003.06,2410,전남
2003.07,2414,전남
2003.08,2419,전남
2003.09,2424,전남
2003.10,2428,전남
2003.11,2433,전남
2003.12,2437,전남
2004.01,2442,전남
2004.02,2448,전남
2004.03,2455,전남
2004.04,2461,전남
2004.05,2468,전남
2004.06,2474,전남
2004.07,2480,전남
2004.08,2487,전남
2004.09,2493,전남
2004.10,2500,전남
2004.11,2506,전남
2004.12,2513,전남
2005.01,2519,전남
2005.02,2521,전남
2005.03,2524,전남
2005.04,2526,전남
2005.05,2528,전남
2005.06,2531,전남
2005.07,2533,전남
2005.08,2535,전남
2005.09,2538,전남
2005.10,2540,전남
2005.11,2542,전남
2005.12,2545,전남
2006.01,2547,전남
2006.02,2554,전남
2006.03,2562,전남
2006.04,2570,전남
2006.05,2577,전남
2006.06,2584,전남
2006.07,2592,전남
2006.08,2600,전남
2006.09,2607,전남
2006.10,2614,전남
2006.11,2622,전남
2006.12,2630,전남
2007.01,2637,전남
2007.02,2644,전남
2007.03,2652,전남
2007.04,2660,전남
2007.05,2667,전남
2007.06,2674,전남
2007.07,2682,전남
2007.08,2690,전남
2007.09,2697,전남
2007.10,2704,전남
2007.11,2712,전남
2007.12,2720,전남
2008.01,2727,전남
2008.02,2736,전남
2008.03,2744,전남
2008.04,2752,전남
2008.05,2761,전남
2008.06,2770,전남
2008.07,2778,전남
2008.08,2786,전남
2008.09,2795,전남
2008.10,2804,전남
2008.11,2812,전남
2008.12,2820,전남
2009.01,2829,전남
2009.02,2835,전남
2009.03,2840,전남
2009.04,2846,전남
2009.05,2852,전남
2009.06,2857,전남
2009.07,2863,전남
2009.08,2869,전남
2009.09,2874,전남
2009.10,2880,전남
2009.11,2886,전남
2009.12,2891,전남
2010.01,2897,전남
2010.02,2896,전남
2010.03,2896,전남
2010.04,2896,전남
2010.05,2895,전남
2010.06,2894,전남
2010.07,2894,전남
2010.08,2894,전남
2010.09,2893,전남
2010.10,2892,전남
2010.11,2892,전남
2010.12,2892,전남
2011.01,2891,전남
2011.02,2887,전남
2011.03,2883,전남
2011.04,2880,전남
2011.05,2876,전남
2011.06,2872,전남
2011.07,2868,전남
2011.08,2864,전남
2011.09,2860,전남
2011.10,2856,전남
2011.11,2853,전남
2011.12,2849,전남
2012.01,2845,전남
2012.02,2840,전남
2012.03,2835,전남
2012.04,2830,전남
2012.05,2826,전남
2012.06,2821,전남
2012.07,2816,전남
2012.08,2811,전남
2012.09,2806,전남
2012.10,2802,전남
2012.11,2797,전남
2012.12,2792,전남
2013.01,2787,전남
2013.02,2792,전남
2013.03,2798,전남
2013.04,2804,전남
2013.05,2809,전남
2013.06,2814,전남
2013.07,2820,전남
2013.08,2826,전남
2013.09,2831,전남
2013.10,2836,전남
2013.11,2842,전남
2013.12,2848,전남
2014.01,2853,전남
2014.02,2843,전남
2014.03,2834,전남
2014.04,2824,전남
2014.05,2814,전남
2014.06,2805,전남
2014.07,2795,전남
2014.08,2785,전남
2014.09,2776,전남
2014.10,2766,전남
2014.11,2756,전남
2014.12,2747,전남
2015.01,2737,전남
2015.02,2730,전남
2015.03,2723,전남
2015.04,2716,전남
2015.05,2709,전남
2015.06,2702,전남
2015.07,2694,전남
2015.08,2687,전남
2015.09,2680,전남
2015.10,2673,전남
2015.11,2666,전남
2015.12,2659,전남
2016.01,2652,전남
2016.02,2664,전남
2016.03,2676,전남
2016.04,2688,전남
2016.05,2700,전남
2016.06,2712,전남
2016.07,2724,전남
2016.08,2737,전남
2016.09,2749,전남
2016.10,2761,전남
2016.11,2773,전남
2016.12,2785,전남
2017.01,2797,전남
2017.02,2788,전남
2017.03,2779,전남
2017.04,2770,전남
2017.05,2762,전남
2017.06,2753,전남
2017.07,2744,전남
2017.08,2735,전남
2017.09,2726,전남
2017.10,2718,전남
2017.11,2709,전남
2017.12,2700,전남
2018.01,2691,전남
2018.02,2692,전남
2018.03,2693,전남
2018.04,2694,전남
2018.05,2695,전남
2018.06,2696,전남
2018.07,2697,전남
2018.08,2698,전남
2018.09,2699,전남
2018.10,2700,전남
2018.11,2701,전남
2018.12,2702,전남
2019.01,2703,전남
2019.02,2702,전남
2019.03,2700,전남
2019.04,2699,전남
2019.05,2698,전남
2019.06,2696,전남
2019.07,2695,전남
2019.08,2694,전남
2019.09,2692,전남
2019.10,2691,전남
2019.11,2690,전남
2019.12,2688,전남
2020.01,2687,전남
2020.02,2686,전남
2020.03,2685,전남
2020.04,2684,전남
2020.05,2684,전남
2020.06,2683,전남
2020.07,2682,전남
2020.08,2681,전남
2020.09,2680,전남
2020.10,2680,전남
2020.11,2679,전남
2020.12,2678,전남
2021.01,2677,전남
2021.02,2683,전남
2021.03,2690,전남
2021.04,2696,전남
2021.05,2702,전남
2021.06,2708,전남
2021.07,2714,전남
2021.08,2721,전남
2021.09,2727,전남
2021.10,2733,전남
2021.11,2740,전남
2021.12,2746,전남
2022.01,2752,전남
2022.02,2751,전남
2022.03,2751,전남
2022.04,2750,전남
2022.05,2749,전남
2022.06,2749,전남
2022.07,2748,전남
2022.08,2747,전남
2022.09,2747,전남
2022.10,2746,전남
2022.11,2745,전남
2022.12,2745,전남
2023.01,2744,전남
2003.01,2966,전북
2003.02,2982,전북
2003.03,2998,전북
2003.04,3013,전북
2003.05,3029,전북
2003.06,3045,전북
2003.07,3060,전북
2003.08,3076,전북
2003.09,3092,전북
2003.10,3108,전북
2003.11,3124,전북
2003.12,3139,전북
2004.01,3155,전북
2004.02,3153,전북
2004.03,3152,전북
2004.04,3150,전북
2004.05,3149,전북
2004.06,3147,전북
2004.07,3146,전북
2004.08,3144,전북
2004.09,3142,전북
2004.10,3141,전북
2004.11,3139,전북
2004.12,3138,전북
2005.01,3136,전북
2005.02,3132,전북
2005.03,3127,전북
2005.04,3123,전북
2005.05,3119,전북
2005.06,3114,전북
2005.07,3110,전북
2005.08,3106,전북
2005.09,3101,전북
2005.10,3097,전북
2005.11,3093,전북
2005.12,3088,전북
2006.01,3084,전북
2006.02,3099,전북
2006.03,3114,전북
2006.04,3129,전북
2006.05,3144,전북
2006.06,3159,전북
2006.07,3174,전북
2006.08,3189,전북
2006.09,3204,전북
2006.10,3219,전북
2006.11,3234,전북
2006.12,3249,전북
2007.01,3264,전북
2007.02,3268,전북
2007.03,3272,전북
2007.04,3276,전북
2007.05,3280,전북
2007.06,3284,전북
2007.07,3288,전북
2007.08,3293,전북
2007.09,3297,전북
2007.10,3301,전북
2007.11,3305,전북
2007.12,3309,전북
2008.01,3313,전북
2008.02,3327,전북
2008.03,3341,전북
2008.04,3354,전북
2008.05,3368,전북
2008.06,3382,전북
2008.07,3396,전북
2008.08,3410,전북
2008.09,3424,전북
2008.10,3438,전북
2008.11,3451,전북
2008.12,3465,전북
2009.01,3479,전북
2009.02,3509,전북
2009.03,3540,전북
2009.04,3570,전북
2009.05,3600,전북
2009.06,3630,전북
2009.07,3660,전북
2009.08,3691,전북
2009.09,3721,전북
2009.10,3751,전북
2009.11,3782,전북
2009.12,3812,전북
2010.01,3842,전북
2010.02,3852,전북
2010.03,3861,전북
2010.04,3870,전북
2010.05,3880,전북
2010.06,3890,전북
2010.07,3899,전북
2010.08,3908,전북
2010.09,3918,전북
2010.10,3928,전북
2010.11,3937,전북
2010.12,3946,전북
2011.01,3956,전북
2011.02,3960,전북
2011.03,3964,전북
2011.04,3968,전북
2011.05,3972,전북
2011.06,3976,전북
2011.07,3980,전북
2011.08,3985,전북
2011.09,3989,전북
2011.10,3993,전북
2011.11,3997,전북
2011.12,4001,전북
2012.01,4005,전북
2012.02,3999,전북
2012.03,3993,전북
2012.04,3987,전북
2012.05,3981,전북
2012.06,3975,전북
2012.07,3969,전북
2012.08,3963,전북
2012.09,3957,전북
2012.10,3951,전북
2012.11,3945,전북
2012.12,3939,전북
2013.01,3933,전북
2013.02,3938,전북
2013.03,3942,전북
2013.04,3947,전북
2013.05,3952,전북
2013.06,3956,전북
2013.07,3961,전북
2013.08,3966,전북
2013.09,3970,전북
2013.10,3975,전북
2013.11,3980,전북
2013.12,3984,전북
2014.01,3989,전북
2014.02,3988,전북
2014.03,3987,전북
2014.04,3986,전북
2014.05,3984,전북
2014.06,3983,전북
2014.07,3982,전북
2014.08,3981,전북
2014.09,3980,전북
2014.10,3978,전북
2014.11,3977,전북
2014.12,3976,전북
2015.01,3975,전북
2015.02,3980,전북
2015.03,3986,전북
2015.04,3991,전북
2015.05,3997,전북
2015.06,4002,전북
2015.07,4008,전북
2015.08,4013,전북
2015.09,4018,전북
2015.10,4024,전북
2015.11,4029,전북
2015.12,4035,전북
2016.01,4040,전북
2016.02,4034,전북
2016.03,4028,전북
2016.04,4023,전북
2016.05,4017,전북
2016.06,4011,전북
2016.07,4006,전북
2016.08,4000,전북
2016.09,3994,전북
2016.10,3988,전북
2016.11,3982,전북
2016.12,3977,전북
2017.01,3971,전북
2017.02,3968,전북
2017.03,3966,전북
2017.04,3963,전북
2017.05,3960,전북
2017.06,3957,전북
2017.07,3954,전북
2017.08,3952,전북
2017.09,3949,전북
2017.10,3946,전북
2017.11,3944,전북
2017.12,3941,전북
2018.01,3938,전북
2018.02,3932,전북
2018.03,3926,전북
2018.04,3920,전북
2018.05,3914,전북
2018.06,3908,전북
2018.07,3902,전북
2018.08,3895,전북
2018.09,3889,전북
2018.10,3883,전북
2018.11,3877,전북
2018.12,3871,전북
2019.01,3865,전북
2019.02,3864,전북
2019.03,3863,전북
2019.04,3862,전북
2019.05,3861,전북
2019.06,3860,전북
2019.07,3859,전북
2019.08,3858,전북
2019.09,3857,전북
2019.10,3856,전북
2019.11,3855,전북
2019.12,3854,전북
2020.01,3853,전북
2020.02,3855,전북
2020.03,3857,전북
2020.04,3858,전북
2020.05,3860,전북
2020.06,3862,전북
2020.07,3864,전북
2020.08,3866,전북
2020.09,3868,전북
2020.10,3870,전북
2020.11,3871,전북
2020.12,3873,전북
2021.01,3875,전북
2021.02,3882,전북
2021.03,3889,전북
2021.04,3896,전북
2021.05,3904,전북
2021.06,3911,전북
2021.07,3918,전북
2021.08,3925,전북
2021.09,3932,전북
2021.10,3940,전북
2021.11,3947,전북
2021.12,3954,전북
2022.01,3961,전북
2022.02,3960,전북
2022.03,3959,전북
2022.04,3958,전북
2022.05,3957,전북
2022.06,3956,전북
2022.07,3954,전북
2022.08,3953,전북
2022.09,3952,전북
2022.10,3951,전북
2022.11,3950,전북
2022.12,3949,전북
2023.01,3948,전북
2003.01,760,제주
2003.02,761,제주
2003.03,762,제주
2003.04,763,제주
2003.05,764,제주
2003.06,765,제주
2003.07,766,제주
2003.08,766,제주
2003.09,767,제주
2003.10,768,제주
2003.11,769,제주
2003.12,770,제주
2004.01,771,제주
2004.02,777,제주
2004.03,782,제주
2004.04,788,제주
2004.05,793,제주
2004.06,799,제주
2004.07,804,제주
2004.08,810,제주
2004.09,816,제주
2004.10,821,제주
2004.11,827,제주
2004.12,832,제주
2005.01,838,제주
2005.02,843,제주
2005.03,848,제주
2005.04,853,제주
2005.05,858,제주
2005.06,863,제주
2005.07,868,제주
2005.08,873,제주
2005.09,878,제주
2005.10,883,제주
2005.11,888,제주
2005.12,893,제주
2006.01,898,제주
2006.02,900,제주
2006.03,903,제주
2006.04,905,제주
2006.05,908,제주
2006.06,910,제주
2006.07,912,제주
2006.08,915,제주
2006.09,917,제주
2006.10,920,제주
2006.11,922,제주
2006.12,925,제주
2007.01,927,제주
2007.02,928,제주
2007.03,928,제주
2007.04,929,제주
2007.05,930,제주
2007.06,931,제주
2007.07,932,제주
2007.08,932,제주
2007.09,933,제주
2007.10,934,제주
2007.11,934,제주
2007.12,935,제주
2008.01,936,제주
2008.02,936,제주
2008.03,936,제주
2008.04,936,제주
2008.05,936,제주
2008.06,936,제주
2008.07,936,제주
2008.08,935,제주
2008.09,935,제주
2008.10,935,제주
2008.11,935,제주
2008.12,935,제주
2009.01,935,제주
2009.02,940,제주
2009.03,945,제주
2009.04,950,제주
2009.05,955,제주
2009.06,960,제주
2009.07,964,제주
2009.08,969,제주
2009.09,974,제주
2009.10,979,제주
2009.11,984,제주
2009.12,989,제주
2010.01,994,제주
2010.02,991,제주
2010.03,988,제주
2010.04,985,제주
2010.05,982,제주
2010.06,979,제주
2010.07,976,제주
2010.08,972,제주
2010.09,969,제주
2010.10,966,제주
2010.11,963,제주
2010.12,960,제주
2011.01,957,제주
2011.02,959,제주
2011.03,961,제주
2011.04,963,제주
2011.05,965,제주
2011.06,967,제주
2011.07,968,제주
2011.08,970,제주
2011.09,972,제주
2011.10,974,제주
2011.11,976,제주
2011.12,978,제주
2012.01,980,제주
2012.02,980,제주
2012.03,980,제주
2012.04,980,제주
2012.05,979,제주
2012.06,979,제주
2012.07,979,제주
2012.08,979,제주
2012.09,979,제주
2012.10,978,제주
2012.11,978,제주
2012.12,978,제주
2013.01,978,제주
2013.02,980,제주
2013.03,982,제주
2013.04,983,제주
2013.05,985,제주
2013.06,987,제주
2013.07,988,제주
2013.08,990,제주
2013.09,992,제주
2013.10,994,제주
2013.11,996,제주
2013.12,997,제주
2014.01,999,제주
2014.02,1000,제주
2014.03,1000,제주
2014.04,1001,제주
2014.05,1001,제주
2014.06,1002,제주
2014.07,1002,제주
2014.08,1003,제주
2014.09,1004,제주
2014.10,1004,제주
2014.11,1005,제주
2014.12,1005,제주
2015.01,1006,제주
2015.02,1005,제주
2015.03,1004,제주
2015.04,1004,제주
2015.05,1003,제주
2015.06,1002,제주
2015.07,1001,제주
2015.08,1000,제주
2015.09,999,제주
2015.10,998,제주
2015.11,998,제주
2015.12,997,제주
2016.01,996,제주
2016.02,996,제주
2016.03,996,제주
2016.04,996,제주
2016.05,995,제주
2016.06,995,제주
2016.07,995,제주
2016.08,995,제주
2016.09,995,제주
2016.10,994,제주
2016.11,994,제주
2016.12,994,제주
2017.01,994,제주
2017.02,996,제주
2017.03,998,제주
2017.04,1000,제주
2017.05,1002,제주
2017.06,1004,제주
2017.07,1006,제주
2017.08,1007,제주
2017.09,1009,제주
2017.10,1011,제주
2017.11,1013,제주
2017.12,1015,제주
2018.01,1017,제주
2018.02,1018,제주
2018.03,1018,제주
2018.04,1019,제주
2018.05,1020,제주
2018.06,1021,제주
2018.07,1022,제주
2018.08,1022,제주
2018.09,1023,제주
2018.10,1024,제주
2018.11,1024,제주
2018.12,1025,제주
2019.01,1026,제주
2019.02,1028,제주
2019.03,1030,제주
2019.04,1032,제주
2019.05,1034,제주
2019.06,1036,제주
2019.07,1038,제주
2019.08,1041,제주
2019.09,1043,제주
2019.10,1045,제주
2019.11,1047,제주
2019.12,1049,제주
2020.01,1051,제주
2020.02,1055,제주
2020.03,1058,제주
2020.04,1062,제주
2020.05,1066,제주
2020.06,1069,제주
2020.07,1073,제주
2020.08,1077,제주
2020.09,1080,제주
2020.10,1084,제주
2020.11,1088,제주
2020.12,1091,제주
2021.01,1095,제주
2021.02,1101,제주
2021.03,1107,제주
2021.04,1113,제주
2021.05,1119,제주
2021.06,1125,제주
2021.07,1131,제주
2021.08,1137,제주
2021.09,1143,제주
2021.10,1149,제주
2021.11,1155,제주
2021.12,1161,제주
2022.01,1167,제주
2022.02,1171,제주
2022.03,1174,제주
2022.04,1178,제주
2022.05,1182,제주
2022.06,1186,제주
2022.07,1190,제주
2022.08,1193,제주
2022.09,1197,제주
2022.10,1201,제주
2022.11,1204,제주
2022.12,1208,제주
2023.01,1212,제주
2003.01,2460,충남
2003.02,2453,충남
2003.03,2445,충남
2003.04,2438,충남
2003.05,2431,충남
2003.06,2423,충남
2003.07,2416,충남
2003.08,2409,충남
2003.09,2401,충남
2003.10,2394,충남
2003.11,2387,충남
2003.12,2379,충남
2004.01,2372,충남
2004.02,2376,충남
2004.03,2380,충남
2004.04,2384,충남
2004.05,2388,충남
2004.06,2392,충남
2004.07,2396,충남
2004.08,2399,충남
2004.09,2403,충남
2004.10,2407,충남
2004.11,2411,충남
2004.12,2415,충남
2005.01,2419,충남
2005.02,2428,충남
2005.03,2437,충남
2005.04,2446,충남
2005.05,2455,충남
2005.06,2464,충남
2005.07,2474,충남
2005.08,2483,충남
2005.09,2492,충남
2005.10,2501,충남
2005.11,2510,충남
2005.12,2519,충남
2006.01,2528,충남
2006.02,2539,충남
2006.03,2550,충남
2006.04,2561,충남
2006.05,2572,충남
2006.06,2583,충남
2006.07,2594,충남
2006.08,2605,충남
2006.09,2616,충남
2006.10,2627,충남
2006.11,2638,충남
2006.12,2649,충남
2007.01,2660,충남
2007.02,2674,충남
2007.03,2688,충남
2007.04,2701,충남
2007.05,2715,충남
2007.06,2729,충남
2007.07,2742,충남
2007.08,2756,충남
2007.09,2770,충남
2007.10,2784,충남
2007.11,2798,충남
2007.12,2811,충남
2008.01,2825,충남
2008.02,2831,충남
2008.03,2838,충남
2008.04,2844,충남
2008.05,2851,충남
2008.06,2857,충남
2008.07,2864,충남
2008.08,2870,충남
2008.09,2876,충남
2008.10,2883,충남
2008.11,2889,충남
2008.12,2896,충남
2009.01,2902,충남
2009.02,2917,충남
2009.03,2931,충남
2009.04,2946,충남
2009.05,2960,충남
2009.06,2975,충남
2009.07,2990,충남
2009.08,3004,충남
2009.09,3019,충남
2009.10,3033,충남
2009.11,3048,충남
2009.12,3062,충남
2010.01,3077,충남
2010.02,3066,충남
2010.03,3055,충남
2010.04,3044,충남
2010.05,3033,충남
2010.06,3022,충남
2010.07,3010,충남
2010.08,2999,충남
2010.09,2988,충남
2010.10,2977,충남
2010.11,2966,충남
2010.12,2955,충남
2011.01,2944,충남
2011.02,2927,충남
2011.03,2910,충남
2011.04,2892,충남
2011.05,2875,충남
2011.06,2858,충남
2011.07,2841,충남
2011.08,2824,충남
2011.09,2807,충남
2011.10,2790,충남
2011.11,2772,충남
2011.12,2755,충남
2012.01,2738,충남
2012.02,2734,충남
2012.03,2729,충남
2012.04,2724,충남
2012.05,2720,충남
2012.06,2716,충남
2012.07,2711,충남
2012.08,2706,충남
2012.09,2702,충남
2012.10,2698,충남
2012.11,2693,충남
2012.12,2688,충남
2013.01,2684,충남
2013.02,2688,충남
2013.03,2692,충남
2013.04,2696,충남
2013.05,2700,충남
2013.06,2704,충남
2013.07,2708,충남
2013.08,2712,충남
2013.09,2716,충남
2013.10,2720,충남
2013.11,2724,충남
2013.12,2728,충남
2014.01,2732,충남
2014.02,2734,충남
2014.03,2736,충남
2014.04,2738,충남
2014.05,2741,충남
2014.06,2743,충남
2014.07,2745,충남
2014.08,2747,충남
2014.09,2749,충남
2014.10,2752,충남
2014.11,2754,충남
2014.12,2756,충남
2015.01,2758,충남
2015.02,2760,충남
2015.03,2762,충남
2015.04,2764,충남
2015.05,2766,충남
2015.06,2768,충남
2015.07,2770,충남
2015.08,2772,충남
2015.09,2774,충남
2015.10,2776,충남
2015.11,2778,충남
2015.12,2780,충남
2016.01,2782,충남
2016.02,2790,충남
2016.03,2799,충남
2016.04,2807,충남
2016.05,2816,충남
2016.06,2824,충남
2016.07,2832,충남
2016.08,2841,충남
2016.09,2849,충남
2016.10,2858,충남
2016.11,2866,충남
2016.12,2875,충남
2017.01,2883,충남
2017.02,2890,충남
2017.03,2896,충남
2017.04,2902,충남
2017.05,2909,충남
2017.06,2916,충남
2017.07,2922,충남
2017.08,2928,충남
2017.09,2935,충남
2017.10,2942,충남
2017.11,2948,충남
2017.12,2954,충남
2018.01,2961,충남
2018.02,2958,충남
2018.03,2955,충남
2018.04,2952,충남
2018.05,2948,충남
2018.06,2945,충남
2018.07,2942,충남
2018.08,2939,충남
2018.09,2936,충남
2018.10,2932,충남
2018.11,2929,충남
2018.12,2926,충남
2019.01,2923,충남
2019.02,2924,충남
2019.03,2926,충남
2019.04,2927,충남
2019.05,2928,충남
2019.06,2930,충남
2019.07,2931,충남
2019.08,2932,충남
2019.09,2934,충남
2019.10,2935,충남
2019.11,2936,충남
2019.12,2938,충남
2020.01,2939,충남
2020.02,2938,충남
2020.03,2937,충남
2020.04,2936,충남
2020.05,2935,충남
2020.06,2934,충남
2020.07,2932,충남
2020.08,2931,충남
2020.09,2930,충남
2020.10,2929,충남
2020.11,2928,충남
2020.12,2927,충남
2021.01,2926,충남
2021.02,2938,충남
2021.03,2950,충남
2021.04,2962,충남
2021.05,2975,충남
2021.06,2987,충남
2021.07,2999,충남
2021.08,3011,충남
2021.09,3023,충남
2021.10,3036,충남
2021.11,3048,충남
2021.12,3060,충남
2022.01,3072,충남
2022.02,3077,충남
2022.03,3081,충남
2022.04,3086,충남
2022.05,3090,충남
2022.06,3095,충남
2022.07,3100,충남
2022.08,3104,충남
2022.09,3109,충남
2022.10,3113,충남
2022.11,3118,충남
2022.12,3122,충남
2023.01,3127,충남
2003.01,1887,충북
2003.02,1883,충북
2003.03,1878,충북
2003.04,1874,충북
2003.05,1869,충북
2003.06,1865,충북
2003.07,1860,충북
2003.08,1856,충북
2003.09,1852,충북
2003.10,1847,충북
2003.11,1843,충북
2003.12,1838,충북
2004.01,1834,충북
2004.02,1852,충북
2004.03,1871,충북
2004.04,1889,충북
2004.05,1907,충북
2004.06,1926,충북
2004.07,1944,충북
2004.08,1962,충북
2004.09,1981,충북
2004.10,1999,충북
2004.11,2017,충북
2004.12,2036,충북
2005.01,2054,충북
2005.02,2062,충북
2005.03,2071,충북
2005.04,2079,충북
2005.05,2087,충북
2005.06,2096,충북
2005.07,2104,충북
2005.08,2112,충북
2005.09,2121,충북
2005.10,2129,충북
2005.11,2137,충북
2005.12,2146,충북
2006.01,2154,충북
2006.02,2160,충북
2006.03,2165,충북
2006.04,2171,충북
2006.05,2176,충북
2006.06,2182,충북
2006.07,2188,충북
2006.08,2193,충북
2006.09,2199,충북
2006.10,2204,충북
2006.11,2210,충북
2006.12,2215,충북
2007.01,2221,충북
2007.02,2226,충북
2007.03,2230,충북
2007.04,2235,충북
2007.05,2239,충북
2007.06,2244,충북
2007.07,2248,충북
2007.08,2253,충북
2007.09,2258,충북
2007.10,2262,충북
2007.11,2267,충북
2007.12,2271,충북
2008.01,2276,충북
2008.02,2286,충북
2008.03,2296,충북
2008.04,2305,충북
2008.05,2315,충북
2008.06,2325,충북
2008.07,2334,충북
2008.08,2344,충북
2008.09,2354,충북
2008.10,2364,충북
2008.11,2374,충북
2008.12,2383,충북
2009.01,2393,충북
2009.02,2401,충북
2009.03,2409,충북
2009.04,2417,충북
2009.05,2425,충북
2009.06,2433,충북
2009.07,2441,충북
2009.08,2449,충북
2009.09,2457,충북
2009.10,2465,충북
2009.11,2473,충북
2009.12,2481,충북
2010.01,2489,충북
2010.02,2484,충북
2010.03,2480,충북
2010.04,2476,충북
2010.05,2471,충북
2010.06,2466,충북
2010.07,2462,충북
2010.08,2458,충북
2010.09,2453,충북
2010.10,2448,충북
2010.11,2444,충북
2010.12,2440,충북
2011.01,2435,충북
2011.02,2432,충북
2011.03,2428,충북
2011.04,2424,충북
2011.05,2421,충북
2011.06,2418,충북
2011.07,2414,충북
2011.08,2410,충북
2011.09,2407,충북
2011.10,2404,충북
2011.11,2400,충북
2011.12,2396,충북
2012.01,2393,충북
2012.02,2391,충북
2012.03,2388,충북
2012.04,2386,충북
2012.05,2384,충북
2012.06,2381,충북
2012.07,2379,충북
2012.08,2377,충북
2012.09,2374,충북
2012.10,2372,충북
2012.11,2370,충북
2012.12,2367,충북
2013.01,2365,충북
2013.02,2364,충북
2013.03,2362,충북
2013.04,2361,충북
2013.05,2360,충북
2013.06,2359,충북
2013.07,2358,충북
2013.08,2356,충북
2013.09,2355,충북
2013.10,2354,충북
2013.11,2352,충북
2013.12,2351,충북
2014.01,2350,충북
2014.02,2349,충북
2014.03,2348,충북
2014.04,2347,충북
2014.05,2346,충북
2014.06,2345,충북
2014.07,2344,충북
2014.08,2343,충북
2014.09,2342,충북
2014.10,2341,충북
2014.11,2340,충북
2014.12,2339,충북
2015.01,2338,충북
2015.02,2336,충북
2015.03,2335,충북
2015.04,2334,충북
2015.05,2332,충북
2015.06,2330,충북
2015.07,2329,충북
2015.08,2328,충북
2015.09,2326,충북
2015.10,2324,충북
2015.11,2323,충북
2015.12,2322,충북
2016.01,2320,충북
2016.02,2318,충북
2016.03,2316,충북
2016.04,2314,충북
2016.05,2313,충북
2016.06,2311,충북
2016.07,2309,충북
2016.08,2307,충북
2016.09,2305,충북
2016.10,2304,충북
2016.11,2302,충북
2016.12,2300,충북
2017.01,2298,충북
2017.02,2294,충북
2017.03,2290,충북
2017.04,2286,충북
2017.05,2282,충북
2017.06,2278,충북
2017.07,2274,충북
2017.08,2269,충북
2017.09,2265,충북
2017.10,2261,충북
2017.11,2257,충북
2017.12,2253,충북
2018.01,2249,충북
2018.02,2247,충북
2018.03,2246,충북
2018.04,2244,충북
2018.05,2243,충북
2018.06,2241,충북
2018.07,2240,충북
2018.08,2238,충북
2018.09,2236,충북
2018.10,2235,충북
2018.11,2233,충북
2018.12,2232,충북
2019.01,2230,충북
2019.02,2230,충북
2019.03,2230,충북
2019.04,2230,충북
2019.05,2231,충북
2019.06,2231,충북
2019.07,2231,충북
2019.08,2231,충북
2019.09,2231,충북
2019.10,2232,충북
2019.11,2232,충북
2019.12,2232,충북
2020.01,2232,충북
2020.02,2235,충북
2020.03,2238,충북
2020.04,2241,충북
2020.05,2244,충북
2020.06,2247,충북
2020.07,2250,충북
2020.08,2253,충북
2020.09,2256,충북
2020.10,2259,충북
2020.11,2262,충북
2020.12,2265,충북
2021.01,2268,충북
2021.02,2277,충북
2021.03,2287,충북
2021.04,2296,충북
2021.05,2306,충북
2021.06,2315,충북
2021.07,2324,충북
2021.08,2334,충북
2021.09,2343,충북
2021.10,2353,충북
2021.11,2362,충북
2021.12,2372,충북
2022.01,2381,충북
2022.02,2389,충북
2022.03,2396,충북
2022.04,2404,충북
2022.05,2412,충북
2022.06,2420,충북
2022.07,2428,충북
2022.08,2435,충북
2022.09,2443,충북
2022.10,2451,충북
2022.11,2458,충북
2022.12,2466,충북
2023.01,2474,충북
