시점,지역별,상용소정실근로시간 (시간)
2011.01,서울,170.5
2011.02,서울,170.5
2011.03,서울,170.5
2011.04,서울,170.5
2011.05,서울,170.5
2011.06,서울,170.5
2011.07,서울,170.5
2011.08,서울,170.5
2011.09,서울,170.5
2011.10,서울,170.5
2011.11,서울,170.5
2011.12,서울,170.5
2012.01,서울,162.1
2012.02,서울,162.1
2012.03,서울,162.1
2012.04,서울,162.1
2012.05,서울,162.1
2012.06,서울,162.1
2012.07,서울,162.1
2012.08,서울,162.1
2012.09,서울,162.1
2012.10,서울,162.1
2012.11,서울,162.1
2012.12,서울,162.1
2013.01,서울,175.3
2013.02,서울,175.3
2013.03,서울,175.3
2013.04,서울,175.3
2013.05,서울,175.3
2013.06,서울,175.3
2013.07,서울,175.3
2013.08,서울,175.3
2013.09,서울,175.3
2013.10,서울,175.3
2013.11,서울,175.3
2013.12,서울,175.3
2014.01,서울,174.6
2014.02,서울,174.6
2014.03,서울,174.6
2014.04,서울,174.6
2014.05,서울,174.6
2014.06,서울,174.6
2014.07,서울,174.6
2014.08,서울,174.6
2014.09,서울,174.6
2014.10,서울,174.6
2014.11,서울,174.6
2014.12,서울,174.6
2015.01,서울,175.0
2015.02,서울,175.0
2015.03,서울,175.0
2015.04,서울,175.0
2015.05,서울,175.0
2015.06,서울,175.0
2015.07,서울,175.0
2015.08,서울,175.0
2015.09,서울,175.0
2015.10,서울,175.0
2015.11,서울,175.0
2015.12,서울,175.0
2016.01,서울,162.9
2016.02,서울,162.9
2016.03,서울,162.9
2016.04,서울,162.9
2016.05,서울,162.9
2016.06,서울,162.9
2016.07,서울,162.9
2016.08,서울,162.9
2016.09,서울,162.9
2016.10,서울,162.9
2016.11,서울,162.9
2016.12,서울,162.9
2017.01,서울,161.1
2017.02,서울,161.1
2017.03,서울,161.1
2017.04,서울,161.1
2017.05,서울,161.1
2017.06,서울,161.1
2017.07,서울,161.1
2017.08,서울,161.1
2017.09,서울,161.1
2017.10,서울,161.1
2017.11,서울,161.1
2017.12,서울,161.1
2018.01,서울,165.9
2018.02,서울,165.9
2018.03,서울,165.9
2018.04,서울,165.9
2018.05,서울,165.9
2018.06,서울,165.9
2018.07,서울,165.9
2018.08,서울,165.9
2018.09,서울,165.9
2018.10,서울,165.9
2018.11,서울,165.9
2018.12,서울,165.9
2019.01,서울,171.5
2019.02,서울,171.5
2019.03,서울,171.5
2019.04,서울,171.5
2019.05,서울,171.5
2019.06,서울,171.5
2019.07,서울,171.5
2019.08,서울,171.5
2019.09,서울,171.5
2019.10,서울,171.5
2019.11,서울,171.5
2019.12,서울,171.5
2011.01,부산,176.6
2011.02,부산,176.6
2011.03,부산,176.6
2011.04,부산,176.6
2011.05,부산,176.6
2011.06,부산,176.6
2011.07,부산,176.6
2011.08,부산,176.6
2011.09,부산,176.6
2011.10,부산,176.6
2011.11,부산,176.6
2011.12,부산,176.6
2012.01,부산,168.1
2012.02,부산,168.1
2012.03,부산,168.1
2012.04,부산,168.1
2012.05,부산,168.1
2012.06,부산,168.1
2012.07,부산,168.1
2012.08,부산,168.1
2012.09,부산,168.1
2012.10,부산,168.1
2012.11,부산,168.1
2012.12,부산,168.1
2013.01,부산,178.9
2013.02,부산,178.9
2013.03,부산,178.9
2013.04,부산,178.9
2013.05,부산,178.9
2013.06,부산,178.9
2013.07,부산,178.9
2013.08,부산,178.9
2013.09,부산,178.9
2013.10,부산,178.9
2013.11,부산,178.9
2013.12,부산,178.9
2014.01,부산,178.4
2014.02,부산,178.4
2014.03,부산,178.4
2014.04,부산,178.4
2014.05,부산,178.4
2014.06,부산,178.4
2014.07,부산,178.4
2014.08,부산,178.4
2014.09,부산,178.4
2014.10,부산,178.4
2014.11,부산,178.4
2014.12,부산,178.4
2015.01,부산,177.4
2015.02,부산,177.4
2015.03,부산,177.4
2015.04,부산,177.4
2015.05,부산,177.4
2015.06,부산,177.4
2015.07,부산,177.4
2015.08,부산,177.4
2015.09,부산,177.4
2015.10,부산,177.4
2015.11,부산,177.4
2015.12,부산,177.4
2016.01,부산,167.6
2016.02,부산,167.6
2016.03,부산,167.6
2016.04,부산,167.6
2016.05,부산,167.6
2016.06,부산,167.6
2016.07,부산,167.6
2016.08,부산,167.6
2016.09,부산,167.6
2016.10,부산,167.6
2016.11,부산,167.6
2016.12,부산,167.6
2017.01,부산,165.0
2017.02,부산,165.0
2017.03,부산,165.0
2017.04,부산,165.0
2017.05,부산,165.0
2017.06,부산,165.0
2017.07,부산,165.0
2017.08,부산,165.0
2017.09,부산,165.0
2017.10,부산,165.0
2017.11,부산,165.0
2017.12,부산,165.0
2018.01,부산,167.3
2018.02,부산,167.3
2018.03,부산,167.3
2018.04,부산,167.3
2018.05,부산,167.3
2018.06,부산,167.3
2018.07,부산,167.3
2018.08,부산,167.3
2018.09,부산,167.3
2018.10,부산,167.3
2018.11,부산,167.3
2018.12,부산,167.3
2019.01,부산,172.6
2019.02,부산,172.6
2019.03,부산,172.6
2019.04,부산,172.6
2019.05,부산,172.6
2019.06,부산,172.6
2019.07,부산,172.6
2019.08,부산,172.6
2019.09,부산,172.6
2019.10,부산,172.6
2019.11,부산,172.6
2019.12,부산,172.6
2011.01,대구,179.2
2011.02,대구,179.2
2011.03,대구,179.2
2011.04,대구,179.2
2011.05,대구,179.2
2011.06,대구,179.2
2011.07,대구,179.2
2011.08,대구,179.2
2011.09,대구,179.2
2011.10,대구,179.2
2011.11,대구,179.2
2011.12,대구,179.2
2012.01,대구,173.4
2012.02,대구,173.4
2012.03,대구,173.4
2012.04,대구,173.4
2012.05,대구,173.4
2012.06,대구,173.4
2012.07,대구,173.4
2012.08,대구,173.4
2012.09,대구,173.4
2012.10,대구,173.4
2012.11,대구,173.4
2012.12,대구,173.4
2013.01,대구,179.9
2013.02,대구,179.9
2013.03,대구,179.9
2013.04,대구,179.9
2013.05,대구,179.9
2013.06,대구,179.9
2013.07,대구,179.9
2013.08,대구,179.9
2013.09,대구,179.9
2013.10,대구,179.9
2013.11,대구,179.9
2013.12,대구,179.9
2014.01,대구,178.2
2014.02,대구,178.2
2014.03,대구,178.2
2014.04,대구,178.2
2014.05,대구,178.2
2014.06,대구,178.2
2014.07,대구,178.2
2014.08,대구,178.2
2014.09,대구,178.2
2014.10,대구,178.2
2014.11,대구,178.2
2014.12,대구,178.2
2015.01,대구,176.8
2015.02,대구,176.8
2015.03,대구,176.8
2015.04,대구,176.8
2015.05,대구,176.8
2015.06,대구,176.8
2015.07,대구,176.8
2015.08,대구,176.8
2015.09,대구,176.8
2015.10,대구,176.8
2015.11,대구,176.8
2015.12,대구,176.8
2016.01,대구,165.6
2016.02,대구,165.6
2016.03,대구,165.6
2016.04,대구,165.6
2016.05,대구,165.6
2016.06,대구,165.6
2016.07,대구,165.6
2016.08,대구,165.6
2016.09,대구,165.6
2016.10,대구,165.6
2016.11,대구,165.6
2016.12,대구,165.6
2017.01,대구,163.2
2017.02,대구,163.2
2017.03,대구,163.2
2017.04,대구,163.2
2017.05,대구,163.2
2017.06,대구,163.2
2017.07,대구,163.2
2017.08,대구,163.2
2017.09,대구,163.2
2017.10,대구,163.2
2017.11,대구,163.2
2017.12,대구,163.2
2018.01,대구,166.8
2018.02,대구,166.8
2018.03,대구,166.8
2018.04,대구,166.8
2018.05,대구,166.8
2018.06,대구,166.8
2018.07,대구,166.8
2018.08,대구,166.8
2018.09,대구,166.8
2018.10,대구,166.8
2018.11,대구,166.8
2018.12,대구,166.8
2019.01,대구,172.6
2019.02,대구,172.6
2019.03,대구,172.6
2019.04,대구,172.6
2019.05,대구,172.6
2019.06,대구,172.6
2019.07,대구,172.6
2019.08,대구,172.6
2019.09,대구,172.6
2019.10,대구,172.6
2019.11,대구,172.6
2019.12,대구,172.6
2011.01,인천,177.3
2011.02,인천,177.3
2011.03,인천,177.3
2011.04,인천,177.3
2011.05,인천,177.3
2011.06,인천,177.3
2011.07,인천,177.3
2011.08,인천,177.3
2011.09,인천,177.3
2011.10,인천,177.3
2011.11,인천,177.3
2011.12,인천,177.3
2012.01,인천,167.5
2012.02,인천,167.5
2012.03,인천,167.5
2012.04,인천,167.5
2012.05,인천,167.5
2012.06,인천,167.5
2012.07,인천,167.5
2012.08,인천,167.5
2012.09,인천,167.5
2012.10,인천,167.5
2012.11,인천,167.5
2012.12,인천,167.5
2013.01,인천,177.0
2013.02,인천,177.0
2013.03,인천,177.0
2013.04,인천,177.0
2013.05,인천,177.0
2013.06,인천,177.0
2013.07,인천,177.0
2013.08,인천,177.0
2013.09,인천,177.0
2013.10,인천,177.0
2013.11,인천,177.0
2013.12,인천,177.0
2014.01,인천,178.3
2014.02,인천,178.3
2014.03,인천,178.3
2014.04,인천,178.3
2014.05,인천,178.3
2014.06,인천,178.3
2014.07,인천,178.3
2014.08,인천,178.3
2014.09,인천,178.3
2014.10,인천,178.3
2014.11,인천,178.3
2014.12,인천,178.3
2015.01,인천,176.8
2015.02,인천,176.8
2015.03,인천,176.8
2015.04,인천,176.8
2015.05,인천,176.8
2015.06,인천,176.8
2015.07,인천,176.8
2015.08,인천,176.8
2015.09,인천,176.8
2015.10,인천,176.8
2015.11,인천,176.8
2015.12,인천,176.8
2016.01,인천,166.1
2016.02,인천,166.1
2016.03,인천,166.1
2016.04,인천,166.1
2016.05,인천,166.1
2016.06,인천,166.1
2016.07,인천,166.1
2016.08,인천,166.1
2016.09,인천,166.1
2016.10,인천,166.1
2016.11,인천,166.1
2016.12,인천,166.1
2017.01,인천,163.0
2017.02,인천,163.0
2017.03,인천,163.0
2017.04,인천,163.0
2017.05,인천,163.0
2017.06,인천,163.0
2017.07,인천,163.0
2017.08,인천,163.0
2017.09,인천,163.0
2017.10,인천,163.0
2017.11,인천,163.0
2017.12,인천,163.0
2018.01,인천,166.7
2018.02,인천,166.7
2018.03,인천,166.7
2018.04,인천,166.7
2018.05,인천,166.7
2018.06,인천,166.7
2018.07,인천,166.7
2018.08,인천,166.7
2018.09,인천,166.7
2018.10,인천,166.7
2018.11,인천,166.7
2018.12,인천,166.7
2019.01,인천,172.5
2019.02,인천,172.5
2019.03,인천,172.5
2019.04,인천,172.5
2019.05,인천,172.5
2019.06,인천,172.5
2019.07,인천,172.5
2019.08,인천,172.5
2019.09,인천,172.5
2019.10,인천,172.5
2019.11,인천,172.5
2019.12,인천,172.5
2011.01,광주,174.2
2011.02,광주,174.2
2011.03,광주,174.2
2011.04,광주,174.2
2011.05,광주,174.2
2011.06,광주,174.2
2011.07,광주,174.2
2011.08,광주,174.2
2011.09,광주,174.2
2011.10,광주,174.2
2011.11,광주,174.2
2011.12,광주,174.2
2012.01,광주,163.7
2012.02,광주,163.7
2012.03,광주,163.7
2012.04,광주,163.7
2012.05,광주,163.7
2012.06,광주,163.7
2012.07,광주,163.7
2012.08,광주,163.7
2012.09,광주,163.7
2012.10,광주,163.7
2012.11,광주,163.7
2012.12,광주,163.7
2013.01,광주,173.5
2013.02,광주,173.5
2013.03,광주,173.5
2013.04,광주,173.5
2013.05,광주,173.5
2013.06,광주,173.5
2013.07,광주,173.5
2013.08,광주,173.5
2013.09,광주,173.5
2013.10,광주,173.5
2013.11,광주,173.5
2013.12,광주,173.5
2014.01,광주,174.1
2014.02,광주,174.1
2014.03,광주,174.1
2014.04,광주,174.1
2014.05,광주,174.1
2014.06,광주,174.1
2014.07,광주,174.1
2014.08,광주,174.1
2014.09,광주,174.1
2014.10,광주,174.1
2014.11,광주,174.1
2014.12,광주,174.1
2015.01,광주,172.4
2015.02,광주,172.4
2015.03,광주,172.4
2015.04,광주,172.4
2015.05,광주,172.4
2015.06,광주,172.4
2015.07,광주,172.4
2015.08,광주,172.4
2015.09,광주,172.4
2015.10,광주,172.4
2015.11,광주,172.4
2015.12,광주,172.4
2016.01,광주,161.7
2016.02,광주,161.7
2016.03,광주,161.7
2016.04,광주,161.7
2016.05,광주,161.7
2016.06,광주,161.7
2016.07,광주,161.7
2016.08,광주,161.7
2016.09,광주,161.7
2016.10,광주,161.7
2016.11,광주,161.7
2016.12,광주,161.7
2017.01,광주,161.9
2017.02,광주,161.9
2017.03,광주,161.9
2017.04,광주,161.9
2017.05,광주,161.9
2017.06,광주,161.9
2017.07,광주,161.9
2017.08,광주,161.9
2017.09,광주,161.9
2017.10,광주,161.9
2017.11,광주,161.9
2017.12,광주,161.9
2018.01,광주,165.6
2018.02,광주,165.6
2018.03,광주,165.6
2018.04,광주,165.6
2018.05,광주,165.6
2018.06,광주,165.6
2018.07,광주,165.6
2018.08,광주,165.6
2018.09,광주,165.6
2018.10,광주,165.6
2018.11,광주,165.6
2018.12,광주,165.6
2019.01,광주,171.5
2019.02,광주,171.5
2019.03,광주,171.5
2019.04,광주,171.5
2019.05,광주,171.5
2019.06,광주,171.5
2019.07,광주,171.5
2019.08,광주,171.5
2019.09,광주,171.5
2019.10,광주,171.5
2019.11,광주,171.5
2019.12,광주,171.5
2011.01,대전,173.0
2011.02,대전,173.0
2011.03,대전,173.0
2011.04,대전,173.0
2011.05,대전,173.0
2011.06,대전,173.0
2011.07,대전,173.0
2011.08,대전,173.0
2011.09,대전,173.0
2011.10,대전,173.0
2011.11,대전,173.0
2011.12,대전,173.0
2012.01,대전,167.5
2012.02,대전,167.5
2012.03,대전,167.5
2012.04,대전,167.5
2012.05,대전,167.5
2012.06,대전,167.5
2012.07,대전,167.5
2012.08,대전,167.5
2012.09,대전,167.5
2012.10,대전,167.5
2012.11,대전,167.5
2012.12,대전,167.5
2013.01,대전,177.8
2013.02,대전,177.8
2013.03,대전,177.8
2013.04,대전,177.8
2013.05,대전,177.8
2013.06,대전,177.8
2013.07,대전,177.8
2013.08,대전,177.8
2013.09,대전,177.8
2013.10,대전,177.8
2013.11,대전,177.8
2013.12,대전,177.8
2014.01,대전,175.4
2014.02,대전,175.4
2014.03,대전,175.4
2014.04,대전,175.4
2014.05,대전,175.4
2014.06,대전,175.4
2014.07,대전,175.4
2014.08,대전,175.4
2014.09,대전,175.4
2014.10,대전,175.4
2014.11,대전,175.4
2014.12,대전,175.4
2015.01,대전,176.2
2015.02,대전,176.2
2015.03,대전,176.2
2015.04,대전,176.2
2015.05,대전,176.2
2015.06,대전,176.2
2015.07,대전,176.2
2015.08,대전,176.2
2015.09,대전,176.2
2015.10,대전,176.2
2015.11,대전,176.2
2015.12,대전,176.2
2016.01,대전,162.3
2016.02,대전,162.3
2016.03,대전,162.3
2016.04,대전,162.3
2016.05,대전,162.3
2016.06,대전,162.3
2016.07,대전,162.3
2016.08,대전,162.3
2016.09,대전,162.3
2016.10,대전,162.3
2016.11,대전,162.3
2016.12,대전,162.3
2017.01,대전,160.0
2017.02,대전,160.0
2017.03,대전,160.0
2017.04,대전,160.0
2017.05,대전,160.0
2017.06,대전,160.0
2017.07,대전,160.0
2017.08,대전,160.0
2017.09,대전,160.0
2017.10,대전,160.0
2017.11,대전,160.0
2017.12,대전,160.0
2018.01,대전,162.8
2018.02,대전,162.8
2018.03,대전,162.8
2018.04,대전,162.8
2018.05,대전,162.8
2018.06,대전,162.8
2018.07,대전,162.8
2018.08,대전,162.8
2018.09,대전,162.8
2018.10,대전,162.8
2018.11,대전,162.8
2018.12,대전,162.8
2019.01,대전,168.9
2019.02,대전,168.9
2019.03,대전,168.9
2019.04,대전,168.9
2019.05,대전,168.9
2019.06,대전,168.9
2019.07,대전,168.9
2019.08,대전,168.9
2019.09,대전,168.9
2019.10,대전,168.9
2019.11,대전,168.9
2019.12,대전,168.9
2011.01,울산,165.5
2011.02,울산,165.5
2011.03,울산,165.5
2011.04,울산,165.5
2011.05,울산,165.5
2011.06,울산,165.5
2011.07,울산,165.5
2011.08,울산,165.5
2011.09,울산,165.5
2011.10,울산,165.5
2011.11,울산,165.5
2011.12,울산,165.5
2012.01,울산,157.4
2012.02,울산,157.4
2012.03,울산,157.4
2012.04,울산,157.4
2012.05,울산,157.4
2012.06,울산,157.4
2012.07,울산,157.4
2012.08,울산,157.4
2012.09,울산,157.4
2012.10,울산,157.4
2012.11,울산,157.4
2012.12,울산,157.4
2013.01,울산,168.2
2013.02,울산,168.2
2013.03,울산,168.2
2013.04,울산,168.2
2013.05,울산,168.2
2013.06,울산,168.2
2013.07,울산,168.2
2013.08,울산,168.2
2013.09,울산,168.2
2013.10,울산,168.2
2013.11,울산,168.2
2013.12,울산,168.2
2014.01,울산,170.1
2014.02,울산,170.1
2014.03,울산,170.1
2014.04,울산,170.1
2014.05,울산,170.1
2014.06,울산,170.1
2014.07,울산,170.1
2014.08,울산,170.1
2014.09,울산,170.1
2014.10,울산,170.1
2014.11,울산,170.1
2014.12,울산,170.1
2015.01,울산,169.3
2015.02,울산,169.3
2015.03,울산,169.3
2015.04,울산,169.3
2015.05,울산,169.3
2015.06,울산,169.3
2015.07,울산,169.3
2015.08,울산,169.3
2015.09,울산,169.3
2015.10,울산,169.3
2015.11,울산,169.3
2015.12,울산,169.3
2016.01,울산,156.8
2016.02,울산,156.8
2016.03,울산,156.8
2016.04,울산,156.8
2016.05,울산,156.8
2016.06,울산,156.8
2016.07,울산,156.8
2016.08,울산,156.8
2016.09,울산,156.8
2016.10,울산,156.8
2016.11,울산,156.8
2016.12,울산,156.8
2017.01,울산,154.4
2017.02,울산,154.4
2017.03,울산,154.4
2017.04,울산,154.4
2017.05,울산,154.4
2017.06,울산,154.4
2017.07,울산,154.4
2017.08,울산,154.4
2017.09,울산,154.4
2017.10,울산,154.4
2017.11,울산,154.4
2017.12,울산,154.4
2018.01,울산,159.4
2018.02,울산,159.4
2018.03,울산,159.4
2018.04,울산,159.4
2018.05,울산,159.4
2018.06,울산,159.4
2018.07,울산,159.4
2018.08,울산,159.4
2018.09,울산,159.4
2018.10,울산,159.4
2018.11,울산,159.4
2018.12,울산,159.4
2019.01,울산,167.9
2019.02,울산,167.9
2019.03,울산,167.9
2019.04,울산,167.9
2019.05,울산,167.9
2019.06,울산,167.9
2019.07,울산,167.9
2019.08,울산,167.9
2019.09,울산,167.9
2019.10,울산,167.9
2019.11,울산,167.9
2019.12,울산,167.9
2011.01,경기,173.9
2011.02,경기,173.9
2011.03,경기,173.9
2011.04,경기,173.9
2011.05,경기,173.9
2011.06,경기,173.9
2011.07,경기,173.9
2011.08,경기,173.9
2011.09,경기,173.9
2011.10,경기,173.9
2011.11,경기,173.9
2011.12,경기,173.9
2012.01,경기,165.1
2012.02,경기,165.1
2012.03,경기,165.1
2012.04,경기,165.1
2012.05,경기,165.1
2012.06,경기,165.1
2012.07,경기,165.1
2012.08,경기,165.1
2012.09,경기,165.1
2012.10,경기,165.1
2012.11,경기,165.1
2012.12,경기,165.1
2013.01,경기,176.5
2013.02,경기,176.5
2013.03,경기,176.5
2013.04,경기,176.5
2013.05,경기,176.5
2013.06,경기,176.5
2013.07,경기,176.5
2013.08,경기,176.5
2013.09,경기,176.5
2013.10,경기,176.5
2013.11,경기,176.5
2013.12,경기,176.5
2014.01,경기,175.6
2014.02,경기,175.6
2014.03,경기,175.6
2014.04,경기,175.6
2014.05,경기,175.6
2014.06,경기,175.6
2014.07,경기,175.6
2014.08,경기,175.6
2014.09,경기,175.6
2014.10,경기,175.6
2014.11,경기,175.6
2014.12,경기,175.6
2015.01,경기,176.1
2015.02,경기,176.1
2015.03,경기,176.1
2015.04,경기,176.1
2015.05,경기,176.1
2015.06,경기,176.1
2015.07,경기,176.1
2015.08,경기,176.1
2015.09,경기,176.1
2015.10,경기,176.1
2015.11,경기,176.1
2015.12,경기,176.1
2016.01,경기,165.5
2016.02,경기,165.5
2016.03,경기,165.5
2016.04,경기,165.5
2016.05,경기,165.5
2016.06,경기,165.5
2016.07,경기,165.5
2016.08,경기,165.5
2016.09,경기,165.5
2016.10,경기,165.5
2016.11,경기,165.5
2016.12,경기,165.5
2017.01,경기,162.4
2017.02,경기,162.4
2017.03,경기,162.4
2017.04,경기,162.4
2017.05,경기,162.4
2017.06,경기,162.4
2017.07,경기,162.4
2017.08,경기,162.4
2017.09,경기,162.4
2017.10,경기,162.4
2017.11,경기,162.4
2017.12,경기,162.4
2018.01,경기,166.8
2018.02,경기,166.8
2018.03,경기,166.8
2018.04,경기,166.8
2018.05,경기,166.8
2018.06,경기,166.8
2018.07,경기,166.8
2018.08,경기,166.8
2018.09,경기,166.8
2018.10,경기,166.8
2018.11,경기,166.8
2018.12,경기,166.8
2019.01,경기,173.1
2019.02,경기,173.1
2019.03,경기,173.1
2019.04,경기,173.1
2019.05,경기,173.1
2019.06,경기,173.1
2019.07,경기,173.1
2019.08,경기,173.1
2019.09,경기,173.1
2019.10,경기,173.1
2019.11,경기,173.1
2019.12,경기,173.1
2011.01,강원,174.4
2011.02,강원,174.4
2011.03,강원,174.4
2011.04,강원,174.4
2011.05,강원,174.4
2011.06,강원,174.4
2011.07,강원,174.4
2011.08,강원,174.4
2011.09,강원,174.4
2011.10,강원,174.4
2011.11,강원,174.4
2011.12,강원,174.4
2012.01,강원,167.6
2012.02,강원,167.6
2012.03,강원,167.6
2012.04,강원,167.6
2012.05,강원,167.6
2012.06,강원,167.6
2012.07,강원,167.6
2012.08,강원,167.6
2012.09,강원,167.6
2012.10,강원,167.6
2012.11,강원,167.6
2012.12,강원,167.6
2013.01,강원,177.7
2013.02,강원,177.7
2013.03,강원,177.7
2013.04,강원,177.7
2013.05,강원,177.7
2013.06,강원,177.7
2013.07,강원,177.7
2013.08,강원,177.7
2013.09,강원,177.7
2013.10,강원,177.7
2013.11,강원,177.7
2013.12,강원,177.7
2014.01,강원,175.7
2014.02,강원,175.7
2014.03,강원,175.7
2014.04,강원,175.7
2014.05,강원,175.7
2014.06,강원,175.7
2014.07,강원,175.7
2014.08,강원,175.7
2014.09,강원,175.7
2014.10,강원,175.7
2014.11,강원,175.7
2014.12,강원,175.7
2015.01,강원,174.0
2015.02,강원,174.0
2015.03,강원,174.0
2015.04,강원,174.0
2015.05,강원,174.0
2015.06,강원,174.0
2015.07,강원,174.0
2015.08,강원,174.0
2015.09,강원,174.0
2015.10,강원,174.0
2015.11,강원,174.0
2015.12,강원,174.0
2016.01,강원,162.7
2016.02,강원,162.7
2016.03,강원,162.7
2016.04,강원,162.7
2016.05,강원,162.7
2016.06,강원,162.7
2016.07,강원,162.7
2016.08,강원,162.7
2016.09,강원,162.7
2016.10,강원,162.7
2016.11,강원,162.7
2016.12,강원,162.7
2017.01,강원,159.9
2017.02,강원,159.9
2017.03,강원,159.9
2017.04,강원,159.9
2017.05,강원,159.9
2017.06,강원,159.9
2017.07,강원,159.9
2017.08,강원,159.9
2017.09,강원,159.9
2017.10,강원,159.9
2017.11,강원,159.9
2017.12,강원,159.9
2018.01,강원,164.6
2018.02,강원,164.6
2018.03,강원,164.6
2018.04,강원,164.6
2018.05,강원,164.6
2018.06,강원,164.6
2018.07,강원,164.6
2018.08,강원,164.6
2018.09,강원,164.6
2018.10,강원,164.6
2018.11,강원,164.6
2018.12,강원,164.6
2019.01,강원,169.1
2019.02,강원,169.1
2019.03,강원,169.1
2019.04,강원,169.1
2019.05,강원,169.1
2019.06,강원,169.1
2019.07,강원,169.1
2019.08,강원,169.1
2019.09,강원,169.1
2019.10,강원,169.1
2019.11,강원,169.1
2019.12,강원,169.1
2011.01,충북,170.5
2011.02,충북,170.5
2011.03,충북,170.5
2011.04,충북,170.5
2011.05,충북,170.5
2011.06,충북,170.5
2011.07,충북,170.5
2011.08,충북,170.5
2011.09,충북,170.5
2011.10,충북,170.5
2011.11,충북,170.5
2011.12,충북,170.5
2012.01,충북,165.2
2012.02,충북,165.2
2012.03,충북,165.2
2012.04,충북,165.2
2012.05,충북,165.2
2012.06,충북,165.2
2012.07,충북,165.2
2012.08,충북,165.2
2012.09,충북,165.2
2012.10,충북,165.2
2012.11,충북,165.2
2012.12,충북,165.2
2013.01,충북,174.4
2013.02,충북,174.4
2013.03,충북,174.4
2013.04,충북,174.4
2013.05,충북,174.4
2013.06,충북,174.4
2013.07,충북,174.4
2013.08,충북,174.4
2013.09,충북,174.4
2013.10,충북,174.4
2013.11,충북,174.4
2013.12,충북,174.4
2014.01,충북,174.7
2014.02,충북,174.7
2014.03,충북,174.7
2014.04,충북,174.7
2014.05,충북,174.7
2014.06,충북,174.7
2014.07,충북,174.7
2014.08,충북,174.7
2014.09,충북,174.7
2014.10,충북,174.7
2014.11,충북,174.7
2014.12,충북,174.7
2015.01,충북,174.0
2015.02,충북,174.0
2015.03,충북,174.0
2015.04,충북,174.0
2015.05,충북,174.0
2015.06,충북,174.0
2015.07,충북,174.0
2015.08,충북,174.0
2015.09,충북,174.0
2015.10,충북,174.0
2015.11,충북,174.0
2015.12,충북,174.0
2016.01,충북,162.8
2016.02,충북,162.8
2016.03,충북,162.8
2016.04,충북,162.8
2016.05,충북,162.8
2016.06,충북,162.8
2016.07,충북,162.8
2016.08,충북,162.8
2016.09,충북,162.8
2016.10,충북,162.8
2016.11,충북,162.8
2016.12,충북,162.8
2017.01,충북,159.9
2017.02,충북,159.9
2017.03,충북,159.9
2017.04,충북,159.9
2017.05,충북,159.9
2017.06,충북,159.9
2017.07,충북,159.9
2017.08,충북,159.9
2017.09,충북,159.9
2017.10,충북,159.9
2017.11,충북,159.9
2017.12,충북,159.9
2018.01,충북,165.2
2018.02,충북,165.2
2018.03,충북,165.2
2018.04,충북,165.2
2018.05,충북,165.2
2018.06,충북,165.2
2018.07,충북,165.2
2018.08,충북,165.2
2018.09,충북,165.2
2018.10,충북,165.2
2018.11,충북,165.2
2018.12,충북,165.2
2019.01,충북,169.1
2019.02,충북,169.1
2019.03,충북,169.1
2019.04,충북,169.1
2019.05,충북,169.1
2019.06,충북,169.1
2019.07,충북,169.1
2019.08,충북,169.1
2019.09,충북,169.1
2019.10,충북,169.1
2019.11,충북,169.1
2019.12,충북,169.1
2011.01,충남,170.4
2011.02,충남,170.4
2011.03,충남,170.4
2011.04,충남,170.4
2011.05,충남,170.4
2011.06,충남,170.4
2011.07,충남,170.4
2011.08,충남,170.4
2011.09,충남,170.4
2011.10,충남,170.4
2011.11,충남,170.4
2011.12,충남,170.4
2012.01,충남,162.8
2012.02,충남,162.8
2012.03,충남,162.8
2012.04,충남,162.8
2012.05,충남,162.8
2012.06,충남,162.8
2012.07,충남,162.8
2012.08,충남,162.8
2012.09,충남,162.8
2012.10,충남,162.8
2012.11,충남,162.8
2012.12,충남,162.8
2013.01,충남,171.4
2013.02,충남,171.4
2013.03,충남,171.4
2013.04,충남,171.4
2013.05,충남,171.4
2013.06,충남,171.4
2013.07,충남,171.4
2013.08,충남,171.4
2013.09,충남,171.4
2013.10,충남,171.4
2013.11,충남,171.4
2013.12,충남,171.4
2014.01,충남,172.1
2014.02,충남,172.1
2014.03,충남,172.1
2014.04,충남,172.1
2014.05,충남,172.1
2014.06,충남,172.1
2014.07,충남,172.1
2014.08,충남,172.1
2014.09,충남,172.1
2014.10,충남,172.1
2014.11,충남,172.1
2014.12,충남,172.1
2015.01,충남,172.1
2015.02,충남,172.1
2015.03,충남,172.1
2015.04,충남,172.1
2015.05,충남,172.1
2015.06,충남,172.1
2015.07,충남,172.1
2015.08,충남,172.1
2015.09,충남,172.1
2015.10,충남,172.1
2015.11,충남,172.1
2015.12,충남,172.1
2016.01,충남,161.0
2016.02,충남,161.0
2016.03,충남,161.0
2016.04,충남,161.0
2016.05,충남,161.0
2016.06,충남,161.0
2016.07,충남,161.0
2016.08,충남,161.0
2016.09,충남,161.0
2016.10,충남,161.0
2016.11,충남,161.0
2016.12,충남,161.0
2017.01,충남,157.6
2017.02,충남,157.6
2017.03,충남,157.6
2017.04,충남,157.6
2017.05,충남,157.6
2017.06,충남,157.6
2017.07,충남,157.6
2017.08,충남,157.6
2017.09,충남,157.6
2017.10,충남,157.6
2017.11,충남,157.6
2017.12,충남,157.6
2018.01,충남,163.0
2018.02,충남,163.0
2018.03,충남,163.0
2018.04,충남,163.0
2018.05,충남,163.0
2018.06,충남,163.0
2018.07,충남,163.0
2018.08,충남,163.0
2018.09,충남,163.0
2018.10,충남,163.0
2018.11,충남,163.0
2018.12,충남,163.0
2019.01,충남,169.6
2019.02,충남,169.6
2019.03,충남,169.6
2019.04,충남,169.6
2019.05,충남,169.6
2019.06,충남,169.6
2019.07,충남,169.6
2019.08,충남,169.6
2019.09,충남,169.6
2019.10,충남,169.6
2019.11,충남,169.6
2019.12,충남,169.6
2011.01,전북,173.0
2011.02,전북,173.0
2011.03,전북,173.0
2011.04,전북,173.0
2011.05,전북,173.0
2011.06,전북,173.0
2011.07,전북,173.0
2011.08,전북,173.0
2011.09,전북,173.0
2011.10,전북,173.0
2011.11,전북,173.0
2011.12,전북,173.0
2012.01,전북,162.6
2012.02,전북,162.6
2012.03,전북,162.6
2012.04,전북,162.6
2012.05,전북,162.6
2012.06,전북,162.6
2012.07,전북,162.6
2012.08,전북,162.6
2012.09,전북,162.6
2012.10,전북,162.6
2012.11,전북,162.6
2012.12,전북,162.6
2013.01,전북,173.7
2013.02,전북,173.7
2013.03,전북,173.7
2013.04,전북,173.7
2013.05,전북,173.7
2013.06,전북,173.7
2013.07,전북,173.7
2013.08,전북,173.7
2013.09,전북,173.7
2013.10,전북,173.7
2013.11,전북,173.7
2013.12,전북,173.7
2014.01,전북,173.6
2014.02,전북,173.6
2014.03,전북,173.6
2014.04,전북,173.6
2014.05,전북,173.6
2014.06,전북,173.6
2014.07,전북,173.6
2014.08,전북,173.6
2014.09,전북,173.6
2014.10,전북,173.6
2014.11,전북,173.6
2014.12,전북,173.6
2015.01,전북,173.1
2015.02,전북,173.1
2015.03,전북,173.1
2015.04,전북,173.1
2015.05,전북,173.1
2015.06,전북,173.1
2015.07,전북,173.1
2015.08,전북,173.1
2015.09,전북,173.1
2015.10,전북,173.1
2015.11,전북,173.1
2015.12,전북,173.1
2016.01,전북,161.2
2016.02,전북,161.2
2016.03,전북,161.2
2016.04,전북,161.2
2016.05,전북,161.2
2016.06,전북,161.2
2016.07,전북,161.2
2016.08,전북,161.2
2016.09,전북,161.2
2016.10,전북,161.2
2016.11,전북,161.2
2016.12,전북,161.2
2017.01,전북,160.9
2017.02,전북,160.9
2017.03,전북,160.9
2017.04,전북,160.9
2017.05,전북,160.9
2017.06,전북,160.9
2017.07,전북,160.9
2017.08,전북,160.9
2017.09,전북,160.9
2017.10,전북,160.9
2017.11,전북,160.9
2017.12,전북,160.9
2018.01,전북,164.5
2018.02,전북,164.5
2018.03,전북,164.5
2018.04,전북,164.5
2018.05,전북,164.5
2018.06,전북,164.5
2018.07,전북,164.5
2018.08,전북,164.5
2018.09,전북,164.5
2018.10,전북,164.5
2018.11,전북,164.5
2018.12,전북,164.5
2019.01,전북,170.6
2019.02,전북,170.6
2019.03,전북,170.6
2019.04,전북,170.6
2019.05,전북,170.6
2019.06,전북,170.6
2019.07,전북,170.6
2019.08,전북,170.6
2019.09,전북,170.6
2019.10,전북,170.6
2019.11,전북,170.6
2019.12,전북,170.6
2011.01,전남,174.5
2011.02,전남,174.5
2011.03,전남,174.5
2011.04,전남,174.5
2011.05,전남,174.5
2011.06,전남,174.5
2011.07,전남,174.5
2011.08,전남,174.5
2011.09,전남,174.5
2011.10,전남,174.5
2011.11,전남,174.5
2011.12,전남,174.5
2012.01,전남,165.6
2012.02,전남,165.6
2012.03,전남,165.6
2012.04,전남,165.6
2012.05,전남,165.6
2012.06,전남,165.6
2012.07,전남,165.6
2012.08,전남,165.6
2012.09,전남,165.6
2012.10,전남,165.6
2012.11,전남,165.6
2012.12,전남,165.6
2013.01,전남,175.0
2013.02,전남,175.0
2013.03,전남,175.0
2013.04,전남,175.0
2013.05,전남,175.0
2013.06,전남,175.0
2013.07,전남,175.0
2013.08,전남,175.0
2013.09,전남,175.0
2013.10,전남,175.0
2013.11,전남,175.0
2013.12,전남,175.0
2014.01,전남,175.8
2014.02,전남,175.8
2014.03,전남,175.8
2014.04,전남,175.8
2014.05,전남,175.8
2014.06,전남,175.8
2014.07,전남,175.8
2014.08,전남,175.8
2014.09,전남,175.8
2014.10,전남,175.8
2014.11,전남,175.8
2014.12,전남,175.8
2015.01,전남,176.5
2015.02,전남,176.5
2015.03,전남,176.5
2015.04,전남,176.5
2015.05,전남,176.5
2015.06,전남,176.5
2015.07,전남,176.5
2015.08,전남,176.5
2015.09,전남,176.5
2015.10,전남,176.5
2015.11,전남,176.5
2015.12,전남,176.5
2016.01,전남,166.1
2016.02,전남,166.1
2016.03,전남,166.1
2016.04,전남,166.1
2016.05,전남,166.1
2016.06,전남,166.1
2016.07,전남,166.1
2016.08,전남,166.1
2016.09,전남,166.1
2016.10,전남,166.1
2016.11,전남,166.1
2016.12,전남,166.1
2017.01,전남,164.6
2017.02,전남,164.6
2017.03,전남,164.6
2017.04,전남,164.6
2017.05,전남,164.6
2017.06,전남,164.6
2017.07,전남,164.6
2017.08,전남,164.6
2017.09,전남,164.6
2017.10,전남,164.6
2017.11,전남,164.6
2017.12,전남,164.6
2018.01,전남,166.9
2018.02,전남,166.9
2018.03,전남,166.9
2018.04,전남,166.9
2018.05,전남,166.9
2018.06,전남,166.9
2018.07,전남,166.9
2018.08,전남,166.9
2018.09,전남,166.9
2018.10,전남,166.9
2018.11,전남,166.9
2018.12,전남,166.9
2019.01,전남,171.8
2019.02,전남,171.8
2019.03,전남,171.8
2019.04,전남,171.8
2019.05,전남,171.8
2019.06,전남,171.8
2019.07,전남,171.8
2019.08,전남,171.8
2019.09,전남,171.8
2019.10,전남,171.8
2019.11,전남,171.8
2019.12,전남,171.8
2011.01,경북,169.1
2011.02,경북,169.1
2011.03,경북,169.1
2011.04,경북,169.1
2011.05,경북,169.1
2011.06,경북,169.1
2011.07,경북,169.1
2011.08,경북,169.1
2011.09,경북,169.1
2011.10,경북,169.1
2011.11,경북,169.1
2011.12,경북,169.1
2012.01,경북,161.3
2012.02,경북,161.3
2012.03,경북,161.3
2012.04,경북,161.3
2012.05,경북,161.3
2012.06,경북,161.3
2012.07,경북,161.3
2012.08,경북,161.3
2012.09,경북,161.3
2012.10,경북,161.3
2012.11,경북,161.3
2012.12,경북,161.3
2013.01,경북,172.1
2013.02,경북,172.1
2013.03,경북,172.1
2013.04,경북,172.1
2013.05,경북,172.1
2013.06,경북,172.1
2013.07,경북,172.1
2013.08,경북,172.1
2013.09,경북,172.1
2013.10,경북,172.1
2013.11,경북,172.1
2013.12,경북,172.1
2014.01,경북,173.0
2014.02,경북,173.0
2014.03,경북,173.0
2014.04,경북,173.0
2014.05,경북,173.0
2014.06,경북,173.0
2014.07,경북,173.0
2014.08,경북,173.0
2014.09,경북,173.0
2014.10,경북,173.0
2014.11,경북,173.0
2014.12,경북,173.0
2015.01,경북,171.3
2015.02,경북,171.3
2015.03,경북,171.3
2015.04,경북,171.3
2015.05,경북,171.3
2015.06,경북,171.3
2015.07,경북,171.3
2015.08,경북,171.3
2015.09,경북,171.3
2015.10,경북,171.3
2015.11,경북,171.3
2015.12,경북,171.3
2016.01,경북,162.7
2016.02,경북,162.7
2016.03,경북,162.7
2016.04,경북,162.7
2016.05,경북,162.7
2016.06,경북,162.7
2016.07,경북,162.7
2016.08,경북,162.7
2016.09,경북,162.7
2016.10,경북,162.7
2016.11,경북,162.7
2016.12,경북,162.7
2017.01,경북,161.3
2017.02,경북,161.3
2017.03,경북,161.3
2017.04,경북,161.3
2017.05,경북,161.3
2017.06,경북,161.3
2017.07,경북,161.3
2017.08,경북,161.3
2017.09,경북,161.3
2017.10,경북,161.3
2017.11,경북,161.3
2017.12,경북,161.3
2018.01,경북,163.7
2018.02,경북,163.7
2018.03,경북,163.7
2018.04,경북,163.7
2018.05,경북,163.7
2018.06,경북,163.7
2018.07,경북,163.7
2018.08,경북,163.7
2018.09,경북,163.7
2018.10,경북,163.7
2018.11,경북,163.7
2018.12,경북,163.7
2019.01,경북,168.6
2019.02,경북,168.6
2019.03,경북,168.6
2019.04,경북,168.6
2019.05,경북,168.6
2019.06,경북,168.6
2019.07,경북,168.6
2019.08,경북,168.6
2019.09,경북,168.6
2019.10,경북,168.6
2019.11,경북,168.6
2019.12,경북,168.6
2011.01,경남,171.8
2011.02,경남,171.8
2011.03,경남,171.8
2011.04,경남,171.8
2011.05,경남,171.8
2011.06,경남,171.8
2011.07,경남,171.8
2011.08,경남,171.8
2011.09,경남,171.8
2011.10,경남,171.8
2011.11,경남,171.8
2011.12,경남,171.8
2012.01,경남,165.3
2012.02,경남,165.3
2012.03,경남,165.3
2012.04,경남,165.3
2012.05,경남,165.3
2012.06,경남,165.3
2012.07,경남,165.3
2012.08,경남,165.3
2012.09,경남,165.3
2012.10,경남,165.3
2012.11,경남,165.3
2012.12,경남,165.3
2013.01,경남,173.5
2013.02,경남,173.5
2013.03,경남,173.5
2013.04,경남,173.5
2013.05,경남,173.5
2013.06,경남,173.5
2013.07,경남,173.5
2013.08,경남,173.5
2013.09,경남,173.5
2013.10,경남,173.5
2013.11,경남,173.5
2013.12,경남,173.5
2014.01,경남,174.7
2014.02,경남,174.7
2014.03,경남,174.7
2014.04,경남,174.7
2014.05,경남,174.7
2014.06,경남,174.7
2014.07,경남,174.7
2014.08,경남,174.7
2014.09,경남,174.7
2014.10,경남,174.7
2014.11,경남,174.7
2014.12,경남,174.7
2015.01,경남,173.1
2015.02,경남,173.1
2015.03,경남,173.1
2015.04,경남,173.1
2015.05,경남,173.1
2015.06,경남,173.1
2015.07,경남,173.1
2015.08,경남,173.1
2015.09,경남,173.1
2015.10,경남,173.1
2015.11,경남,173.1
2015.12,경남,173.1
2016.01,경남,162.1
2016.02,경남,162.1
2016.03,경남,162.1
2016.04,경남,162.1
2016.05,경남,162.1
2016.06,경남,162.1
2016.07,경남,162.1
2016.08,경남,162.1
2016.09,경남,162.1
2016.10,경남,162.1
2016.11,경남,162.1
2016.12,경남,162.1
2017.01,경남,159.8
2017.02,경남,159.8
2017.03,경남,159.8
2017.04,경남,159.8
2017.05,경남,159.8
2017.06,경남,159.8
2017.07,경남,159.8
2017.08,경남,159.8
2017.09,경남,159.8
2017.10,경남,159.8
2017.11,경남,159.8
2017.12,경남,159.8
2018.01,경남,163.4
2018.02,경남,163.4
2018.03,경남,163.4
2018.04,경남,163.4
2018.05,경남,163.4
2018.06,경남,163.4
2018.07,경남,163.4
2018.08,경남,163.4
2018.09,경남,163.4
2018.10,경남,163.4
2018.11,경남,163.4
2018.12,경남,163.4
2019.01,경남,169.5
2019.02,경남,169.5
2019.03,경남,169.5
2019.04,경남,169.5
2019.05,경남,169.5
2019.06,경남,169.5
2019.07,경남,169.5
2019.08,경남,169.5
2019.09,경남,169.5
2019.10,경남,169.5
2019.11,경남,169.5
2019.12,경남,169.5
2011.01,제주,180.8
2011.02,제주,180.8
2011.03,제주,180.8
2011.04,제주,180.8
2011.05,제주,180.8
2011.06,제주,180.8
2011.07,제주,180.8
2011.08,제주,180.8
2011.09,제주,180.8
2011.10,제주,180.8
2011.11,제주,180.8
2011.12,제주,180.8
2012.01,제주,172.3
2012.02,제주,172.3
2012.03,제주,172.3
2012.04,제주,172.3
2012.05,제주,172.3
2012.06,제주,172.3
2012.07,제주,172.3
2012.08,제주,172.3
2012.09,제주,172.3
2012.10,제주,172.3
2012.11,제주,172.3
2012.12,제주,172.3
2013.01,제주,179.4
2013.02,제주,179.4
2013.03,제주,179.4
2013.04,제주,179.4
2013.05,제주,179.4
2013.06,제주,179.4
2013.07,제주,179.4
2013.08,제주,179.4
2013.09,제주,179.4
2013.10,제주,179.4
2013.11,제주,179.4
2013.12,제주,179.4
2014.01,제주,179.6
2014.02,제주,179.6
2014.03,제주,179.6
2014.04,제주,179.6
2014.05,제주,179.6
2014.06,제주,179.6
2014.07,제주,179.6
2014.08,제주,179.6
2014.09,제주,179.6
2014.10,제주,179.6
2014.11,제주,179.6
2014.12,제주,179.6
2015.01,제주,179.4
2015.02,제주,179.4
2015.03,제주,179.4
2015.04,제주,179.4
2015.05,제주,179.4
2015.06,제주,179.4
2015.07,제주,179.4
2015.08,제주,179.4
2015.09,제주,179.4
2015.10,제주,179.4
2015.11,제주,179.4
2015.12,제주,179.4
2016.01,제주,172.2
2016.02,제주,172.2
2016.03,제주,172.2
2016.04,제주,172.2
2016.05,제주,172.2
2016.06,제주,172.2
2016.07,제주,172.2
2016.08,제주,172.2
2016.09,제주,172.2
2016.10,제주,172.2
2016.11,제주,172.2
2016.12,제주,172.2
2017.01,제주,169.4
2017.02,제주,169.4
2017.03,제주,169.4
2017.04,제주,169.4
2017.05,제주,169.4
2017.06,제주,169.4
2017.07,제주,169.4
2017.08,제주,169.4
2017.09,제주,169.4
2017.10,제주,169.4
2017.11,제주,169.4
2017.12,제주,169.4
2018.01,제주,171.4
2018.02,제주,171.4
2018.03,제주,171.4
2018.04,제주,171.4
2018.05,제주,171.4
2018.06,제주,171.4
2018.07,제주,171.4
2018.08,제주,171.4
2018.09,제주,171.4
2018.10,제주,171.4
2018.11,제주,171.4
2018.12,제주,171.4
2019.01,제주,171.6
2019.02,제주,171.6
2019.03,제주,171.6
2019.04,제주,171.6
2019.05,제주,171.6
2019.06,제주,171.6
2019.07,제주,171.6
2019.08,제주,171.6
2019.09,제주,171.6
2019.10,제주,171.6
2019.11,제주,171.6
2019.12,제주,171.6
