시점,저출산율,지역별
2000.01,1.60,강원
2000.02,1.58,강원
2000.03,1.57,강원
2000.04,1.55,강원
2000.05,1.54,강원
2000.06,1.52,강원
2000.07,1.51,강원
2000.08,1.49,강원
2000.09,1.48,강원
2000.10,1.46,강원
2000.11,1.44,강원
2000.12,1.43,강원
2001.01,1.41,강원
2001.02,1.41,강원
2001.03,1.40,강원
2001.04,1.39,강원
2001.05,1.38,강원
2001.06,1.37,강원
2001.07,1.36,강원
2001.08,1.36,강원
2001.09,1.35,강원
2001.10,1.34,강원
2001.11,1.33,강원
2001.12,1.32,강원
2002.01,1.32,강원
2002.02,1.31,강원
2002.03,1.31,강원
2002.04,1.31,강원
2002.05,1.30,강원
2002.06,1.30,강원
2002.07,1.30,강원
2002.08,1.29,강원
2002.09,1.29,강원
2002.10,1.29,강원
2002.11,1.29,강원
2002.12,1.28,강원
2003.01,1.28,강원
2003.02,1.28,강원
2003.03,1.28,강원
2003.04,1.27,강원
2003.05,1.27,강원
2003.06,1.27,강원
2003.07,1.27,강원
2003.08,1.27,강원
2003.09,1.27,강원
2003.10,1.27,강원
2003.11,1.26,강원
2003.12,1.26,강원
2004.01,1.26,강원
2004.02,1.25,강원
2004.03,1.25,강원
2004.04,1.24,강원
2004.05,1.24,강원
2004.06,1.23,강원
2004.07,1.22,강원
2004.08,1.22,강원
2004.09,1.21,강원
2004.10,1.21,강원
2004.11,1.20,강원
2004.12,1.19,강원
2005.01,1.19,강원
2005.02,1.19,강원
2005.03,1.19,강원
2005.04,1.19,강원
2005.05,1.19,강원
2005.06,1.19,강원
2005.07,1.19,강원
2005.08,1.20,강원
2005.09,1.20,강원
2005.10,1.20,강원
2005.11,1.20,강원
2005.12,1.20,강원
2006.01,1.20,강원
2006.02,1.21,강원
2006.03,1.23,강원
2006.04,1.24,강원
2006.05,1.25,강원
2006.06,1.27,강원
2006.07,1.28,강원
2006.08,1.29,강원
2006.09,1.30,강원
2006.10,1.32,강원
2006.11,1.33,강원
2006.12,1.34,강원
2007.01,1.36,강원
2007.02,1.35,강원
2007.03,1.34,강원
2007.04,1.33,강원
2007.05,1.32,강원
2007.06,1.31,강원
2007.07,1.30,강원
2007.08,1.30,강원
2007.09,1.29,강원
2007.10,1.28,강원
2007.11,1.27,강원
2007.12,1.26,강원
2008.01,1.25,강원
2008.02,1.25,강원
2008.03,1.25,강원
2008.04,1.25,강원
2008.05,1.25,강원
2008.06,1.25,강원
2008.07,1.25,강원
2008.08,1.25,강원
2008.09,1.25,강원
2008.10,1.25,강원
2008.11,1.25,강원
2008.12,1.25,강원
2009.01,1.25,강원
2009.02,1.25,강원
2009.03,1.26,강원
2009.04,1.26,강원
2009.05,1.27,강원
2009.06,1.28,강원
2009.07,1.28,강원
2009.08,1.29,강원
2009.09,1.29,강원
2009.10,1.30,강원
2009.11,1.30,강원
2009.12,1.31,강원
2010.01,1.31,강원
2010.02,1.32,강원
2010.03,1.32,강원
2010.04,1.32,강원
2010.05,1.32,강원
2010.06,1.32,강원
2010.07,1.33,강원
2010.08,1.33,강원
2010.09,1.33,강원
2010.10,1.33,강원
2010.11,1.33,강원
2010.12,1.34,강원
2011.01,1.34,강원
2011.02,1.34,강원
2011.03,1.34,강원
2011.04,1.35,강원
2011.05,1.35,강원
2011.06,1.35,강원
2011.07,1.36,강원
2011.08,1.36,강원
2011.09,1.36,강원
2011.10,1.37,강원
2011.11,1.37,강원
2011.12,1.37,강원
2012.01,1.37,강원
2012.02,1.36,강원
2012.03,1.35,강원
2012.04,1.34,강원
2012.05,1.33,강원
2012.06,1.32,강원
2012.07,1.31,강원
2012.08,1.30,강원
2012.09,1.29,강원
2012.10,1.28,강원
2012.11,1.27,강원
2012.12,1.26,강원
2013.01,1.25,강원
2013.02,1.25,강원
2013.03,1.25,강원
2013.04,1.25,강원
2013.05,1.25,강원
2013.06,1.25,강원
2013.07,1.25,강원
2013.08,1.25,강원
2013.09,1.25,강원
2013.10,1.25,강원
2013.11,1.25,강원
2013.12,1.25,강원
2014.01,1.25,강원
2014.02,1.25,강원
2014.03,1.26,강원
2014.04,1.26,강원
2014.05,1.27,강원
2014.06,1.27,강원
2014.07,1.28,강원
2014.08,1.28,강원
2014.09,1.29,강원
2014.10,1.30,강원
2014.11,1.30,강원
2014.12,1.31,강원
2015.01,1.31,강원
2015.02,1.30,강원
2015.03,1.30,강원
2015.04,1.29,강원
2015.05,1.29,강원
2015.06,1.28,강원
2015.07,1.27,강원
2015.08,1.27,강원
2015.09,1.26,강원
2015.10,1.26,강원
2015.11,1.25,강원
2015.12,1.24,강원
2016.01,1.24,강원
2016.02,1.23,강원
2016.03,1.22,강원
2016.04,1.21,강원
2016.05,1.20,강원
2016.06,1.19,강원
2016.07,1.18,강원
2016.08,1.17,강원
2016.09,1.16,강원
2016.10,1.15,강원
2016.11,1.14,강원
2016.12,1.13,강원
2017.01,1.12,강원
2017.02,1.12,강원
2017.03,1.11,강원
2017.04,1.11,강원
2017.05,1.10,강원
2017.06,1.10,강원
2017.07,1.09,강원
2017.08,1.09,강원
2017.09,1.09,강원
2017.10,1.08,강원
2017.11,1.08,강원
2017.12,1.07,강원
2018.01,1.07,강원
2018.02,1.07,강원
2018.03,1.07,강원
2018.04,1.07,강원
2018.05,1.07,강원
2018.06,1.07,강원
2018.07,1.07,강원
2018.08,1.08,강원
2018.09,1.08,강원
2018.10,1.08,강원
2018.11,1.08,강원
2018.12,1.08,강원
2019.01,1.08,강원
2019.02,1.08,강원
2019.03,1.07,강원
2019.04,1.07,강원
2019.05,1.07,강원
2019.06,1.06,강원
2019.07,1.06,강원
2019.08,1.06,강원
2019.09,1.05,강원
2019.10,1.05,강원
2019.11,1.04,강원
2019.12,1.04,강원
2020.01,1.04,강원
2020.02,1.03,강원
2020.03,1.03,강원
2020.04,1.02,강원
2020.05,1.02,강원
2020.06,1.01,강원
2020.07,1.01,강원
2020.08,1.00,강원
2020.09,1.00,강원
2020.10,0.99,강원
2020.11,0.99,강원
2020.12,0.98,강원
2021.01,0.98,강원
2021.02,0.98,강원
2021.03,0.98,강원
2021.04,0.98,강원
2021.05,0.98,강원
2021.06,0.97,강원
2021.07,0.97,강원
2021.08,0.97,강원
2021.09,0.97,강원
2021.10,0.97,강원
2021.11,0.97,강원
2021.12,0.97,강원
2022.01,0.97,강원
2022.02,0.96,강원
2022.03,0.96,강원
2022.04,0.95,강원
2022.05,0.94,강원
2022.06,0.94,강원
2022.07,0.93,강원
2022.08,0.92,강원
2022.09,0.92,강원
2022.10,0.91,강원
2022.11,0.91,강원
2022.12,0.90,강원
2023.01,0.89,강원
2000.01,1.63,경기
2000.02,1.61,경기
2000.03,1.60,경기
2000.04,1.58,경기
2000.05,1.56,경기
2000.06,1.55,경기
2000.07,1.53,경기
2000.08,1.52,경기
2000.09,1.50,경기
2000.10,1.48,경기
2000.11,1.47,경기
2000.12,1.45,경기
2001.01,1.44,경기
2001.02,1.43,경기
2001.03,1.42,경기
2001.04,1.40,경기
2001.05,1.39,경기
2001.06,1.38,경기
2001.07,1.37,경기
2001.08,1.36,경기
2001.09,1.35,경기
2001.10,1.34,경기
2001.11,1.33,경기
2001.12,1.32,경기
2002.01,1.30,경기
2002.02,1.31,경기
2002.03,1.31,경기
2002.04,1.31,경기
2002.05,1.31,경기
2002.06,1.31,경기
2002.07,1.31,경기
2002.08,1.31,경기
2002.09,1.32,경기
2002.10,1.32,경기
2002.11,1.32,경기
2002.12,1.32,경기
2003.01,1.32,경기
2003.02,1.32,경기
2003.03,1.31,경기
2003.04,1.31,경기
2003.05,1.31,경기
2003.06,1.30,경기
2003.07,1.30,경기
2003.08,1.30,경기
2003.09,1.29,경기
2003.10,1.29,경기
2003.11,1.29,경기
2003.12,1.28,경기
2004.01,1.28,경기
2004.02,1.27,경기
2004.03,1.26,경기
2004.04,1.26,경기
2004.05,1.25,경기
2004.06,1.24,경기
2004.07,1.23,경기
2004.08,1.22,경기
2004.09,1.22,경기
2004.10,1.21,경기
2004.11,1.20,경기
2004.12,1.19,경기
2005.01,1.18,경기
2005.02,1.19,경기
2005.03,1.19,경기
2005.04,1.20,경기
2005.05,1.20,경기
2005.06,1.21,경기
2005.07,1.21,경기
2005.08,1.22,경기
2005.09,1.22,경기
2005.10,1.23,경기
2005.11,1.23,경기
2005.12,1.23,경기
2006.01,1.24,경기
2006.02,1.25,경기
2006.03,1.26,경기
2006.04,1.27,경기
2006.05,1.28,경기
2006.06,1.29,경기
2006.07,1.30,경기
2006.08,1.31,경기
2006.09,1.32,경기
2006.10,1.33,경기
2006.11,1.34,경기
2006.12,1.35,경기
2007.01,1.36,경기
2007.02,1.35,경기
2007.03,1.35,경기
2007.04,1.34,경기
2007.05,1.34,경기
2007.06,1.33,경기
2007.07,1.32,경기
2007.08,1.32,경기
2007.09,1.31,경기
2007.10,1.30,경기
2007.11,1.30,경기
2007.12,1.29,경기
2008.01,1.28,경기
2008.02,1.28,경기
2008.03,1.28,경기
2008.04,1.27,경기
2008.05,1.27,경기
2008.06,1.26,경기
2008.07,1.26,경기
2008.08,1.25,경기
2008.09,1.25,경기
2008.10,1.24,경기
2008.11,1.24,경기
2008.12,1.23,경기
2009.01,1.23,경기
2009.02,1.23,경기
2009.03,1.24,경기
2009.04,1.25,경기
2009.05,1.25,경기
2009.06,1.26,경기
2009.07,1.27,경기
2009.08,1.27,경기
2009.09,1.28,경기
2009.10,1.29,경기
2009.11,1.30,경기
2009.12,1.30,경기
2010.01,1.31,경기
2010.02,1.31,경기
2010.03,1.31,경기
2010.04,1.31,경기
2010.05,1.31,경기
2010.06,1.31,경기
2010.07,1.31,경기
2010.08,1.31,경기
2010.09,1.31,경기
2010.10,1.31,경기
2010.11,1.31,경기
2010.12,1.31,경기
2011.01,1.31,경기
2011.02,1.32,경기
2011.03,1.32,경기
2011.04,1.32,경기
2011.05,1.33,경기
2011.06,1.33,경기
2011.07,1.33,경기
2011.08,1.34,경기
2011.09,1.34,경기
2011.10,1.34,경기
2011.11,1.35,경기
2011.12,1.35,경기
2012.01,1.35,경기
2012.02,1.34,경기
2012.03,1.33,경기
2012.04,1.32,경기
2012.05,1.31,경기
2012.06,1.30,경기
2012.07,1.29,경기
2012.08,1.28,경기
2012.09,1.27,경기
2012.10,1.26,경기
2012.11,1.25,경기
2012.12,1.24,경기
2013.01,1.23,경기
2013.02,1.23,경기
2013.03,1.23,경기
2013.04,1.23,경기
2013.05,1.23,경기
2013.06,1.23,경기
2013.07,1.23,경기
2013.08,1.23,경기
2013.09,1.24,경기
2013.10,1.24,경기
2013.11,1.24,경기
2013.12,1.24,경기
2014.01,1.24,경기
2014.02,1.24,경기
2014.03,1.25,경기
2014.04,1.25,경기
2014.05,1.25,경기
2014.06,1.25,경기
2014.07,1.26,경기
2014.08,1.26,경기
2014.09,1.26,경기
2014.10,1.26,경기
2014.11,1.27,경기
2014.12,1.27,경기
2015.01,1.27,경기
2015.02,1.27,경기
2015.03,1.26,경기
2015.04,1.25,경기
2015.05,1.25,경기
2015.06,1.24,경기
2015.07,1.23,경기
2015.08,1.23,경기
2015.09,1.22,경기
2015.10,1.21,경기
2015.11,1.21,경기
2015.12,1.20,경기
2016.01,1.19,경기
2016.02,1.18,경기
2016.03,1.17,경기
2016.04,1.16,경기
2016.05,1.15,경기
2016.06,1.14,경기
2016.07,1.13,경기
2016.08,1.12,경기
2016.09,1.11,경기
2016.10,1.10,경기
2016.11,1.09,경기
2016.12,1.08,경기
2017.01,1.07,경기
2017.02,1.06,경기
2017.03,1.06,경기
2017.04,1.05,경기
2017.05,1.05,경기
2017.06,1.04,경기
2017.07,1.04,경기
2017.08,1.03,경기
2017.09,1.02,경기
2017.10,1.02,경기
2017.11,1.01,경기
2017.12,1.01,경기
2018.01,1.00,경기
2018.02,1.00,경기
2018.03,0.99,경기
2018.04,0.99,경기
2018.05,0.98,경기
2018.06,0.98,경기
2018.07,0.97,경기
2018.08,0.97,경기
2018.09,0.96,경기
2018.10,0.96,경기
2018.11,0.95,경기
2018.12,0.95,경기
2019.01,0.94,경기
2019.02,0.94,경기
2019.03,0.93,경기
2019.04,0.93,경기
2019.05,0.92,경기
2019.06,0.92,경기
2019.07,0.91,경기
2019.08,0.91,경기
2019.09,0.90,경기
2019.10,0.89,경기
2019.11,0.89,경기
2019.12,0.88,경기
2020.01,0.88,경기
2020.02,0.88,경기
2020.03,0.87,경기
2020.04,0.87,경기
2020.05,0.87,경기
2020.06,0.87,경기
2020.07,0.87,경기
2020.08,0.86,경기
2020.09,0.86,경기
2020.10,0.86,경기
2020.11,0.86,경기
2020.12,0.86,경기
2021.01,0.85,경기
2021.02,0.85,경기
2021.03,0.85,경기
2021.04,0.85,경기
2021.05,0.85,경기
2021.06,0.85,경기
2021.07,0.85,경기
2021.08,0.84,경기
2021.09,0.84,경기
2021.10,0.84,경기
2021.11,0.84,경기
2021.12,0.84,경기
2022.01,0.84,경기
2022.02,0.83,경기
2022.03,0.83,경기
2022.04,0.82,경기
2022.05,0.81,경기
2022.06,0.81,경기
2022.07,0.80,경기
2022.08,0.80,경기
2022.09,0.79,경기
2022.10,0.78,경기
2022.11,0.78,경기
2022.12,0.77,경기
2023.01,0.77,경기
2000.01,1.59,경남
2000.02,1.57,경남
2000.03,1.56,경남
2000.04,1.54,경남
2000.05,1.53,경남
2000.06,1.52,경남
2000.07,1.50,경남
2000.08,1.49,경남
2000.09,1.47,경남
2000.10,1.46,경남
2000.11,1.45,경남
2000.12,1.43,경남
2001.01,1.42,경남
2001.02,1.40,경남
2001.03,1.39,경남
2001.04,1.38,경남
2001.05,1.37,경남
2001.06,1.36,경남
2001.07,1.34,경남
2001.08,1.33,경남
2001.09,1.32,경남
2001.10,1.31,경남
2001.11,1.30,경남
2001.12,1.28,경남
2002.01,1.27,경남
2002.02,1.27,경남
2002.03,1.27,경남
2002.04,1.28,경남
2002.05,1.28,경남
2002.06,1.28,경남
2002.07,1.28,경남
2002.08,1.28,경남
2002.09,1.28,경남
2002.10,1.29,경남
2002.11,1.29,경남
2002.12,1.29,경남
2003.01,1.29,경남
2003.02,1.29,경남
2003.03,1.29,경남
2003.04,1.28,경남
2003.05,1.28,경남
2003.06,1.28,경남
2003.07,1.28,경남
2003.08,1.28,경남
2003.09,1.27,경남
2003.10,1.27,경남
2003.11,1.27,경남
2003.12,1.27,경남
2004.01,1.27,경남
2004.02,1.26,경남
2004.03,1.25,경남
2004.04,1.25,경남
2004.05,1.24,경남
2004.06,1.23,경남
2004.07,1.23,경남
2004.08,1.22,경남
2004.09,1.21,경남
2004.10,1.21,경남
2004.11,1.20,경남
2004.12,1.20,경남
2005.01,1.19,경남
2005.02,1.19,경남
2005.03,1.20,경남
2005.04,1.21,경남
2005.05,1.21,경남
2005.06,1.22,경남
2005.07,1.22,경남
2005.08,1.23,경남
2005.09,1.23,경남
2005.10,1.24,경남
2005.11,1.24,경남
2005.12,1.25,경남
2006.01,1.25,경남
2006.02,1.27,경남
2006.03,1.28,경남
2006.04,1.30,경남
2006.05,1.31,경남
2006.06,1.33,경남
2006.07,1.34,경남
2006.08,1.36,경남
2006.09,1.37,경남
2006.10,1.39,경남
2006.11,1.40,경남
2006.12,1.42,경남
2007.01,1.43,경남
2007.02,1.43,경남
2007.03,1.42,경남
2007.04,1.42,경남
2007.05,1.41,경남
2007.06,1.41,경남
2007.07,1.40,경남
2007.08,1.40,경남
2007.09,1.39,경남
2007.10,1.38,경남
2007.11,1.38,경남
2007.12,1.37,경남
2008.01,1.37,경남
2008.02,1.36,경남
2008.03,1.36,경남
2008.04,1.36,경남
2008.05,1.35,경남
2008.06,1.35,경남
2008.07,1.35,경남
2008.08,1.34,경남
2008.09,1.34,경남
2008.10,1.33,경남
2008.11,1.33,경남
2008.12,1.33,경남
2009.01,1.32,경남
2009.02,1.33,경남
2009.03,1.34,경남
2009.04,1.35,경남
2009.05,1.35,경남
2009.06,1.36,경남
2009.07,1.37,경남
2009.08,1.38,경남
2009.09,1.38,경남
2009.10,1.39,경남
2009.11,1.40,경남
2009.12,1.41,경남
2010.01,1.41,경남
2010.02,1.42,경남
2010.03,1.42,경남
2010.04,1.42,경남
2010.05,1.42,경남
2010.06,1.43,경남
2010.07,1.43,경남
2010.08,1.43,경남
2010.09,1.44,경남
2010.10,1.44,경남
2010.11,1.44,경남
2010.12,1.44,경남
2011.01,1.45,경남
2011.02,1.45,경남
2011.03,1.46,경남
2011.04,1.46,경남
2011.05,1.46,경남
2011.06,1.47,경남
2011.07,1.47,경남
2011.08,1.48,경남
2011.09,1.48,경남
2011.10,1.49,경남
2011.11,1.49,경남
2011.12,1.50,경남
2012.01,1.50,경남
2012.02,1.49,경남
2012.03,1.48,경남
2012.04,1.47,경남
2012.05,1.46,경남
2012.06,1.45,경남
2012.07,1.44,경남
2012.08,1.42,경남
2012.09,1.41,경남
2012.10,1.40,경남
2012.11,1.39,경남
2012.12,1.38,경남
2013.01,1.37,경남
2013.02,1.37,경남
2013.03,1.37,경남
2013.04,1.38,경남
2013.05,1.38,경남
2013.06,1.38,경남
2013.07,1.39,경남
2013.08,1.39,경남
2013.09,1.40,경남
2013.10,1.40,경남
2013.11,1.40,경남
2013.12,1.41,경남
2014.01,1.41,경남
2014.02,1.41,경남
2014.03,1.41,경남
2014.04,1.42,경남
2014.05,1.42,경남
2014.06,1.42,경남
2014.07,1.42,경남
2014.08,1.43,경남
2014.09,1.43,경남
2014.10,1.43,경남
2014.11,1.43,경남
2014.12,1.43,경남
2015.01,1.44,경남
2015.02,1.43,경남
2015.03,1.42,경남
2015.04,1.42,경남
2015.05,1.41,경남
2015.06,1.40,경남
2015.07,1.40,경남
2015.08,1.39,경남
2015.09,1.38,경남
2015.10,1.38,경남
2015.11,1.37,경남
2015.12,1.36,경남
2016.01,1.36,경남
2016.02,1.35,경남
2016.03,1.34,경남
2016.04,1.33,경남
2016.05,1.31,경남
2016.06,1.30,경남
2016.07,1.29,경남
2016.08,1.28,경남
2016.09,1.27,경남
2016.10,1.26,경남
2016.11,1.25,경남
2016.12,1.24,경남
2017.01,1.23,경남
2017.02,1.22,경남
2017.03,1.21,경남
2017.04,1.20,경남
2017.05,1.19,경남
2017.06,1.18,경남
2017.07,1.17,경남
2017.08,1.17,경남
2017.09,1.16,경남
2017.10,1.15,경남
2017.11,1.14,경남
2017.12,1.13,경남
2018.01,1.12,경남
2018.02,1.12,경남
2018.03,1.11,경남
2018.04,1.10,경남
2018.05,1.10,경남
2018.06,1.09,경남
2018.07,1.08,경남
2018.08,1.08,경남
2018.09,1.07,경남
2018.10,1.06,경남
2018.11,1.06,경남
2018.12,1.05,경남
2019.01,1.05,경남
2019.02,1.04,경남
2019.03,1.03,경남
2019.04,1.02,경남
2019.05,1.01,경남
2019.06,1.00,경남
2019.07,1.00,경남
2019.08,0.99,경남
2019.09,0.98,경남
2019.10,0.97,경남
2019.11,0.96,경남
2019.12,0.95,경남
2020.01,0.94,경남
2020.02,0.94,경남
2020.03,0.94,경남
2020.04,0.93,경남
2020.05,0.93,경남
2020.06,0.93,경남
2020.07,0.92,경남
2020.08,0.92,경남
2020.09,0.92,경남
2020.10,0.91,경남
2020.11,0.91,경남
2020.12,0.91,경남
2021.01,0.90,경남
2021.02,0.90,경남
2021.03,0.89,경남
2021.04,0.89,경남
2021.05,0.88,경남
2021.06,0.88,경남
2021.07,0.87,경남
2021.08,0.87,경남
2021.09,0.86,경남
2021.10,0.85,경남
2021.11,0.85,경남
2021.12,0.84,경남
2022.01,0.84,경남
2022.02,0.83,경남
2022.03,0.83,경남
2022.04,0.83,경남
2022.05,0.82,경남
2022.06,0.82,경남
2022.07,0.82,경남
2022.08,0.82,경남
2022.09,0.81,경남
2022.10,0.81,경남
2022.11,0.81,경남
2022.12,0.80,경남
2023.01,0.80,경남
2000.01,1.58,경북
2000.02,1.56,경북
2000.03,1.55,경북
2000.04,1.53,경북
2000.05,1.52,경북
2000.06,1.50,경북
2000.07,1.49,경북
2000.08,1.48,경북
2000.09,1.46,경북
2000.10,1.45,경북
2000.11,1.43,경북
2000.12,1.42,경북
2001.01,1.40,경북
2001.02,1.39,경북
2001.03,1.37,경북
2001.04,1.36,경북
2001.05,1.35,경북
2001.06,1.33,경북
2001.07,1.32,경북
2001.08,1.30,경북
2001.09,1.29,경북
2001.10,1.27,경북
2001.11,1.26,경북
2001.12,1.25,경북
2002.01,1.23,경북
2002.02,1.23,경북
2002.03,1.24,경북
2002.04,1.24,경북
2002.05,1.24,경북
2002.06,1.24,경북
2002.07,1.24,경북
2002.08,1.24,경북
2002.09,1.25,경북
2002.10,1.25,경북
2002.11,1.25,경북
2002.12,1.25,경북
2003.01,1.25,경북
2003.02,1.25,경북
2003.03,1.24,경북
2003.04,1.24,경북
2003.05,1.24,경북
2003.06,1.23,경북
2003.07,1.23,경북
2003.08,1.22,경북
2003.09,1.22,경북
2003.10,1.22,경북
2003.11,1.21,경북
2003.12,1.21,경북
2004.01,1.20,경북
2004.02,1.20,경북
2004.03,1.20,경북
2004.04,1.20,경북
2004.05,1.19,경북
2004.06,1.19,경북
2004.07,1.19,경북
2004.08,1.19,경북
2004.09,1.18,경북
2004.10,1.18,경북
2004.11,1.18,경북
2004.12,1.18,경북
2005.01,1.17,경북
2005.02,1.18,경북
2005.03,1.18,경북
2005.04,1.18,경북
2005.05,1.18,경북
2005.06,1.19,경북
2005.07,1.19,경북
2005.08,1.19,경북
2005.09,1.20,경북
2005.10,1.20,경북
2005.11,1.20,경북
2005.12,1.21,경북
2006.01,1.21,경북
2006.02,1.22,경북
2006.03,1.23,경북
2006.04,1.25,경북
2006.05,1.26,경북
2006.06,1.28,경북
2006.07,1.29,경북
2006.08,1.30,경북
2006.09,1.32,경북
2006.10,1.33,경북
2006.11,1.34,경북
2006.12,1.36,경북
2007.01,1.37,경북
2007.02,1.36,경북
2007.03,1.36,경북
2007.04,1.35,경북
2007.05,1.35,경북
2007.06,1.35,경북
2007.07,1.34,경북
2007.08,1.34,경북
2007.09,1.33,경북
2007.10,1.33,경북
2007.11,1.32,경북
2007.12,1.32,경북
2008.01,1.31,경북
2008.02,1.31,경북
2008.03,1.31,경북
2008.04,1.30,경북
2008.05,1.30,경북
2008.06,1.30,경북
2008.07,1.29,경북
2008.08,1.29,경북
2008.09,1.29,경북
2008.10,1.28,경북
2008.11,1.28,경북
2008.12,1.28,경북
2009.01,1.27,경북
2009.02,1.28,경북
2009.03,1.29,경북
2009.04,1.30,경북
2009.05,1.31,경북
2009.06,1.32,경북
2009.07,1.33,경북
2009.08,1.33,경북
2009.09,1.34,경북
2009.10,1.35,경북
2009.11,1.36,경북
2009.12,1.37,경북
2010.01,1.38,경북
2010.02,1.38,경북
2010.03,1.39,경북
2010.04,1.39,경북
2010.05,1.40,경북
2010.06,1.40,경북
2010.07,1.41,경북
2010.08,1.41,경북
2010.09,1.42,경북
2010.10,1.42,경북
2010.11,1.42,경북
2010.12,1.43,경북
2011.01,1.43,경북
2011.02,1.44,경북
2011.03,1.44,경북
2011.04,1.45,경북
2011.05,1.45,경북
2011.06,1.46,경북
2011.07,1.46,경북
2011.08,1.47,경북
2011.09,1.47,경북
2011.10,1.48,경북
2011.11,1.48,경북
2011.12,1.48,경북
2012.01,1.49,경북
2012.02,1.48,경북
2012.03,1.47,경북
2012.04,1.46,경북
2012.05,1.45,경북
2012.06,1.44,경북
2012.07,1.43,경북
2012.08,1.42,경북
2012.09,1.42,경북
2012.10,1.41,경북
2012.11,1.40,경북
2012.12,1.39,경북
2013.01,1.38,경북
2013.02,1.38,경북
2013.03,1.38,경북
2013.04,1.39,경북
2013.05,1.39,경북
2013.06,1.39,경북
2013.07,1.39,경북
2013.08,1.40,경북
2013.09,1.40,경북
2013.10,1.40,경북
2013.11,1.40,경북
2013.12,1.41,경북
2014.01,1.41,경북
2014.02,1.41,경북
2014.03,1.42,경북
2014.04,1.42,경북
2014.05,1.43,경북
2014.06,1.43,경북
2014.07,1.44,경북
2014.08,1.44,경북
2014.09,1.45,경북
2014.10,1.45,경북
2014.11,1.45,경북
2014.12,1.46,경북
2015.01,1.46,경북
2015.02,1.46,경북
2015.03,1.45,경북
2015.04,1.45,경북
2015.05,1.44,경북
2015.06,1.44,경북
2015.07,1.43,경북
2015.08,1.42,경북
2015.09,1.42,경북
2015.10,1.41,경북
2015.11,1.41,경북
2015.12,1.40,경북
2016.01,1.40,경북
2016.02,1.38,경북
2016.03,1.37,경북
2016.04,1.36,경북
2016.05,1.35,경북
2016.06,1.34,경북
2016.07,1.33,경북
2016.08,1.31,경북
2016.09,1.30,경북
2016.10,1.29,경북
2016.11,1.28,경북
2016.12,1.27,경북
2017.01,1.26,경북
2017.02,1.25,경북
2017.03,1.24,경북
2017.04,1.23,경북
2017.05,1.23,경북
2017.06,1.22,경북
2017.07,1.21,경북
2017.08,1.20,경북
2017.09,1.20,경북
2017.10,1.19,경북
2017.11,1.18,경북
2017.12,1.17,경북
2018.01,1.17,경북
2018.02,1.16,경북
2018.03,1.15,경북
2018.04,1.15,경북
2018.05,1.14,경북
2018.06,1.13,경북
2018.07,1.13,경북
2018.08,1.12,경북
2018.09,1.11,경북
2018.10,1.11,경북
2018.11,1.10,경북
2018.12,1.10,경북
2019.01,1.09,경북
2019.02,1.08,경북
2019.03,1.07,경북
2019.04,1.07,경북
2019.05,1.06,경북
2019.06,1.05,경북
2019.07,1.05,경북
2019.08,1.04,경북
2019.09,1.03,경북
2019.10,1.02,경북
2019.11,1.02,경북
2019.12,1.01,경북
2020.01,1.00,경북
2020.02,1.00,경북
2020.03,1.00,경북
2020.04,0.99,경북
2020.05,0.99,경북
2020.06,0.99,경북
2020.07,0.98,경북
2020.08,0.98,경북
2020.09,0.98,경북
2020.10,0.98,경북
2020.11,0.97,경북
2020.12,0.97,경북
2021.01,0.97,경북
2021.02,0.96,경북
2021.03,0.96,경북
2021.04,0.96,경북
2021.05,0.95,경북
2021.06,0.95,경북
2021.07,0.95,경북
2021.08,0.95,경북
2021.09,0.94,경북
2021.10,0.94,경북
2021.11,0.94,경북
2021.12,0.93,경북
2022.01,0.93,경북
2022.02,0.92,경북
2022.03,0.92,경북
2022.04,0.91,경북
2022.05,0.91,경북
2022.06,0.90,경북
2022.07,0.90,경북
2022.08,0.89,경북
2022.09,0.88,경북
2022.10,0.88,경북
2022.11,0.87,경북
2022.12,0.87,경북
2023.01,0.86,경북
2000.01,1.64,광주
2000.02,1.62,광주
2000.03,1.60,광주
2000.04,1.58,광주
2000.05,1.56,광주
2000.06,1.55,광주
2000.07,1.53,광주
2000.08,1.51,광주
2000.09,1.49,광주
2000.10,1.47,광주
2000.11,1.46,광주
2000.12,1.44,광주
2001.01,1.42,광주
2001.02,1.41,광주
2001.03,1.39,광주
2001.04,1.38,광주
2001.05,1.37,광주
2001.06,1.36,광주
2001.07,1.34,광주
2001.08,1.33,광주
2001.09,1.32,광주
2001.10,1.30,광주
2001.11,1.29,광주
2001.12,1.28,광주
2002.01,1.26,광주
2002.02,1.27,광주
2002.03,1.27,광주
2002.04,1.27,광주
2002.05,1.27,광주
2002.06,1.27,광주
2002.07,1.27,광주
2002.08,1.27,광주
2002.09,1.27,광주
2002.10,1.27,광주
2002.11,1.28,광주
2002.12,1.28,광주
2003.01,1.28,광주
2003.02,1.27,광주
2003.03,1.27,광주
2003.04,1.26,광주
2003.05,1.25,광주
2003.06,1.25,광주
2003.07,1.24,광주
2003.08,1.23,광주
2003.09,1.23,광주
2003.10,1.22,광주
2003.11,1.22,광주
2003.12,1.21,광주
2004.01,1.20,광주
2004.02,1.19,광주
2004.03,1.19,광주
2004.04,1.18,광주
2004.05,1.17,광주
2004.06,1.16,광주
2004.07,1.15,광주
2004.08,1.15,광주
2004.09,1.14,광주
2004.10,1.13,광주
2004.11,1.12,광주
2004.12,1.11,광주
2005.01,1.10,광주
2005.02,1.11,광주
2005.03,1.11,광주
2005.04,1.12,광주
2005.05,1.12,광주
2005.06,1.12,광주
2005.07,1.13,광주
2005.08,1.13,광주
2005.09,1.14,광주
2005.10,1.14,광주
2005.11,1.14,광주
2005.12,1.15,광주
2006.01,1.15,광주
2006.02,1.16,광주
2006.03,1.17,광주
2006.04,1.18,광주
2006.05,1.19,광주
2006.06,1.20,광주
2006.07,1.21,광주
2006.08,1.22,광주
2006.09,1.23,광주
2006.10,1.23,광주
2006.11,1.24,광주
2006.12,1.25,광주
2007.01,1.26,광주
2007.02,1.26,광주
2007.03,1.25,광주
2007.04,1.25,광주
2007.05,1.24,광주
2007.06,1.24,광주
2007.07,1.23,광주
2007.08,1.22,광주
2007.09,1.22,광주
2007.10,1.21,광주
2007.11,1.21,광주
2007.12,1.20,광주
2008.01,1.20,광주
2008.02,1.19,광주
2008.03,1.19,광주
2008.04,1.18,광주
2008.05,1.18,광주
2008.06,1.17,광주
2008.07,1.17,광주
2008.08,1.16,광주
2008.09,1.16,광주
2008.10,1.15,광주
2008.11,1.15,광주
2008.12,1.14,광주
2009.01,1.14,광주
2009.02,1.14,광주
2009.03,1.15,광주
2009.04,1.16,광주
2009.05,1.17,광주
2009.06,1.17,광주
2009.07,1.18,광주
2009.08,1.19,광주
2009.09,1.19,광주
2009.10,1.20,광주
2009.11,1.21,광주
2009.12,1.22,광주
2010.01,1.22,광주
2010.02,1.22,광주
2010.03,1.22,광주
2010.04,1.23,광주
2010.05,1.23,광주
2010.06,1.23,광주
2010.07,1.23,광주
2010.08,1.23,광주
2010.09,1.23,광주
2010.10,1.23,광주
2010.11,1.23,광주
2010.12,1.23,광주
2011.01,1.23,광주
2011.02,1.24,광주
2011.03,1.24,광주
2011.04,1.25,광주
2011.05,1.25,광주
2011.06,1.26,광주
2011.07,1.26,광주
2011.08,1.27,광주
2011.09,1.27,광주
2011.10,1.28,광주
2011.11,1.28,광주
2011.12,1.29,광주
2012.01,1.29,광주
2012.02,1.28,광주
2012.03,1.27,광주
2012.04,1.26,광주
2012.05,1.25,광주
2012.06,1.24,광주
2012.07,1.23,광주
2012.08,1.22,광주
2012.09,1.21,광주
2012.10,1.20,광주
2012.11,1.19,광주
2012.12,1.18,광주
2013.01,1.17,광주
2013.02,1.17,광주
2013.03,1.17,광주
2013.04,1.18,광주
2013.05,1.18,광주
2013.06,1.18,광주
2013.07,1.18,광주
2013.08,1.19,광주
2013.09,1.19,광주
2013.10,1.19,광주
2013.11,1.19,광주
2013.12,1.20,광주
2014.01,1.20,광주
2014.02,1.20,광주
2014.03,1.20,광주
2014.04,1.20,광주
2014.05,1.20,광주
2014.06,1.20,광주
2014.07,1.20,광주
2014.08,1.20,광주
2014.09,1.20,광주
2014.10,1.21,광주
2014.11,1.21,광주
2014.12,1.21,광주
2015.01,1.21,광주
2015.02,1.20,광주
2015.03,1.20,광주
2015.04,1.20,광주
2015.05,1.19,광주
2015.06,1.19,광주
2015.07,1.19,광주
2015.08,1.18,광주
2015.09,1.18,광주
2015.10,1.18,광주
2015.11,1.17,광주
2015.12,1.17,광주
2016.01,1.17,광주
2016.02,1.16,광주
2016.03,1.15,광주
2016.04,1.14,광주
2016.05,1.13,광주
2016.06,1.12,광주
2016.07,1.11,광주
2016.08,1.10,광주
2016.09,1.09,광주
2016.10,1.08,광주
2016.11,1.07,광주
2016.12,1.06,광주
2017.01,1.05,광주
2017.02,1.05,광주
2017.03,1.04,광주
2017.04,1.03,광주
2017.05,1.03,광주
2017.06,1.02,광주
2017.07,1.01,광주
2017.08,1.01,광주
2017.09,1.00,광주
2017.10,0.99,광주
2017.11,0.99,광주
2017.12,0.98,광주
2018.01,0.97,광주
2018.02,0.97,광주
2018.03,0.96,광주
2018.04,0.96,광주
2018.05,0.95,광주
2018.06,0.95,광주
2018.07,0.94,광주
2018.08,0.94,광주
2018.09,0.93,광주
2018.10,0.93,광주
2018.11,0.92,광주
2018.12,0.92,광주
2019.01,0.91,광주
2019.02,0.90,광주
2019.03,0.90,광주
2019.04,0.89,광주
2019.05,0.88,광주
2019.06,0.87,광주
2019.07,0.86,광주
2019.08,0.85,광주
2019.09,0.85,광주
2019.10,0.84,광주
2019.11,0.83,광주
2019.12,0.82,광주
2020.01,0.81,광주
2020.02,0.82,광주
2020.03,0.83,광주
2020.04,0.83,광주
2020.05,0.84,광주
2020.06,0.85,광주
2020.07,0.85,광주
2020.08,0.86,광주
2020.09,0.87,광주
2020.10,0.87,광주
2020.11,0.88,광주
2020.12,0.89,광주
2021.01,0.90,광주
2021.02,0.89,광주
2021.03,0.89,광주
2021.04,0.88,광주
2021.05,0.88,광주
2021.06,0.87,광주
2021.07,0.87,광주
2021.08,0.87,광주
2021.09,0.86,광주
2021.10,0.86,광주
2021.11,0.85,광주
2021.12,0.85,광주
2022.01,0.84,광주
2022.02,0.83,광주
2022.03,0.82,광주
2022.04,0.81,광주
2022.05,0.80,광주
2022.06,0.79,광주
2022.07,0.77,광주
2022.08,0.76,광주
2022.09,0.75,광주
2022.10,0.74,광주
2022.11,0.73,광주
2022.12,0.72,광주
2023.01,0.71,광주
2000.01,1.38,대구
2000.02,1.36,대구
2000.03,1.35,대구
2000.04,1.34,대구
2000.05,1.32,대구
2000.06,1.31,대구
2000.07,1.30,대구
2000.08,1.28,대구
2000.09,1.27,대구
2000.10,1.26,대구
2000.11,1.24,대구
2000.12,1.23,대구
2001.01,1.22,대구
2001.02,1.20,대구
2001.03,1.19,대구
2001.04,1.18,대구
2001.05,1.17,대구
2001.06,1.16,대구
2001.07,1.15,대구
2001.08,1.13,대구
2001.09,1.12,대구
2001.10,1.11,대구
2001.11,1.10,대구
2001.12,1.09,대구
2002.01,1.08,대구
2002.02,1.08,대구
2002.03,1.08,대구
2002.04,1.09,대구
2002.05,1.09,대구
2002.06,1.09,대구
2002.07,1.10,대구
2002.08,1.10,대구
2002.09,1.10,대구
2002.10,1.11,대구
2002.11,1.11,대구
2002.12,1.11,대구
2003.01,1.12,대구
2003.02,1.11,대구
2003.03,1.11,대구
2003.04,1.11,대구
2003.05,1.11,대구
2003.06,1.10,대구
2003.07,1.10,대구
2003.08,1.10,대구
2003.09,1.10,대구
2003.10,1.09,대구
2003.11,1.09,대구
2003.12,1.09,대구
2004.01,1.09,대구
2004.02,1.08,대구
2004.03,1.07,대구
2004.04,1.07,대구
2004.05,1.06,대구
2004.06,1.05,대구
2004.07,1.04,대구
2004.08,1.04,대구
2004.09,1.03,대구
2004.10,1.02,대구
2004.11,1.02,대구
2004.12,1.01,대구
2005.01,1.00,대구
2005.02,1.00,대구
2005.03,1.00,대구
2005.04,1.00,대구
2005.05,1.00,대구
2005.06,1.01,대구
2005.07,1.01,대구
2005.08,1.01,대구
2005.09,1.01,대구
2005.10,1.01,대구
2005.11,1.01,대구
2005.12,1.01,대구
2006.01,1.01,대구
2006.02,1.02,대구
2006.03,1.03,대구
2006.04,1.04,대구
2006.05,1.05,대구
2006.06,1.06,대구
2006.07,1.07,대구
2006.08,1.08,대구
2006.09,1.09,대구
2006.10,1.11,대구
2006.11,1.12,대구
2006.12,1.13,대구
2007.01,1.14,대구
2007.02,1.13,대구
2007.03,1.13,대구
2007.04,1.12,대구
2007.05,1.12,대구
2007.06,1.11,대구
2007.07,1.10,대구
2007.08,1.10,대구
2007.09,1.09,대구
2007.10,1.09,대구
2007.11,1.08,대구
2007.12,1.08,대구
2008.01,1.07,대구
2008.02,1.07,대구
2008.03,1.06,대구
2008.04,1.06,대구
2008.05,1.06,대구
2008.06,1.05,대구
2008.07,1.05,대구
2008.08,1.05,대구
2008.09,1.04,대구
2008.10,1.04,대구
2008.11,1.04,대구
2008.12,1.03,대구
2009.01,1.03,대구
2009.02,1.04,대구
2009.03,1.04,대구
2009.04,1.05,대구
2009.05,1.06,대구
2009.06,1.06,대구
2009.07,1.07,대구
2009.08,1.08,대구
2009.09,1.08,대구
2009.10,1.09,대구
2009.11,1.10,대구
2009.12,1.10,대구
2010.01,1.11,대구
2010.02,1.11,대구
2010.03,1.12,대구
2010.04,1.12,대구
2010.05,1.12,대구
2010.06,1.12,대구
2010.07,1.13,대구
2010.08,1.13,대구
2010.09,1.13,대구
2010.10,1.14,대구
2010.11,1.14,대구
2010.12,1.14,대구
2011.01,1.15,대구
2011.02,1.15,대구
2011.03,1.16,대구
2011.04,1.16,대구
2011.05,1.17,대구
2011.06,1.18,대구
2011.07,1.18,대구
2011.08,1.19,대구
2011.09,1.19,대구
2011.10,1.20,대구
2011.11,1.21,대구
2011.12,1.21,대구
2012.01,1.22,대구
2012.02,1.21,대구
2012.03,1.20,대구
2012.04,1.19,대구
2012.05,1.19,대구
2012.06,1.18,대구
2012.07,1.17,대구
2012.08,1.16,대구
2012.09,1.16,대구
2012.10,1.15,대구
2012.11,1.14,대구
2012.12,1.13,대구
2013.01,1.13,대구
2013.02,1.13,대구
2013.03,1.13,대구
2013.04,1.14,대구
2013.05,1.14,대구
2013.06,1.14,대구
2013.07,1.15,대구
2013.08,1.15,대구
2013.09,1.16,대구
2013.10,1.16,대구
2013.11,1.16,대구
2013.12,1.17,대구
2014.01,1.17,대구
2014.02,1.17,대구
2014.03,1.18,대구
2014.04,1.18,대구
2014.05,1.18,대구
2014.06,1.19,대구
2014.07,1.19,대구
2014.08,1.20,대구
2014.09,1.20,대구
2014.10,1.20,대구
2014.11,1.21,대구
2014.12,1.21,대구
2015.01,1.22,대구
2015.02,1.21,대구
2015.03,1.21,대구
2015.04,1.21,대구
2015.05,1.21,대구
2015.06,1.20,대구
2015.07,1.20,대구
2015.08,1.20,대구
2015.09,1.20,대구
2015.10,1.19,대구
2015.11,1.19,대구
2015.12,1.19,대구
2016.01,1.19,대구
2016.02,1.18,대구
2016.03,1.17,대구
2016.04,1.16,대구
2016.05,1.15,대구
2016.06,1.14,대구
2016.07,1.13,대구
2016.08,1.12,대구
2016.09,1.11,대구
2016.10,1.10,대구
2016.11,1.09,대구
2016.12,1.08,대구
2017.01,1.07,대구
2017.02,1.06,대구
2017.03,1.05,대구
2017.04,1.05,대구
2017.05,1.04,대구
2017.06,1.03,대구
2017.07,1.03,대구
2017.08,1.02,대구
2017.09,1.01,대구
2017.10,1.01,대구
2017.11,1.00,대구
2017.12,0.99,대구
2018.01,0.99,대구
2018.02,0.98,대구
2018.03,0.98,대구
2018.04,0.97,대구
2018.05,0.97,대구
2018.06,0.96,대구
2018.07,0.96,대구
2018.08,0.95,대구
2018.09,0.95,대구
2018.10,0.95,대구
2018.11,0.94,대구
2018.12,0.94,대구
2019.01,0.93,대구
2019.02,0.92,대구
2019.03,0.91,대구
2019.04,0.90,대구
2019.05,0.89,대구
2019.06,0.88,대구
2019.07,0.87,대구
2019.08,0.86,대구
2019.09,0.85,대구
2019.10,0.84,대구
2019.11,0.83,대구
2019.12,0.82,대구
2020.01,0.81,대구
2020.02,0.81,대구
2020.03,0.80,대구
2020.04,0.80,대구
2020.05,0.80,대구
2020.06,0.80,대구
2020.07,0.80,대구
2020.08,0.79,대구
2020.09,0.79,대구
2020.10,0.79,대구
2020.11,0.79,대구
2020.12,0.79,대구
2021.01,0.79,대구
2021.02,0.78,대구
2021.03,0.78,대구
2021.04,0.78,대구
2021.05,0.78,대구
2021.06,0.77,대구
2021.07,0.77,대구
2021.08,0.77,대구
2021.09,0.77,대구
2021.10,0.76,대구
2021.11,0.76,대구
2021.12,0.76,대구
2022.01,0.76,대구
2022.02,0.75,대구
2022.03,0.75,대구
2022.04,0.74,대구
2022.05,0.74,대구
2022.06,0.73,대구
2022.07,0.73,대구
2022.08,0.72,대구
2022.09,0.72,대구
2022.10,0.72,대구
2022.11,0.71,대구
2022.12,0.71,대구
2023.01,0.70,대구
2000.01,1.50,대전
2000.02,1.49,대전
2000.03,1.47,대전
2000.04,1.46,대전
2000.05,1.44,대전
2000.06,1.43,대전
2000.07,1.42,대전
2000.08,1.40,대전
2000.09,1.39,대전
2000.10,1.37,대전
2000.11,1.36,대전
2000.12,1.34,대전
2001.01,1.33,대전
2001.02,1.32,대전
2001.03,1.31,대전
2001.04,1.30,대전
2001.05,1.29,대전
2001.06,1.28,대전
2001.07,1.27,대전
2001.08,1.26,대전
2001.09,1.25,대전
2001.10,1.24,대전
2001.11,1.23,대전
2001.12,1.22,대전
2002.01,1.21,대전
2002.02,1.21,대전
2002.03,1.21,대전
2002.04,1.21,대전
2002.05,1.21,대전
2002.06,1.21,대전
2002.07,1.21,대전
2002.08,1.22,대전
2002.09,1.22,대전
2002.10,1.22,대전
2002.11,1.22,대전
2002.12,1.22,대전
2003.01,1.22,대전
2003.02,1.22,대전
2003.03,1.21,대전
2003.04,1.21,대전
2003.05,1.21,대전
2003.06,1.20,대전
2003.07,1.20,대전
2003.08,1.20,대전
2003.09,1.19,대전
2003.10,1.19,대전
2003.11,1.19,대전
2003.12,1.18,대전
2004.01,1.18,대전
2004.02,1.17,대전
2004.03,1.17,대전
2004.04,1.16,대전
2004.05,1.16,대전
2004.06,1.15,대전
2004.07,1.14,대전
2004.08,1.14,대전
2004.09,1.13,대전
2004.10,1.13,대전
2004.11,1.12,대전
2004.12,1.11,대전
2005.01,1.11,대전
2005.02,1.11,대전
2005.03,1.12,대전
2005.04,1.12,대전
2005.05,1.12,대전
2005.06,1.13,대전
2005.07,1.13,대전
2005.08,1.14,대전
2005.09,1.14,대전
2005.10,1.15,대전
2005.11,1.15,대전
2005.12,1.15,대전
2006.01,1.16,대전
2006.02,1.17,대전
2006.03,1.18,대전
2006.04,1.19,대전
2006.05,1.20,대전
2006.06,1.21,대전
2006.07,1.22,대전
2006.08,1.23,대전
2006.09,1.24,대전
2006.10,1.25,대전
2006.11,1.25,대전
2006.12,1.26,대전
2007.01,1.27,대전
2007.02,1.27,대전
2007.03,1.26,대전
2007.04,1.26,대전
2007.05,1.25,대전
2007.06,1.25,대전
2007.07,1.24,대전
2007.08,1.24,대전
2007.09,1.23,대전
2007.10,1.23,대전
2007.11,1.22,대전
2007.12,1.22,대전
2008.01,1.22,대전
2008.02,1.21,대전
2008.03,1.21,대전
2008.04,1.20,대전
2008.05,1.20,대전
2008.06,1.19,대전
2008.07,1.19,대전
2008.08,1.18,대전
2008.09,1.18,대전
2008.10,1.17,대전
2008.11,1.17,대전
2008.12,1.16,대전
2009.01,1.16,대전
2009.02,1.16,대전
2009.03,1.16,대전
2009.04,1.17,대전
2009.05,1.17,대전
2009.06,1.18,대전
2009.07,1.18,대전
2009.08,1.18,대전
2009.09,1.19,대전
2009.10,1.19,대전
2009.11,1.20,대전
2009.12,1.20,대전
2010.01,1.21,대전
2010.02,1.21,대전
2010.03,1.21,대전
2010.04,1.22,대전
2010.05,1.22,대전
2010.06,1.23,대전
2010.07,1.23,대전
2010.08,1.24,대전
2010.09,1.24,대전
2010.10,1.25,대전
2010.11,1.25,대전
2010.12,1.26,대전
2011.01,1.26,대전
2011.02,1.27,대전
2011.03,1.27,대전
2011.04,1.27,대전
2011.05,1.28,대전
2011.06,1.28,대전
2011.07,1.29,대전
2011.08,1.29,대전
2011.09,1.30,대전
2011.10,1.30,대전
2011.11,1.31,대전
2011.12,1.31,대전
2012.01,1.31,대전
2012.02,1.31,대전
2012.03,1.30,대전
2012.04,1.29,대전
2012.05,1.29,대전
2012.06,1.28,대전
2012.07,1.27,대전
2012.08,1.27,대전
2012.09,1.26,대전
2012.10,1.25,대전
2012.11,1.25,대전
2012.12,1.24,대전
2013.01,1.23,대전
2013.02,1.24,대전
2013.03,1.24,대전
2013.04,1.24,대전
2013.05,1.24,대전
2013.06,1.24,대전
2013.07,1.24,대전
2013.08,1.24,대전
2013.09,1.24,대전
2013.10,1.25,대전
2013.11,1.25,대전
2013.12,1.25,대전
2014.01,1.25,대전
2014.02,1.25,대전
2014.03,1.25,대전
2014.04,1.26,대전
2014.05,1.26,대전
2014.06,1.26,대전
2014.07,1.26,대전
2014.08,1.27,대전
2014.09,1.27,대전
2014.10,1.27,대전
2014.11,1.27,대전
2014.12,1.27,대전
2015.01,1.28,대전
2015.02,1.27,대전
2015.03,1.26,대전
2015.04,1.26,대전
2015.05,1.25,대전
2015.06,1.24,대전
2015.07,1.23,대전
2015.08,1.23,대전
2015.09,1.22,대전
2015.10,1.21,대전
2015.11,1.21,대전
2015.12,1.20,대전
2016.01,1.19,대전
2016.02,1.18,대전
2016.03,1.17,대전
2016.04,1.16,대전
2016.05,1.15,대전
2016.06,1.14,대전
2016.07,1.13,대전
2016.08,1.12,대전
2016.09,1.11,대전
2016.10,1.10,대전
2016.11,1.09,대전
2016.12,1.08,대전
2017.01,1.07,대전
2017.02,1.06,대전
2017.03,1.05,대전
2017.04,1.04,대전
2017.05,1.03,대전
2017.06,1.02,대전
2017.07,1.01,대전
2017.08,1.00,대전
2017.09,0.99,대전
2017.10,0.98,대전
2017.11,0.97,대전
2017.12,0.96,대전
2018.01,0.95,대전
2018.02,0.95,대전
2018.03,0.94,대전
2018.04,0.93,대전
2018.05,0.93,대전
2018.06,0.92,대전
2018.07,0.92,대전
2018.08,0.91,대전
2018.09,0.91,대전
2018.10,0.90,대전
2018.11,0.89,대전
2018.12,0.89,대전
2019.01,0.88,대전
2019.02,0.88,대전
2019.03,0.87,대전
2019.04,0.86,대전
2019.05,0.86,대전
2019.06,0.85,대전
2019.07,0.84,대전
2019.08,0.84,대전
2019.09,0.83,대전
2019.10,0.82,대전
2019.11,0.82,대전
2019.12,0.81,대전
2020.01,0.81,대전
2020.02,0.81,대전
2020.03,0.81,대전
2020.04,0.81,대전
2020.05,0.81,대전
2020.06,0.81,대전
2020.07,0.81,대전
2020.08,0.81,대전
2020.09,0.81,대전
2020.10,0.81,대전
2020.11,0.81,대전
2020.12,0.81,대전
2021.01,0.81,대전
2021.02,0.81,대전
2021.03,0.82,대전
2021.04,0.82,대전
2021.05,0.82,대전
2021.06,0.82,대전
2021.07,0.83,대전
2021.08,0.83,대전
2021.09,0.83,대전
2021.10,0.83,대전
2021.11,0.84,대전
2021.12,0.84,대전
2022.01,0.84,대전
2022.02,0.84,대전
2022.03,0.83,대전
2022.04,0.83,대전
2022.05,0.82,대전
2022.06,0.82,대전
2022.07,0.81,대전
2022.08,0.81,대전
2022.09,0.81,대전
2022.10,0.80,대전
2022.11,0.80,대전
2022.12,0.79,대전
2023.01,0.79,대전
2000.01,1.24,부산
2000.02,1.22,부산
2000.03,1.21,부산
2000.04,1.20,부산
2000.05,1.19,부산
2000.06,1.18,부산
2000.07,1.17,부산
2000.08,1.16,부산
2000.09,1.15,부산
2000.10,1.14,부산
2000.11,1.12,부산
2000.12,1.11,부산
2001.01,1.10,부산
2001.02,1.09,부산
2001.03,1.08,부산
2001.04,1.07,부산
2001.05,1.06,부산
2001.06,1.05,부산
2001.07,1.04,부산
2001.08,1.03,부산
2001.09,1.02,부산
2001.10,1.01,부산
2001.11,1.00,부산
2001.12,0.99,부산
2002.01,0.97,부산
2002.02,0.98,부산
2002.03,0.98,부산
2002.04,0.98,부산
2002.05,0.98,부산
2002.06,0.98,부산
2002.07,0.98,부산
2002.08,0.98,부산
2002.09,0.98,부산
2002.10,0.98,부산
2002.11,0.99,부산
2002.12,0.99,부산
2003.01,0.99,부산
2003.02,0.99,부산
2003.03,0.98,부산
2003.04,0.98,부산
2003.05,0.98,부산
2003.06,0.97,부산
2003.07,0.97,부산
2003.08,0.97,부산
2003.09,0.96,부산
2003.10,0.96,부산
2003.11,0.96,부산
2003.12,0.96,부산
2004.01,0.95,부산
2004.02,0.95,부산
2004.03,0.94,부산
2004.04,0.94,부산
2004.05,0.93,부산
2004.06,0.93,부산
2004.07,0.92,부산
2004.08,0.91,부산
2004.09,0.91,부산
2004.10,0.90,부산
2004.11,0.90,부산
2004.12,0.89,부산
2005.01,0.89,부산
2005.02,0.89,부산
2005.03,0.89,부산
2005.04,0.89,부산
2005.05,0.90,부산
2005.06,0.90,부산
2005.07,0.90,부산
2005.08,0.90,부산
2005.09,0.91,부산
2005.10,0.91,부산
2005.11,0.91,부산
2005.12,0.91,부산
2006.01,0.92,부산
2006.02,0.92,부산
2006.03,0.93,부산
2006.04,0.94,부산
2006.05,0.95,부산
2006.06,0.96,부산
2006.07,0.97,부산
2006.08,0.98,부산
2006.09,0.99,부산
2006.10,1.00,부산
2006.11,1.01,부산
2006.12,1.01,부산
2007.01,1.02,부산
2007.02,1.02,부산
2007.03,1.02,부산
2007.04,1.01,부산
2007.05,1.01,부산
2007.06,1.01,부산
2007.07,1.00,부산
2007.08,1.00,부산
2007.09,0.99,부산
2007.10,0.99,부산
2007.11,0.99,부산
2007.12,0.98,부산
2008.01,0.98,부산
2008.02,0.98,부산
2008.03,0.97,부산
2008.04,0.97,부산
2008.05,0.97,부산
2008.06,0.96,부산
2008.07,0.96,부산
2008.08,0.96,부산
2008.09,0.95,부산
2008.10,0.95,부산
2008.11,0.95,부산
2008.12,0.94,부산
2009.01,0.94,부산
2009.02,0.95,부산
2009.03,0.96,부산
2009.04,0.97,부산
2009.05,0.97,부산
2009.06,0.98,부산
2009.07,0.99,부산
2009.08,1.00,부산
2009.09,1.01,부산
2009.10,1.02,부산
2009.11,1.03,부산
2009.12,1.04,부산
2010.01,1.04,부산
2010.02,1.05,부산
2010.03,1.05,부산
2010.04,1.05,부산
2010.05,1.06,부산
2010.06,1.06,부산
2010.07,1.06,부산
2010.08,1.06,부산
2010.09,1.07,부산
2010.10,1.07,부산
2010.11,1.07,부산
2010.12,1.08,부산
2011.01,1.08,부산
2011.02,1.08,부산
2011.03,1.09,부산
2011.04,1.09,부산
2011.05,1.10,부산
2011.06,1.10,부산
2011.07,1.11,부산
2011.08,1.11,부산
2011.09,1.12,부산
2011.10,1.12,부산
2011.11,1.13,부산
2011.12,1.13,부산
2012.01,1.14,부산
2012.02,1.13,부산
2012.03,1.12,부산
2012.04,1.11,부산
2012.05,1.11,부산
2012.06,1.10,부산
2012.07,1.09,부산
2012.08,1.08,부산
2012.09,1.08,부산
2012.10,1.07,부산
2012.11,1.06,부산
2012.12,1.06,부산
2013.01,1.05,부산
2013.02,1.05,부산
2013.03,1.06,부산
2013.04,1.06,부산
2013.05,1.06,부산
2013.06,1.07,부산
2013.07,1.07,부산
2013.08,1.07,부산
2013.09,1.08,부산
2013.10,1.08,부산
2013.11,1.08,부산
2013.12,1.09,부산
2014.01,1.09,부산
2014.02,1.09,부산
2014.03,1.10,부산
2014.04,1.10,부산
2014.05,1.11,부산
2014.06,1.11,부산
2014.07,1.11,부산
2014.08,1.12,부산
2014.09,1.12,부산
2014.10,1.13,부산
2014.11,1.13,부산
2014.12,1.13,부산
2015.01,1.14,부산
2015.02,1.14,부산
2015.03,1.13,부산
2015.04,1.13,부산
2015.05,1.12,부산
2015.06,1.12,부산
2015.07,1.12,부산
2015.08,1.11,부산
2015.09,1.11,부산
2015.10,1.11,부산
2015.11,1.10,부산
2015.12,1.10,부산
2016.01,1.09,부산
2016.02,1.09,부산
2016.03,1.08,부산
2016.04,1.07,부산
2016.05,1.06,부산
2016.06,1.05,부산
2016.07,1.04,부산
2016.08,1.03,부산
2016.09,1.02,부산
2016.10,1.01,부산
2016.11,1.00,부산
2016.12,0.99,부산
2017.01,0.98,부산
2017.02,0.97,부산
2017.03,0.96,부산
2017.04,0.96,부산
2017.05,0.95,부산
2017.06,0.94,부산
2017.07,0.94,부산
2017.08,0.93,부산
2017.09,0.92,부산
2017.10,0.92,부산
2017.11,0.91,부산
2017.12,0.91,부산
2018.01,0.90,부산
2018.02,0.89,부산
2018.03,0.89,부산
2018.04,0.88,부산
2018.05,0.88,부산
2018.06,0.87,부산
2018.07,0.86,부산
2018.08,0.86,부산
2018.09,0.85,부산
2018.10,0.84,부산
2018.11,0.84,부산
2018.12,0.83,부산
2019.01,0.83,부산
2019.02,0.82,부산
2019.03,0.81,부산
2019.04,0.81,부산
2019.05,0.80,부산
2019.06,0.79,부산
2019.07,0.79,부산
2019.08,0.78,부산
2019.09,0.77,부산
2019.10,0.77,부산
2019.11,0.76,부산
2019.12,0.75,부산
2020.01,0.75,부산
2020.02,0.75,부산
2020.03,0.74,부산
2020.04,0.74,부산
2020.05,0.74,부산
2020.06,0.74,부산
2020.07,0.74,부산
2020.08,0.74,부산
2020.09,0.73,부산
2020.10,0.73,부산
2020.11,0.73,부산
2020.12,0.73,부산
2021.01,0.73,부산
2021.02,0.73,부산
2021.03,0.73,부산
2021.04,0.73,부산
2021.05,0.73,부산
2021.06,0.73,부산
2021.07,0.73,부산
2021.08,0.73,부산
2021.09,0.72,부산
2021.10,0.72,부산
2021.11,0.72,부산
2021.12,0.72,부산
2022.01,0.72,부산
2022.02,0.72,부산
2022.03,0.71,부산
2022.04,0.71,부산
2022.05,0.70,부산
2022.06,0.70,부산
2022.07,0.69,부산
2022.08,0.69,부산
2022.09,0.68,부산
2022.10,0.68,부산
2022.11,0.67,부산
2022.12,0.67,부산
2023.01,0.66,부산
2000.01,1.27,서울
2000.02,1.26,서울
2000.03,1.25,서울
2000.04,1.23,서울
2000.05,1.22,서울
2000.06,1.21,서울
2000.07,1.19,서울
2000.08,1.18,서울
2000.09,1.17,서울
2000.10,1.15,서울
2000.11,1.14,서울
2000.12,1.12,서울
2001.01,1.11,서울
2001.02,1.10,서울
2001.03,1.09,서울
2001.04,1.08,서울
2001.05,1.08,서울
2001.06,1.07,서울
2001.07,1.06,서울
2001.08,1.05,서울
2001.09,1.04,서울
2001.10,1.03,서울
2001.11,1.02,서울
2001.12,1.01,서울
2002.01,1.01,서울
2002.02,1.01,서울
2002.03,1.01,서울
2002.04,1.01,서울
2002.05,1.01,서울
2002.06,1.01,서울
2002.07,1.01,서울
2002.08,1.01,서울
2002.09,1.01,서울
2002.10,1.01,서울
2002.11,1.01,서울
2002.12,1.01,서울
2003.01,1.01,서울
2003.02,1.01,서울
2003.03,1.01,서울
2003.04,1.01,서울
2003.05,1.01,서울
2003.06,1.01,서울
2003.07,1.01,서울
2003.08,1.01,서울
2003.09,1.01,서울
2003.10,1.01,서울
2003.11,1.01,서울
2003.12,1.01,서울
2004.01,1.01,서울
2004.02,1.01,서울
2004.03,1.00,서울
2004.04,0.99,서울
2004.05,0.99,서울
2004.06,0.98,서울
2004.07,0.97,서울
2004.08,0.97,서울
2004.09,0.96,서울
2004.10,0.95,서울
2004.11,0.95,서울
2004.12,0.94,서울
2005.01,0.93,서울
2005.02,0.94,서울
2005.03,0.94,서울
2005.04,0.94,서울
2005.05,0.95,서울
2005.06,0.95,서울
2005.07,0.96,서울
2005.08,0.96,서울
2005.09,0.96,서울
2005.10,0.97,서울
2005.11,0.97,서울
2005.12,0.98,서울
2006.01,0.98,서울
2006.02,0.99,서울
2006.03,0.99,서울
2006.04,1.00,서울
2006.05,1.01,서울
2006.06,1.02,서울
2006.07,1.02,서울
2006.08,1.03,서울
2006.09,1.04,서울
2006.10,1.05,서울
2006.11,1.05,서울
2006.12,1.06,서울
2007.01,1.07,서울
2007.02,1.06,서울
2007.03,1.06,서울
2007.04,1.05,서울
2007.05,1.05,서울
2007.06,1.04,서울
2007.07,1.04,서울
2007.08,1.03,서울
2007.09,1.03,서울
2007.10,1.02,서울
2007.11,1.02,서울
2007.12,1.01,서울
2008.01,1.01,서울
2008.02,1.01,서울
2008.03,1.00,서울
2008.04,1.00,서울
2008.05,0.99,서울
2008.06,0.99,서울
2008.07,0.99,서울
2008.08,0.98,서울
2008.09,0.98,서울
2008.10,0.97,서울
2008.11,0.97,서울
2008.12,0.97,서울
2009.01,0.96,서울
2009.02,0.97,서울
2009.03,0.97,서울
2009.04,0.98,서울
2009.05,0.98,서울
2009.06,0.98,서울
2009.07,0.99,서울
2009.08,0.99,서울
2009.09,1.00,서울
2009.10,1.00,서울
2009.11,1.01,서울
2009.12,1.01,서울
2010.01,1.01,서울
2010.02,1.01,서울
2010.03,1.01,서울
2010.04,1.01,서울
2010.05,1.01,서울
2010.06,1.01,서울
2010.07,1.01,서울
2010.08,1.01,서울
2010.09,1.01,서울
2010.10,1.01,서울
2010.11,1.01,서울
2010.12,1.01,서울
2011.01,1.01,서울
2011.02,1.02,서울
2011.03,1.02,서울
2011.04,1.03,서울
2011.05,1.03,서울
2011.06,1.03,서울
2011.07,1.04,서울
2011.08,1.04,서울
2011.09,1.04,서울
2011.10,1.05,서울
2011.11,1.05,서울
2011.12,1.06,서울
2012.01,1.06,서울
2012.02,1.05,서울
2012.03,1.04,서울
2012.04,1.04,서울
2012.05,1.03,서울
2012.06,1.02,서울
2012.07,1.01,서울
2012.08,1.01,서울
2012.09,1.00,서울
2012.10,0.99,서울
2012.11,0.98,서울
2012.12,0.98,서울
2013.01,0.97,서울
2013.02,0.97,서울
2013.03,0.97,서울
2013.04,0.97,서울
2013.05,0.97,서울
2013.06,0.97,서울
2013.07,0.98,서울
2013.08,0.98,서울
2013.09,0.98,서울
2013.10,0.98,서울
2013.11,0.98,서울
2013.12,0.98,서울
2014.01,0.98,서울
2014.02,0.98,서울
2014.03,0.99,서울
2014.04,0.99,서울
2014.05,0.99,서울
2014.06,0.99,서울
2014.07,0.99,서울
2014.08,0.99,서울
2014.09,0.99,서울
2014.10,1.00,서울
2014.11,1.00,서울
2014.12,1.00,서울
2015.01,1.00,서울
2015.02,1.00,서울
2015.03,0.99,서울
2015.04,0.99,서울
2015.05,0.98,서울
2015.06,0.98,서울
2015.07,0.97,서울
2015.08,0.97,서울
2015.09,0.96,서울
2015.10,0.96,서울
2015.11,0.95,서울
2015.12,0.95,서울
2016.01,0.94,서울
2016.02,0.93,서울
2016.03,0.92,서울
2016.04,0.91,서울
2016.05,0.91,서울
2016.06,0.90,서울
2016.07,0.89,서울
2016.08,0.88,서울
2016.09,0.87,서울
2016.10,0.86,서울
2016.11,0.85,서울
2016.12,0.84,서울
2017.01,0.84,서울
2017.02,0.83,서울
2017.03,0.82,서울
2017.04,0.82,서울
2017.05,0.81,서울
2017.06,0.80,서울
2017.07,0.80,서울
2017.08,0.79,서울
2017.09,0.79,서울
2017.10,0.78,서울
2017.11,0.77,서울
2017.12,0.77,서울
2018.01,0.76,서울
2018.02,0.76,서울
2018.03,0.75,서울
2018.04,0.75,서울
2018.05,0.75,서울
2018.06,0.74,서울
2018.07,0.74,서울
2018.08,0.74,서울
2018.09,0.73,서울
2018.10,0.73,서울
2018.11,0.72,서울
2018.12,0.72,서울
2019.01,0.72,서울
2019.02,0.71,서울
2019.03,0.70,서울
2019.04,0.70,서울
2019.05,0.69,서울
2019.06,0.69,서울
2019.07,0.68,서울
2019.08,0.67,서울
2019.09,0.67,서울
2019.10,0.66,서울
2019.11,0.65,서울
2019.12,0.65,서울
2020.01,0.64,서울
2020.02,0.64,서울
2020.03,0.64,서울
2020.04,0.64,서울
2020.05,0.64,서울
2020.06,0.64,서울
2020.07,0.63,서울
2020.08,0.63,서울
2020.09,0.63,서울
2020.10,0.63,서울
2020.11,0.63,서울
2020.12,0.63,서울
2021.01,0.63,서울
2021.02,0.62,서울
2021.03,0.62,서울
2021.04,0.62,서울
2021.05,0.61,서울
2021.06,0.61,서울
2021.07,0.61,서울
2021.08,0.61,서울
2021.09,0.60,서울
2021.10,0.60,서울
2021.11,0.60,서울
2021.12,0.60,서울
2022.01,0.59,서울
2022.02,0.59,서울
2022.03,0.59,서울
2022.04,0.58,서울
2022.05,0.58,서울
2022.06,0.58,서울
2022.07,0.57,서울
2022.08,0.57,서울
2022.09,0.57,서울
2022.10,0.56,서울
2022.11,0.56,서울
2022.12,0.56,서울
2023.01,0.55,서울
2000.01,0.00,세종
2000.02,0.00,세종
2000.03,0.00,세종
2000.04,0.00,세종
2000.05,0.00,세종
2000.06,0.00,세종
2000.07,0.00,세종
2000.08,0.00,세종
2000.09,0.00,세종
2000.10,0.00,세종
2000.11,0.00,세종
2000.12,0.00,세종
2001.01,0.00,세종
2001.02,0.00,세종
2001.03,0.00,세종
2001.04,0.00,세종
2001.05,0.00,세종
2001.06,0.00,세종
2001.07,0.00,세종
2001.08,0.00,세종
2001.09,0.00,세종
2001.10,0.00,세종
2001.11,0.00,세종
2001.12,0.00,세종
2002.01,0.00,세종
2002.02,0.00,세종
2002.03,0.00,세종
2002.04,0.00,세종
2002.05,0.00,세종
2002.06,0.00,세종
2002.07,0.00,세종
2002.08,0.00,세종
2002.09,0.00,세종
2002.10,0.00,세종
2002.11,0.00,세종
2002.12,0.00,세종
2003.01,0.00,세종
2003.02,0.00,세종
2003.03,0.00,세종
2003.04,0.00,세종
2003.05,0.00,세종
2003.06,0.00,세종
2003.07,0.00,세종
2003.08,0.00,세종
2003.09,0.00,세종
2003.10,0.00,세종
2003.11,0.00,세종
2003.12,0.00,세종
2004.01,0.00,세종
2004.02,0.00,세종
2004.03,0.00,세종
2004.04,0.00,세종
2004.05,0.00,세종
2004.06,0.00,세종
2004.07,0.00,세종
2004.08,0.00,세종
2004.09,0.00,세종
2004.10,0.00,세종
2004.11,0.00,세종
2004.12,0.00,세종
2005.01,0.00,세종
2005.02,0.00,세종
2005.03,0.00,세종
2005.04,0.00,세종
2005.05,0.00,세종
2005.06,0.00,세종
2005.07,0.00,세종
2005.08,0.00,세종
2005.09,0.00,세종
2005.10,0.00,세종
2005.11,0.00,세종
2005.12,0.00,세종
2006.01,0.00,세종
2006.02,0.00,세종
2006.03,0.00,세종
2006.04,0.00,세종
2006.05,0.00,세종
2006.06,0.00,세종
2006.07,0.00,세종
2006.08,0.00,세종
2006.09,0.00,세종
2006.10,0.00,세종
2006.11,0.00,세종
2006.12,0.00,세종
2007.01,0.00,세종
2007.02,0.00,세종
2007.03,0.00,세종
2007.04,0.00,세종
2007.05,0.00,세종
2007.06,0.00,세종
2007.07,0.00,세종
2007.08,0.00,세종
2007.09,0.00,세종
2007.10,0.00,세종
2007.11,0.00,세종
2007.12,0.00,세종
2008.01,0.00,세종
2008.02,0.00,세종
2008.03,0.00,세종
2008.04,0.00,세종
2008.05,0.00,세종
2008.06,0.00,세종
2008.07,0.00,세종
2008.08,0.00,세종
2008.09,0.00,세종
2008.10,0.00,세종
2008.11,0.00,세종
2008.12,0.00,세종
2009.01,0.00,세종
2009.02,0.00,세종
2009.03,0.00,세종
2009.04,0.00,세종
2009.05,0.00,세종
2009.06,0.00,세종
2009.07,0.00,세종
2009.08,0.00,세종
2009.09,0.00,세종
2009.10,0.00,세종
2009.11,0.00,세종
2009.12,0.00,세종
2010.01,0.00,세종
2010.02,0.00,세종
2010.03,0.00,세종
2010.04,0.00,세종
2010.05,0.00,세종
2010.06,0.00,세종
2010.07,0.00,세종
2010.08,0.00,세종
2010.09,0.00,세종
2010.10,0.00,세종
2010.11,0.00,세종
2010.12,0.00,세종
2011.01,0.00,세종
2011.02,0.00,세종
2011.03,0.00,세종
2011.04,0.00,세종
2011.05,0.00,세종
2011.06,0.00,세종
2011.07,0.00,세종
2011.08,0.00,세종
2011.09,0.00,세종
2011.10,0.00,세종
2011.11,0.00,세종
2011.12,0.00,세종
2012.01,1.60,세종
2012.02,1.58,세종
2012.03,1.57,세종
2012.04,1.56,세종
2012.05,1.54,세종
2012.06,1.53,세종
2012.07,1.52,세종
2012.08,1.50,세종
2012.09,1.49,세종
2012.10,1.48,세종
2012.11,1.46,세종
2012.12,1.45,세종
2013.01,1.44,세종
2013.02,1.43,세종
2013.03,1.42,세종
2013.04,1.41,세종
2013.05,1.41,세종
2013.06,1.40,세종
2013.07,1.39,세종
2013.08,1.39,세종
2013.09,1.38,세종
2013.10,1.37,세종
2013.11,1.37,세종
2013.12,1.36,세종
2014.01,1.35,세종
2014.02,1.40,세종
2014.03,1.44,세종
2014.04,1.49,세종
2014.05,1.53,세종
2014.06,1.58,세종
2014.07,1.62,세종
2014.08,1.67,세종
2014.09,1.71,세종
2014.10,1.76,세종
2014.11,1.80,세종
2014.12,1.85,세종
2015.01,1.89,세종
2015.02,1.89,세종
2015.03,1.88,세종
2015.04,1.88,세종
2015.05,1.87,세종
2015.06,1.86,세종
2015.07,1.86,세종
2015.08,1.85,세종
2015.09,1.84,세종
2015.10,1.84,세종
2015.11,1.83,세종
2015.12,1.83,세종
2016.01,1.82,세종
2016.02,1.81,세종
2016.03,1.80,세종
2016.04,1.78,세종
2016.05,1.77,세종
2016.06,1.76,세종
2016.07,1.74,세종
2016.08,1.73,세종
2016.09,1.72,세종
2016.10,1.71,세종
2016.11,1.69,세종
2016.12,1.68,세종
2017.01,1.67,세종
2017.02,1.66,세종
2017.03,1.65,세종
2017.04,1.64,세종
2017.05,1.63,세종
2017.06,1.63,세종
2017.07,1.62,세종
2017.08,1.61,세종
2017.09,1.60,세종
2017.10,1.59,세종
2017.11,1.58,세종
2017.12,1.57,세종
2018.01,1.57,세종
2018.02,1.56,세종
2018.03,1.55,세종
2018.04,1.54,세종
2018.05,1.53,세종
2018.06,1.53,세종
2018.07,1.52,세종
2018.08,1.51,세종
2018.09,1.50,세종
2018.10,1.50,세종
2018.11,1.49,세종
2018.12,1.48,세종
2019.01,1.47,세종
2019.02,1.46,세종
2019.03,1.44,세종
2019.04,1.42,세종
2019.05,1.41,세종
2019.06,1.39,세종
2019.07,1.37,세종
2019.08,1.36,세종
2019.09,1.34,세종
2019.10,1.33,세종
2019.11,1.31,세종
2019.12,1.29,세종
2020.01,1.28,세종
2020.02,1.28,세종
2020.03,1.28,세종
2020.04,1.28,세종
2020.05,1.28,세종
2020.06,1.28,세종
2020.07,1.28,세종
2020.08,1.28,세종
2020.09,1.28,세종
2020.10,1.28,세종
2020.11,1.28,세종
2020.12,1.28,세종
2021.01,1.28,세종
2021.02,1.26,세종
2021.03,1.25,세종
2021.04,1.24,세종
2021.05,1.22,세종
2021.06,1.21,세종
2021.07,1.20,세종
2021.08,1.19,세종
2021.09,1.17,세종
2021.10,1.16,세종
2021.11,1.15,세종
2021.12,1.13,세종
2022.01,1.12,세종
2022.02,1.11,세종
2022.03,1.10,세종
2022.04,1.08,세종
2022.05,1.07,세종
2022.06,1.06,세종
2022.07,1.05,세종
2022.08,1.03,세종
2022.09,1.02,세종
2022.10,1.01,세종
2022.11,1.00,세종
2022.12,0.98,세종
2023.01,0.97,세종
2000.01,1.63,울산
2000.02,1.62,울산
2000.03,1.60,울산
2000.04,1.58,울산
2000.05,1.56,울산
2000.06,1.55,울산
2000.07,1.53,울산
2000.08,1.51,울산
2000.09,1.49,울산
2000.10,1.48,울산
2000.11,1.46,울산
2000.12,1.44,울산
2001.01,1.42,울산
2001.02,1.41,울산
2001.03,1.39,울산
2001.04,1.38,울산
2001.05,1.36,울산
2001.06,1.35,울산
2001.07,1.33,울산
2001.08,1.32,울산
2001.09,1.30,울산
2001.10,1.29,울산
2001.11,1.27,울산
2001.12,1.26,울산
2002.01,1.24,울산
2002.02,1.25,울산
2002.03,1.25,울산
2002.04,1.25,울산
2002.05,1.25,울산
2002.06,1.26,울산
2002.07,1.26,울산
2002.08,1.26,울산
2002.09,1.27,울산
2002.10,1.27,울산
2002.11,1.27,울산
2002.12,1.28,울산
2003.01,1.28,울산
2003.02,1.28,울산
2003.03,1.27,울산
2003.04,1.27,울산
2003.05,1.27,울산
2003.06,1.26,울산
2003.07,1.26,울산
2003.08,1.26,울산
2003.09,1.25,울산
2003.10,1.25,울산
2003.11,1.25,울산
2003.12,1.24,울산
2004.01,1.24,울산
2004.02,1.24,울산
2004.03,1.23,울산
2004.04,1.23,울산
2004.05,1.22,울산
2004.06,1.22,울산
2004.07,1.21,울산
2004.08,1.21,울산
2004.09,1.20,울산
2004.10,1.20,울산
2004.11,1.20,울산
2004.12,1.19,울산
2005.01,1.19,울산
2005.02,1.19,울산
2005.03,1.20,울산
2005.04,1.20,울산
2005.05,1.20,울산
2005.06,1.21,울산
2005.07,1.21,울산
2005.08,1.22,울산
2005.09,1.22,울산
2005.10,1.23,울산
2005.11,1.23,울산
2005.12,1.24,울산
2006.01,1.24,울산
2006.02,1.26,울산
2006.03,1.27,울산
2006.04,1.28,울산
2006.05,1.30,울산
2006.06,1.31,울산
2006.07,1.32,울산
2006.08,1.34,울산
2006.09,1.35,울산
2006.10,1.36,울산
2006.11,1.38,울산
2006.12,1.39,울산
2007.01,1.40,울산
2007.02,1.40,울산
2007.03,1.39,울산
2007.04,1.39,울산
2007.05,1.38,울산
2007.06,1.38,울산
2007.07,1.37,울산
2007.08,1.37,울산
2007.09,1.36,울산
2007.10,1.35,울산
2007.11,1.35,울산
2007.12,1.34,울산
2008.01,1.34,울산
2008.02,1.34,울산
2008.03,1.33,울산
2008.04,1.33,울산
2008.05,1.33,울산
2008.06,1.33,울산
2008.07,1.32,울산
2008.08,1.32,울산
2008.09,1.32,울산
2008.10,1.32,울산
2008.11,1.31,울산
2008.12,1.31,울산
2009.01,1.31,울산
2009.02,1.31,울산
2009.03,1.32,울산
2009.04,1.32,울산
2009.05,1.33,울산
2009.06,1.33,울산
2009.07,1.34,울산
2009.08,1.34,울산
2009.09,1.35,울산
2009.10,1.35,울산
2009.11,1.36,울산
2009.12,1.36,울산
2010.01,1.37,울산
2010.02,1.37,울산
2010.03,1.37,울산
2010.04,1.38,울산
2010.05,1.38,울산
2010.06,1.38,울산
2010.07,1.38,울산
2010.08,1.38,울산
2010.09,1.39,울산
2010.10,1.39,울산
2010.11,1.39,울산
2010.12,1.39,울산
2011.01,1.39,울산
2011.02,1.40,울산
2011.03,1.41,울산
2011.04,1.42,울산
2011.05,1.42,울산
2011.06,1.43,울산
2011.07,1.44,울산
2011.08,1.44,울산
2011.09,1.45,울산
2011.10,1.46,울산
2011.11,1.47,울산
2011.12,1.47,울산
2012.01,1.48,울산
2012.02,1.47,울산
2012.03,1.47,울산
2012.04,1.46,울산
2012.05,1.45,울산
2012.06,1.44,울산
2012.07,1.44,울산
2012.08,1.43,울산
2012.09,1.42,울산
2012.10,1.41,울산
2012.11,1.41,울산
2012.12,1.40,울산
2013.01,1.39,울산
2013.02,1.39,울산
2013.03,1.40,울산
2013.04,1.40,울산
2013.05,1.41,울산
2013.06,1.41,울산
2013.07,1.41,울산
2013.08,1.42,울산
2013.09,1.42,울산
2013.10,1.43,울산
2013.11,1.43,울산
2013.12,1.43,울산
2014.01,1.44,울산
2014.02,1.44,울산
2014.03,1.45,울산
2014.04,1.45,울산
2014.05,1.45,울산
2014.06,1.46,울산
2014.07,1.46,울산
2014.08,1.47,울산
2014.09,1.47,울산
2014.10,1.47,울산
2014.11,1.48,울산
2014.12,1.48,울산
2015.01,1.49,울산
2015.02,1.48,울산
2015.03,1.47,울산
2015.04,1.47,울산
2015.05,1.46,울산
2015.06,1.46,울산
2015.07,1.45,울산
2015.08,1.45,울산
2015.09,1.44,울산
2015.10,1.44,울산
2015.11,1.43,울산
2015.12,1.42,울산
2016.01,1.42,울산
2016.02,1.40,울산
2016.03,1.39,울산
2016.04,1.38,울산
2016.05,1.37,울산
2016.06,1.35,울산
2016.07,1.34,울산
2016.08,1.33,울산
2016.09,1.31,울산
2016.10,1.30,울산
2016.11,1.29,울산
2016.12,1.27,울산
2017.01,1.26,울산
2017.02,1.25,울산
2017.03,1.24,울산
2017.04,1.23,울산
2017.05,1.22,울산
2017.06,1.21,울산
2017.07,1.20,울산
2017.08,1.19,울산
2017.09,1.17,울산
2017.10,1.16,울산
2017.11,1.15,울산
2017.12,1.14,울산
2018.01,1.13,울산
2018.02,1.13,울산
2018.03,1.12,울산
2018.04,1.12,울산
2018.05,1.12,울산
2018.06,1.11,울산
2018.07,1.11,울산
2018.08,1.10,울산
2018.09,1.10,울산
2018.10,1.10,울산
2018.11,1.09,울산
2018.12,1.09,울산
2019.01,1.08,울산
2019.02,1.08,울산
2019.03,1.07,울산
2019.04,1.06,울산
2019.05,1.05,울산
2019.06,1.04,울산
2019.07,1.03,울산
2019.08,1.03,울산
2019.09,1.02,울산
2019.10,1.01,울산
2019.11,1.00,울산
2019.12,0.99,울산
2020.01,0.98,울산
2020.02,0.98,울산
2020.03,0.98,울산
2020.04,0.97,울산
2020.05,0.97,울산
2020.06,0.97,울산
2020.07,0.96,울산
2020.08,0.96,울산
2020.09,0.95,울산
2020.10,0.95,울산
2020.11,0.95,울산
2020.12,0.94,울산
2021.01,0.94,울산
2021.02,0.93,울산
2021.03,0.92,울산
2021.04,0.92,울산
2021.05,0.91,울산
2021.06,0.90,울산
2021.07,0.89,울산
2021.08,0.89,울산
2021.09,0.88,울산
2021.10,0.87,울산
2021.11,0.86,울산
2021.12,0.86,울산
2022.01,0.85,울산
2022.02,0.85,울산
2022.03,0.84,울산
2022.04,0.84,울산
2022.05,0.84,울산
2022.06,0.83,울산
2022.07,0.83,울산
2022.08,0.83,울산
2022.09,0.83,울산
2022.10,0.82,울산
2022.11,0.82,울산
2022.12,0.82,울산
2023.01,0.81,울산
2000.01,1.47,인천
2000.02,1.46,인천
2000.03,1.45,인천
2000.04,1.44,인천
2000.05,1.42,인천
2000.06,1.41,인천
2000.07,1.40,인천
2000.08,1.39,인천
2000.09,1.37,인천
2000.10,1.36,인천
2000.11,1.35,인천
2000.12,1.34,인천
2001.01,1.32,인천
2001.02,1.31,인천
2001.03,1.30,인천
2001.04,1.29,인천
2001.05,1.28,인천
2001.06,1.27,인천
2001.07,1.25,인천
2001.08,1.24,인천
2001.09,1.23,인천
2001.10,1.22,인천
2001.11,1.21,인천
2001.12,1.20,인천
2002.01,1.19,인천
2002.02,1.19,인천
2002.03,1.19,인천
2002.04,1.19,인천
2002.05,1.19,인천
2002.06,1.20,인천
2002.07,1.20,인천
2002.08,1.20,인천
2002.09,1.20,인천
2002.10,1.21,인천
2002.11,1.21,인천
2002.12,1.21,인천
2003.01,1.21,인천
2003.02,1.21,인천
2003.03,1.20,인천
2003.04,1.20,인천
2003.05,1.19,인천
2003.06,1.19,인천
2003.07,1.19,인천
2003.08,1.18,인천
2003.09,1.18,인천
2003.10,1.17,인천
2003.11,1.17,인천
2003.12,1.16,인천
2004.01,1.16,인천
2004.02,1.15,인천
2004.03,1.14,인천
2004.04,1.14,인천
2004.05,1.13,인천
2004.06,1.12,인천
2004.07,1.12,인천
2004.08,1.11,인천
2004.09,1.10,인천
2004.10,1.10,인천
2004.11,1.09,인천
2004.12,1.08,인천
2005.01,1.07,인천
2005.02,1.08,인천
2005.03,1.08,인천
2005.04,1.09,인천
2005.05,1.09,인천
2005.06,1.09,인천
2005.07,1.10,인천
2005.08,1.10,인천
2005.09,1.10,인천
2005.10,1.11,인천
2005.11,1.11,인천
2005.12,1.11,인천
2006.01,1.12,인천
2006.02,1.13,인천
2006.03,1.14,인천
2006.04,1.15,인천
2006.05,1.16,인천
2006.06,1.17,인천
2006.07,1.19,인천
2006.08,1.20,인천
2006.09,1.21,인천
2006.10,1.22,인천
2006.11,1.23,인천
2006.12,1.25,인천
2007.01,1.26,인천
2007.02,1.25,인천
2007.03,1.25,인천
2007.04,1.24,인천
2007.05,1.23,인천
2007.06,1.23,인천
2007.07,1.22,인천
2007.08,1.22,인천
2007.09,1.21,인천
2007.10,1.20,인천
2007.11,1.20,인천
2007.12,1.19,인천
2008.01,1.19,인천
2008.02,1.18,인천
2008.03,1.18,인천
2008.04,1.18,인천
2008.05,1.17,인천
2008.06,1.17,인천
2008.07,1.16,인천
2008.08,1.16,인천
2008.09,1.16,인천
2008.10,1.15,인천
2008.11,1.15,인천
2008.12,1.15,인천
2009.01,1.14,인천
2009.02,1.15,인천
2009.03,1.15,인천
2009.04,1.16,인천
2009.05,1.17,인천
2009.06,1.17,인천
2009.07,1.18,인천
2009.08,1.18,인천
2009.09,1.19,인천
2009.10,1.20,인천
2009.11,1.20,인천
2009.12,1.21,인천
2010.01,1.21,인천
2010.02,1.22,인천
2010.03,1.22,인천
2010.04,1.22,인천
2010.05,1.22,인천
2010.06,1.22,인천
2010.07,1.22,인천
2010.08,1.22,인천
2010.09,1.23,인천
2010.10,1.23,인천
2010.11,1.23,인천
2010.12,1.23,인천
2011.01,1.23,인천
2011.02,1.24,인천
2011.03,1.24,인천
2011.04,1.25,인천
2011.05,1.25,인천
2011.06,1.26,인천
2011.07,1.27,인천
2011.08,1.27,인천
2011.09,1.28,인천
2011.10,1.28,인천
2011.11,1.29,인천
2011.12,1.30,인천
2012.01,1.30,인천
2012.02,1.29,인천
2012.03,1.28,인천
2012.04,1.27,인천
2012.05,1.27,인천
2012.06,1.26,인천
2012.07,1.25,인천
2012.08,1.24,인천
2012.09,1.23,인천
2012.10,1.22,인천
2012.11,1.21,인천
2012.12,1.20,인천
2013.01,1.20,인천
2013.02,1.20,인천
2013.03,1.20,인천
2013.04,1.20,인천
2013.05,1.20,인천
2013.06,1.20,인천
2013.07,1.20,인천
2013.08,1.20,인천
2013.09,1.21,인천
2013.10,1.21,인천
2013.11,1.21,인천
2013.12,1.21,인천
2014.01,1.21,인천
2014.02,1.21,인천
2014.03,1.21,인천
2014.04,1.21,인천
2014.05,1.21,인천
2014.06,1.21,인천
2014.07,1.21,인천
2014.08,1.21,인천
2014.09,1.21,인천
2014.10,1.21,인천
2014.11,1.22,인천
2014.12,1.22,인천
2015.01,1.22,인천
2015.02,1.21,인천
2015.03,1.20,인천
2015.04,1.20,인천
2015.05,1.19,인천
2015.06,1.19,인천
2015.07,1.18,인천
2015.08,1.17,인천
2015.09,1.17,인천
2015.10,1.16,인천
2015.11,1.16,인천
2015.12,1.15,인천
2016.01,1.14,인천
2016.02,1.13,인천
2016.03,1.12,인천
2016.04,1.11,인천
2016.05,1.10,인천
2016.06,1.09,인천
2016.07,1.08,인천
2016.08,1.06,인천
2016.09,1.05,인천
2016.10,1.04,인천
2016.11,1.03,인천
2016.12,1.02,인천
2017.01,1.01,인천
2017.02,1.01,인천
2017.03,1.01,인천
2017.04,1.01,인천
2017.05,1.01,인천
2017.06,1.01,인천
2017.07,1.01,인천
2017.08,1.01,인천
2017.09,1.01,인천
2017.10,1.01,인천
2017.11,1.01,인천
2017.12,1.01,인천
2018.01,1.01,인천
2018.02,1.00,인천
2018.03,0.99,인천
2018.04,0.99,인천
2018.05,0.98,인천
2018.06,0.98,인천
2018.07,0.97,인천
2018.08,0.97,인천
2018.09,0.96,인천
2018.10,0.96,인천
2018.11,0.95,인천
2018.12,0.95,인천
2019.01,0.94,인천
2019.02,0.93,인천
2019.03,0.92,인천
2019.04,0.91,인천
2019.05,0.90,인천
2019.06,0.89,인천
2019.07,0.88,인천
2019.08,0.88,인천
2019.09,0.87,인천
2019.10,0.86,인천
2019.11,0.85,인천
2019.12,0.84,인천
2020.01,0.83,인천
2020.02,0.82,인천
2020.03,0.82,인천
2020.04,0.82,인천
2020.05,0.81,인천
2020.06,0.81,인천
2020.07,0.80,인천
2020.08,0.80,인천
2020.09,0.80,인천
2020.10,0.79,인천
2020.11,0.79,인천
2020.12,0.78,인천
2021.01,0.78,인천
2021.02,0.78,인천
2021.03,0.77,인천
2021.04,0.77,인천
2021.05,0.77,인천
2021.06,0.77,인천
2021.07,0.76,인천
2021.08,0.76,인천
2021.09,0.76,인천
2021.10,0.75,인천
2021.11,0.75,인천
2021.12,0.75,인천
2022.01,0.75,인천
2022.02,0.74,인천
2022.03,0.74,인천
2022.04,0.73,인천
2022.05,0.73,인천
2022.06,0.72,인천
2022.07,0.72,인천
2022.08,0.72,인천
2022.09,0.71,인천
2022.10,0.71,인천
2022.11,0.70,인천
2022.12,0.70,인천
2023.01,0.69,인천
2000.01,1.75,전남
2000.02,1.73,전남
2000.03,1.72,전남
2000.04,1.70,전남
2000.05,1.69,전남
2000.06,1.67,전남
2000.07,1.66,전남
2000.08,1.64,전남
2000.09,1.63,전남
2000.10,1.61,전남
2000.11,1.60,전남
2000.12,1.58,전남
2001.01,1.57,전남
2001.02,1.55,전남
2001.03,1.54,전남
2001.04,1.52,전남
2001.05,1.51,전남
2001.06,1.49,전남
2001.07,1.48,전남
2001.08,1.46,전남
2001.09,1.45,전남
2001.10,1.43,전남
2001.11,1.42,전남
2001.12,1.41,전남
2002.01,1.39,전남
2002.02,1.39,전남
2002.03,1.39,전남
2002.04,1.39,전남
2002.05,1.39,전남
2002.06,1.39,전남
2002.07,1.39,전남
2002.08,1.39,전남
2002.09,1.39,전남
2002.10,1.39,전남
2002.11,1.39,전남
2002.12,1.39,전남
2003.01,1.39,전남
2003.02,1.39,전남
2003.03,1.38,전남
2003.04,1.38,전남
2003.05,1.38,전남
2003.06,1.38,전남
2003.07,1.37,전남
2003.08,1.37,전남
2003.09,1.37,전남
2003.10,1.37,전남
2003.11,1.36,전남
2003.12,1.36,전남
2004.01,1.36,전남
2004.02,1.35,전남
2004.03,1.35,전남
2004.04,1.34,전남
2004.05,1.34,전남
2004.06,1.33,전남
2004.07,1.33,전남
2004.08,1.32,전남
2004.09,1.31,전남
2004.10,1.31,전남
2004.11,1.30,전남
2004.12,1.30,전남
2005.01,1.29,전남
2005.02,1.29,전남
2005.03,1.30,전남
2005.04,1.30,전남
2005.05,1.31,전남
2005.06,1.31,전남
2005.07,1.31,전남
2005.08,1.32,전남
2005.09,1.32,전남
2005.10,1.33,전남
2005.11,1.33,전남
2005.12,1.33,전남
2006.01,1.34,전남
2006.02,1.35,전남
2006.03,1.37,전남
2006.04,1.39,전남
2006.05,1.41,전남
2006.06,1.42,전남
2006.07,1.44,전남
2006.08,1.46,전남
2006.09,1.47,전남
2006.10,1.49,전남
2006.11,1.51,전남
2006.12,1.52,전남
2007.01,1.54,전남
2007.02,1.53,전남
2007.03,1.53,전남
2007.04,1.52,전남
2007.05,1.51,전남
2007.06,1.50,전남
2007.07,1.50,전남
2007.08,1.49,전남
2007.09,1.48,전남
2007.10,1.47,전남
2007.11,1.46,전남
2007.12,1.46,전남
2008.01,1.45,전남
2008.02,1.45,전남
2008.03,1.45,전남
2008.04,1.45,전남
2008.05,1.45,전남
2008.06,1.45,전남
2008.07,1.45,전남
2008.08,1.45,전남
2008.09,1.45,전남
2008.10,1.45,전남
2008.11,1.45,전남
2008.12,1.45,전남
2009.01,1.45,전남
2009.02,1.45,전남
2009.03,1.46,전남
2009.04,1.47,전남
2009.05,1.48,전남
2009.06,1.48,전남
2009.07,1.49,전남
2009.08,1.50,전남
2009.09,1.51,전남
2009.10,1.51,전남
2009.11,1.52,전남
2009.12,1.53,전남
2010.01,1.54,전남
2010.02,1.54,전남
2010.03,1.54,전남
2010.04,1.54,전남
2010.05,1.55,전남
2010.06,1.55,전남
2010.07,1.55,전남
2010.08,1.56,전남
2010.09,1.56,전남
2010.10,1.56,전남
2010.11,1.56,전남
2010.12,1.57,전남
2011.01,1.57,전남
2011.02,1.57,전남
2011.03,1.58,전남
2011.04,1.59,전남
2011.05,1.59,전남
2011.06,1.60,전남
2011.07,1.60,전남
2011.08,1.61,전남
2011.09,1.62,전남
2011.10,1.62,전남
2011.11,1.63,전남
2011.12,1.64,전남
2012.01,1.64,전남
2012.02,1.63,전남
2012.03,1.62,전남
2012.04,1.61,전남
2012.05,1.60,전남
2012.06,1.59,전남
2012.07,1.58,전남
2012.08,1.57,전남
2012.09,1.56,전남
2012.10,1.55,전남
2012.11,1.54,전남
2012.12,1.53,전남
2013.01,1.52,전남
2013.02,1.52,전남
2013.03,1.51,전남
2013.04,1.51,전남
2013.05,1.51,전남
2013.06,1.51,전남
2013.07,1.51,전남
2013.08,1.51,전남
2013.09,1.50,전남
2013.10,1.50,전남
2013.11,1.50,전남
2013.12,1.50,전남
2014.01,1.50,전남
2014.02,1.50,전남
2014.03,1.51,전남
2014.04,1.51,전남
2014.05,1.51,전남
2014.06,1.52,전남
2014.07,1.52,전남
2014.08,1.53,전남
2014.09,1.53,전남
2014.10,1.54,전남
2014.11,1.54,전남
2014.12,1.54,전남
2015.01,1.55,전남
2015.02,1.54,전남
2015.03,1.54,전남
2015.04,1.53,전남
2015.05,1.52,전남
2015.06,1.51,전남
2015.07,1.51,전남
2015.08,1.50,전남
2015.09,1.49,전남
2015.10,1.49,전남
2015.11,1.48,전남
2015.12,1.47,전남
2016.01,1.47,전남
2016.02,1.45,전남
2016.03,1.44,전남
2016.04,1.43,전남
2016.05,1.42,전남
2016.06,1.41,전남
2016.07,1.40,전남
2016.08,1.38,전남
2016.09,1.37,전남
2016.10,1.36,전남
2016.11,1.35,전남
2016.12,1.34,전남
2017.01,1.32,전남
2017.02,1.32,전남
2017.03,1.31,전남
2017.04,1.30,전남
2017.05,1.30,전남
2017.06,1.29,전남
2017.07,1.28,전남
2017.08,1.28,전남
2017.09,1.27,전남
2017.10,1.26,전남
2017.11,1.25,전남
2017.12,1.25,전남
2018.01,1.24,전남
2018.02,1.24,전남
2018.03,1.24,전남
2018.04,1.24,전남
2018.05,1.24,전남
2018.06,1.24,전남
2018.07,1.24,전남
2018.08,1.24,전남
2018.09,1.24,전남
2018.10,1.24,전남
2018.11,1.23,전남
2018.12,1.23,전남
2019.01,1.23,전남
2019.02,1.23,전남
2019.03,1.22,전남
2019.04,1.21,전남
2019.05,1.20,전남
2019.06,1.20,전남
2019.07,1.19,전남
2019.08,1.18,전남
2019.09,1.17,전남
2019.10,1.17,전남
2019.11,1.16,전남
2019.12,1.15,전남
2020.01,1.15,전남
2020.02,1.13,전남
2020.03,1.12,전남
2020.04,1.11,전남
2020.05,1.10,전남
2020.06,1.09,전남
2020.07,1.08,전남
2020.08,1.07,전남
2020.09,1.06,전남
2020.10,1.05,전남
2020.11,1.04,전남
2020.12,1.03,전남
2021.01,1.02,전남
2021.02,1.01,전남
2021.03,1.01,전남
2021.04,1.00,전남
2021.05,1.00,전남
2021.06,1.00,전남
2021.07,0.99,전남
2021.08,0.99,전남
2021.09,0.98,전남
2021.10,0.98,전남
2021.11,0.98,전남
2021.12,0.97,전남
2022.01,0.97,전남
2022.02,0.97,전남
2022.03,0.97,전남
2022.04,0.97,전남
2022.05,0.97,전남
2022.06,0.97,전남
2022.07,0.97,전남
2022.08,0.97,전남
2022.09,0.97,전남
2022.10,0.97,전남
2022.11,0.97,전남
2022.12,0.97,전남
2023.01,0.97,전남
2000.01,1.59,전북
2000.02,1.58,전북
2000.03,1.57,전북
2000.04,1.55,전북
2000.05,1.54,전북
2000.06,1.52,전북
2000.07,1.51,전북
2000.08,1.50,전북
2000.09,1.48,전북
2000.10,1.47,전북
2000.11,1.45,전북
2000.12,1.44,전북
2001.01,1.43,전북
2001.02,1.41,전북
2001.03,1.40,전북
2001.04,1.39,전북
2001.05,1.38,전북
2001.06,1.36,전북
2001.07,1.35,전북
2001.08,1.34,전북
2001.09,1.33,전북
2001.10,1.31,전북
2001.11,1.30,전북
2001.12,1.29,전북
2002.01,1.27,전북
2002.02,1.27,전북
2002.03,1.27,전북
2002.04,1.27,전북
2002.05,1.27,전북
2002.06,1.27,전북
2002.07,1.27,전북
2002.08,1.27,전북
2002.09,1.27,전북
2002.10,1.27,전북
2002.11,1.27,전북
2002.12,1.27,전북
2003.01,1.27,전북
2003.02,1.27,전북
2003.03,1.27,전북
2003.04,1.27,전북
2003.05,1.26,전북
2003.06,1.26,전북
2003.07,1.26,전북
2003.08,1.25,전북
2003.09,1.25,전북
2003.10,1.25,전북
2003.11,1.24,전북
2003.12,1.24,전북
2004.01,1.24,전북
2004.02,1.23,전북
2004.03,1.23,전북
2004.04,1.23,전북
2004.05,1.22,전북
2004.06,1.22,전북
2004.07,1.21,전북
2004.08,1.21,전북
2004.09,1.20,전북
2004.10,1.20,전북
2004.11,1.19,전북
2004.12,1.19,전북
2005.01,1.18,전북
2005.02,1.19,전북
2005.03,1.19,전북
2005.04,1.19,전북
2005.05,1.19,전북
2005.06,1.20,전북
2005.07,1.20,전북
2005.08,1.20,전북
2005.09,1.20,전북
2005.10,1.21,전북
2005.11,1.21,전북
2005.12,1.21,전북
2006.01,1.21,전북
2006.02,1.23,전북
2006.03,1.24,전북
2006.04,1.25,전북
2006.05,1.27,전북
2006.06,1.28,전북
2006.07,1.30,전북
2006.08,1.31,전북
2006.09,1.32,전북
2006.10,1.34,전북
2006.11,1.35,전북
2006.12,1.37,전북
2007.01,1.38,전북
2007.02,1.37,전북
2007.03,1.37,전북
2007.04,1.36,전북
2007.05,1.35,전북
2007.06,1.35,전북
2007.07,1.34,전북
2007.08,1.34,전북
2007.09,1.33,전북
2007.10,1.32,전북
2007.11,1.32,전북
2007.12,1.31,전북
2008.01,1.30,전북
2008.02,1.30,전북
2008.03,1.30,전북
2008.04,1.30,전북
2008.05,1.30,전북
2008.06,1.29,전북
2008.07,1.29,전북
2008.08,1.29,전북
2008.09,1.29,전북
2008.10,1.29,전북
2008.11,1.28,전북
2008.12,1.28,전북
2009.01,1.28,전북
2009.02,1.29,전북
2009.03,1.29,전북
2009.04,1.30,전북
2009.05,1.31,전북
2009.06,1.32,전북
2009.07,1.33,전북
2009.08,1.33,전북
2009.09,1.34,전북
2009.10,1.35,전북
2009.11,1.36,전북
2009.12,1.37,전북
2010.01,1.37,전북
2010.02,1.38,전북
2010.03,1.38,전북
2010.04,1.38,전북
2010.05,1.38,전북
2010.06,1.39,전북
2010.07,1.39,전북
2010.08,1.39,전북
2010.09,1.39,전북
2010.10,1.40,전북
2010.11,1.40,전북
2010.12,1.40,전북
2011.01,1.41,전북
2011.02,1.41,전북
2011.03,1.41,전북
2011.04,1.41,전북
2011.05,1.42,전북
2011.06,1.42,전북
2011.07,1.42,전북
2011.08,1.43,전북
2011.09,1.43,전북
2011.10,1.43,전북
2011.11,1.43,전북
2011.12,1.44,전북
2012.01,1.44,전북
2012.02,1.43,전북
2012.03,1.42,전북
2012.04,1.41,전북
2012.05,1.40,전북
2012.06,1.39,전북
2012.07,1.38,전북
2012.08,1.37,전북
2012.09,1.36,전북
2012.10,1.35,전북
2012.11,1.34,전북
2012.12,1.33,전북
2013.01,1.32,전북
2013.02,1.32,전북
2013.03,1.32,전북
2013.04,1.32,전북
2013.05,1.32,전북
2013.06,1.32,전북
2013.07,1.32,전북
2013.08,1.33,전북
2013.09,1.33,전북
2013.10,1.33,전북
2013.11,1.33,전북
2013.12,1.33,전북
2014.01,1.33,전북
2014.02,1.33,전북
2014.03,1.33,전북
2014.04,1.33,전북
2014.05,1.34,전북
2014.06,1.34,전북
2014.07,1.34,전북
2014.08,1.34,전북
2014.09,1.34,전북
2014.10,1.35,전북
2014.11,1.35,전북
2014.12,1.35,전북
2015.01,1.35,전북
2015.02,1.34,전북
2015.03,1.34,전북
2015.04,1.33,전북
2015.05,1.32,전북
2015.06,1.31,전북
2015.07,1.30,전북
2015.08,1.29,전북
2015.09,1.28,전북
2015.10,1.28,전북
2015.11,1.27,전북
2015.12,1.26,전북
2016.01,1.25,전북
2016.02,1.24,전북
2016.03,1.23,전북
2016.04,1.23,전북
2016.05,1.22,전북
2016.06,1.21,전북
2016.07,1.20,전북
2016.08,1.19,전북
2016.09,1.18,전북
2016.10,1.18,전북
2016.11,1.17,전북
2016.12,1.16,전북
2017.01,1.15,전북
2017.02,1.14,전북
2017.03,1.13,전북
2017.04,1.12,전북
2017.05,1.12,전북
2017.06,1.11,전북
2017.07,1.10,전북
2017.08,1.09,전북
2017.09,1.08,전북
2017.10,1.07,전북
2017.11,1.06,전북
2017.12,1.05,전북
2018.01,1.04,전북
2018.02,1.04,전북
2018.03,1.03,전북
2018.04,1.03,전북
2018.05,1.02,전북
2018.06,1.01,전북
2018.07,1.01,전북
2018.08,1.00,전북
2018.09,1.00,전북
2018.10,0.99,전북
2018.11,0.98,전북
2018.12,0.98,전북
2019.01,0.97,전북
2019.02,0.97,전북
2019.03,0.96,전북
2019.04,0.96,전북
2019.05,0.95,전북
2019.06,0.95,전북
2019.07,0.94,전북
2019.08,0.93,전북
2019.09,0.93,전북
2019.10,0.92,전북
2019.11,0.92,전북
2019.12,0.91,전북
2020.01,0.91,전북
2020.02,0.90,전북
2020.03,0.90,전북
2020.04,0.89,전북
2020.05,0.89,전북
2020.06,0.88,전북
2020.07,0.88,전북
2020.08,0.87,전북
2020.09,0.87,전북
2020.10,0.86,전북
2020.11,0.86,전북
2020.12,0.85,전북
2021.01,0.85,전북
2021.02,0.85,전북
2021.03,0.84,전북
2021.04,0.84,전북
2021.05,0.84,전북
2021.06,0.84,전북
2021.07,0.83,전북
2021.08,0.83,전북
2021.09,0.83,전북
2021.10,0.83,전북
2021.11,0.82,전북
2021.12,0.82,전북
2022.01,0.82,전북
2022.02,0.81,전북
2022.03,0.81,전북
2022.04,0.81,전북
2022.05,0.80,전북
2022.06,0.80,전북
2022.07,0.80,전북
2022.08,0.80,전북
2022.09,0.79,전북
2022.10,0.79,전북
2022.11,0.79,전북
2022.12,0.78,전북
2023.01,0.78,전북
2000.01,1.78,제주
2000.02,1.76,제주
2000.03,1.75,제주
2000.04,1.73,제주
2000.05,1.71,제주
2000.06,1.69,제주
2000.07,1.67,제주
2000.08,1.66,제주
2000.09,1.64,제주
2000.10,1.62,제주
2000.11,1.60,제주
2000.12,1.58,제주
2001.01,1.56,제주
2001.02,1.55,제주
2001.03,1.54,제주
2001.04,1.52,제주
2001.05,1.51,제주
2001.06,1.49,제주
2001.07,1.48,제주
2001.08,1.46,제주
2001.09,1.45,제주
2001.10,1.44,제주
2001.11,1.42,제주
2001.12,1.41,제주
2002.01,1.39,제주
2002.02,1.40,제주
2002.03,1.40,제주
2002.04,1.40,제주
2002.05,1.41,제주
2002.06,1.41,제주
2002.07,1.42,제주
2002.08,1.42,제주
2002.09,1.42,제주
2002.10,1.43,제주
2002.11,1.43,제주
2002.12,1.43,제주
2003.01,1.44,제주
2003.02,1.43,제주
2003.03,1.43,제주
2003.04,1.42,제주
2003.05,1.41,제주
2003.06,1.41,제주
2003.07,1.40,제주
2003.08,1.40,제주
2003.09,1.39,제주
2003.10,1.38,제주
2003.11,1.38,제주
2003.12,1.37,제주
2004.01,1.36,제주
2004.02,1.36,제주
2004.03,1.36,제주
2004.04,1.35,제주
2004.05,1.35,제주
2004.06,1.34,제주
2004.07,1.34,제주
2004.08,1.33,제주
2004.09,1.33,제주
2004.10,1.32,제주
2004.11,1.32,제주
2004.12,1.31,제주
2005.01,1.31,제주
2005.02,1.32,제주
2005.03,1.32,제주
2005.04,1.33,제주
2005.05,1.33,제주
2005.06,1.34,제주
2005.07,1.34,제주
2005.08,1.35,제주
2005.09,1.35,제주
2005.10,1.36,제주
2005.11,1.36,제주
2005.12,1.37,제주
2006.01,1.37,제주
2006.02,1.38,제주
2006.03,1.39,제주
2006.04,1.40,제주
2006.05,1.41,제주
2006.06,1.42,제주
2006.07,1.43,제주
2006.08,1.44,제주
2006.09,1.45,제주
2006.10,1.46,제주
2006.11,1.47,제주
2006.12,1.48,제주
2007.01,1.49,제주
2007.02,1.48,제주
2007.03,1.47,제주
2007.04,1.46,제주
2007.05,1.45,제주
2007.06,1.45,제주
2007.07,1.44,제주
2007.08,1.43,제주
2007.09,1.42,제주
2007.10,1.41,제주
2007.11,1.40,제주
2007.12,1.39,제주
2008.01,1.39,제주
2008.02,1.39,제주
2008.03,1.38,제주
2008.04,1.38,제주
2008.05,1.38,제주
2008.06,1.38,제주
2008.07,1.38,제주
2008.08,1.38,제주
2008.09,1.38,제주
2008.10,1.38,제주
2008.11,1.38,제주
2008.12,1.38,제주
2009.01,1.38,제주
2009.02,1.39,제주
2009.03,1.39,제주
2009.04,1.40,제주
2009.05,1.41,제주
2009.06,1.41,제주
2009.07,1.42,제주
2009.08,1.43,제주
2009.09,1.43,제주
2009.10,1.44,제주
2009.11,1.45,제주
2009.12,1.46,제주
2010.01,1.46,제주
2010.02,1.47,제주
2010.03,1.47,제주
2010.04,1.47,제주
2010.05,1.47,제주
2010.06,1.47,제주
2010.07,1.48,제주
2010.08,1.48,제주
2010.09,1.48,제주
2010.10,1.48,제주
2010.11,1.48,제주
2010.12,1.49,제주
2011.01,1.49,제주
2011.02,1.50,제주
2011.03,1.51,제주
2011.04,1.51,제주
2011.05,1.52,제주
2011.06,1.53,제주
2011.07,1.54,제주
2011.08,1.55,제주
2011.09,1.56,제주
2011.10,1.57,제주
2011.11,1.58,제주
2011.12,1.59,제주
2012.01,1.60,제주
2012.02,1.58,제주
2012.03,1.57,제주
2012.04,1.56,제주
2012.05,1.54,제주
2012.06,1.53,제주
2012.07,1.51,제주
2012.08,1.50,제주
2012.09,1.48,제주
2012.10,1.47,제주
2012.11,1.46,제주
2012.12,1.44,제주
2013.01,1.43,제주
2013.02,1.43,제주
2013.03,1.44,제주
2013.04,1.44,제주
2013.05,1.45,제주
2013.06,1.45,제주
2013.07,1.45,제주
2013.08,1.46,제주
2013.09,1.46,제주
2013.10,1.47,제주
2013.11,1.47,제주
2013.12,1.48,제주
2014.01,1.48,제주
2014.02,1.48,제주
2014.03,1.48,제주
2014.04,1.48,제주
2014.05,1.48,제주
2014.06,1.48,제주
2014.07,1.48,제주
2014.08,1.48,제주
2014.09,1.48,제주
2014.10,1.48,제주
2014.11,1.48,제주
2014.12,1.48,제주
2015.01,1.48,제주
2015.02,1.47,제주
2015.03,1.47,제주
2015.04,1.47,제주
2015.05,1.46,제주
2015.06,1.46,제주
2015.07,1.45,제주
2015.08,1.45,제주
2015.09,1.45,제주
2015.10,1.44,제주
2015.11,1.44,제주
2015.12,1.44,제주
2016.01,1.43,제주
2016.02,1.42,제주
2016.03,1.41,제주
2016.04,1.40,제주
2016.05,1.39,제주
2016.06,1.38,제주
2016.07,1.37,제주
2016.08,1.36,제주
2016.09,1.35,제주
2016.10,1.34,제주
2016.11,1.33,제주
2016.12,1.32,제주
2017.01,1.30,제주
2017.02,1.30,제주
2017.03,1.29,제주
2017.04,1.28,제주
2017.05,1.28,제주
2017.06,1.27,제주
2017.07,1.26,제주
2017.08,1.26,제주
2017.09,1.25,제주
2017.10,1.24,제주
2017.11,1.23,제주
2017.12,1.23,제주
2018.01,1.22,제주
2018.02,1.21,제주
2018.03,1.21,제주
2018.04,1.20,제주
2018.05,1.20,제주
2018.06,1.19,제주
2018.07,1.18,제주
2018.08,1.18,제주
2018.09,1.17,제주
2018.10,1.16,제주
2018.11,1.16,제주
2018.12,1.15,제주
2019.01,1.15,제주
2019.02,1.13,제주
2019.03,1.12,제주
2019.04,1.11,제주
2019.05,1.10,제주
2019.06,1.09,제주
2019.07,1.08,제주
2019.08,1.07,제주
2019.09,1.06,제주
2019.10,1.05,제주
2019.11,1.04,제주
2019.12,1.03,제주
2020.01,1.02,제주
2020.02,1.02,제주
2020.03,1.01,제주
2020.04,1.00,제주
2020.05,1.00,제주
2020.06,0.99,제주
2020.07,0.99,제주
2020.08,0.98,제주
2020.09,0.97,제주
2020.10,0.97,제주
2020.11,0.96,제주
2020.12,0.96,제주
2021.01,0.95,제주
2021.02,0.95,제주
2021.03,0.95,제주
2021.04,0.94,제주
2021.05,0.94,제주
2021.06,0.94,제주
2021.07,0.94,제주
2021.08,0.93,제주
2021.09,0.93,제주
2021.10,0.93,제주
2021.11,0.92,제주
2021.12,0.92,제주
2022.01,0.92,제주
2022.02,0.91,제주
2022.03,0.90,제주
2022.04,0.90,제주
2022.05,0.89,제주
2022.06,0.88,제주
2022.07,0.87,제주
2022.08,0.87,제주
2022.09,0.86,제주
2022.10,0.85,제주
2022.11,0.84,제주
2022.12,0.83,제주
2023.01,0.83,제주
2000.01,1.70,충남
2000.02,1.68,충남
2000.03,1.67,충남
2000.04,1.66,충남
2000.05,1.64,충남
2000.06,1.63,충남
2000.07,1.61,충남
2000.08,1.60,충남
2000.09,1.59,충남
2000.10,1.57,충남
2000.11,1.56,충남
2000.12,1.55,충남
2001.01,1.53,충남
2001.02,1.52,충남
2001.03,1.50,충남
2001.04,1.49,충남
2001.05,1.48,충남
2001.06,1.46,충남
2001.07,1.45,충남
2001.08,1.43,충남
2001.09,1.42,충남
2001.10,1.40,충남
2001.11,1.39,충남
2001.12,1.38,충남
2002.01,1.36,충남
2002.02,1.36,충남
2002.03,1.36,충남
2002.04,1.36,충남
2002.05,1.36,충남
2002.06,1.36,충남
2002.07,1.36,충남
2002.08,1.36,충남
2002.09,1.36,충남
2002.10,1.36,충남
2002.11,1.36,충남
2002.12,1.36,충남
2003.01,1.36,충남
2003.02,1.36,충남
2003.03,1.36,충남
2003.04,1.36,충남
2003.05,1.36,충남
2003.06,1.36,충남
2003.07,1.36,충남
2003.08,1.36,충남
2003.09,1.36,충남
2003.10,1.36,충남
2003.11,1.36,충남
2003.12,1.36,충남
2004.01,1.36,충남
2004.02,1.35,충남
2004.03,1.34,충남
2004.04,1.33,충남
2004.05,1.33,충남
2004.06,1.32,충남
2004.07,1.31,충남
2004.08,1.30,충남
2004.09,1.30,충남
2004.10,1.29,충남
2004.11,1.28,충남
2004.12,1.27,충남
2005.01,1.27,충남
2005.02,1.27,충남
2005.03,1.28,충남
2005.04,1.29,충남
2005.05,1.30,충남
2005.06,1.30,충남
2005.07,1.31,충남
2005.08,1.32,충남
2005.09,1.33,충남
2005.10,1.33,충남
2005.11,1.34,충남
2005.12,1.35,충남
2006.01,1.36,충남
2006.02,1.37,충남
2006.03,1.38,충남
2006.04,1.39,충남
2006.05,1.41,충남
2006.06,1.42,충남
2006.07,1.43,충남
2006.08,1.44,충남
2006.09,1.46,충남
2006.10,1.47,충남
2006.11,1.48,충남
2006.12,1.49,충남
2007.01,1.51,충남
2007.02,1.50,충남
2007.03,1.50,충남
2007.04,1.49,충남
2007.05,1.49,충남
2007.06,1.48,충남
2007.07,1.48,충남
2007.08,1.47,충남
2007.09,1.46,충남
2007.10,1.46,충남
2007.11,1.45,충남
2007.12,1.45,충남
2008.01,1.44,충남
2008.02,1.44,충남
2008.03,1.44,충남
2008.04,1.44,충남
2008.05,1.43,충남
2008.06,1.43,충남
2008.07,1.43,충남
2008.08,1.42,충남
2008.09,1.42,충남
2008.10,1.42,충남
2008.11,1.41,충남
2008.12,1.41,충남
2009.01,1.41,충남
2009.02,1.41,충남
2009.03,1.42,충남
2009.04,1.43,충남
2009.05,1.43,충남
2009.06,1.44,충남
2009.07,1.44,충남
2009.08,1.45,충남
2009.09,1.46,충남
2009.10,1.46,충남
2009.11,1.47,충남
2009.12,1.47,충남
2010.01,1.48,충남
2010.02,1.48,충남
2010.03,1.48,충남
2010.04,1.48,충남
2010.05,1.48,충남
2010.06,1.49,충남
2010.07,1.49,충남
2010.08,1.49,충남
2010.09,1.49,충남
2010.10,1.49,충남
2010.11,1.49,충남
2010.12,1.49,충남
2011.01,1.50,충남
2011.02,1.50,충남
2011.03,1.51,충남
2011.04,1.51,충남
2011.05,1.52,충남
2011.06,1.53,충남
2011.07,1.53,충남
2011.08,1.54,충남
2011.09,1.55,충남
2011.10,1.55,충남
2011.11,1.56,충남
2011.12,1.56,충남
2012.01,1.57,충남
2012.02,1.56,충남
2012.03,1.55,충남
2012.04,1.54,충남
2012.05,1.53,충남
2012.06,1.52,충남
2012.07,1.51,충남
2012.08,1.50,충남
2012.09,1.48,충남
2012.10,1.47,충남
2012.11,1.46,충남
2012.12,1.45,충남
2013.01,1.44,충남
2013.02,1.44,충남
2013.03,1.44,충남
2013.04,1.44,충남
2013.05,1.44,충남
2013.06,1.43,충남
2013.07,1.43,충남
2013.08,1.43,충남
2013.09,1.43,충남
2013.10,1.43,충남
2013.11,1.42,충남
2013.12,1.42,충남
2014.01,1.42,충남
2014.02,1.43,충남
2014.03,1.43,충남
2014.04,1.44,충남
2014.05,1.44,충남
2014.06,1.45,충남
2014.07,1.45,충남
2014.08,1.46,충남
2014.09,1.46,충남
2014.10,1.47,충남
2014.11,1.47,충남
2014.12,1.48,충남
2015.01,1.48,충남
2015.02,1.47,충남
2015.03,1.47,충남
2015.04,1.46,충남
2015.05,1.45,충남
2015.06,1.44,충남
2015.07,1.44,충남
2015.08,1.43,충남
2015.09,1.42,충남
2015.10,1.42,충남
2015.11,1.41,충남
2015.12,1.40,충남
2016.01,1.40,충남
2016.02,1.39,충남
2016.03,1.38,충남
2016.04,1.37,충남
2016.05,1.36,충남
2016.06,1.35,충남
2016.07,1.34,충남
2016.08,1.33,충남
2016.09,1.32,충남
2016.10,1.31,충남
2016.11,1.30,충남
2016.12,1.29,충남
2017.01,1.28,충남
2017.02,1.27,충남
2017.03,1.26,충남
2017.04,1.25,충남
2017.05,1.25,충남
2017.06,1.24,충남
2017.07,1.23,충남
2017.08,1.22,충남
2017.09,1.22,충남
2017.10,1.21,충남
2017.11,1.20,충남
2017.12,1.19,충남
2018.01,1.19,충남
2018.02,1.18,충남
2018.03,1.17,충남
2018.04,1.17,충남
2018.05,1.16,충남
2018.06,1.16,충남
2018.07,1.15,충남
2018.08,1.14,충남
2018.09,1.14,충남
2018.10,1.13,충남
2018.11,1.12,충남
2018.12,1.12,충남
2019.01,1.11,충남
2019.02,1.11,충남
2019.03,1.10,충남
2019.04,1.09,충남
2019.05,1.08,충남
2019.06,1.08,충남
2019.07,1.07,충남
2019.08,1.06,충남
2019.09,1.06,충남
2019.10,1.05,충남
2019.11,1.04,충남
2019.12,1.04,충남
2020.01,1.03,충남
2020.02,1.02,충남
2020.03,1.02,충남
2020.04,1.01,충남
2020.05,1.01,충남
2020.06,1.00,충남
2020.07,1.00,충남
2020.08,0.99,충남
2020.09,0.98,충남
2020.10,0.98,충남
2020.11,0.97,충남
2020.12,0.97,충남
2021.01,0.96,충남
2021.02,0.96,충남
2021.03,0.95,충남
2021.04,0.95,충남
2021.05,0.94,충남
2021.06,0.94,충남
2021.07,0.94,충남
2021.08,0.93,충남
2021.09,0.93,충남
2021.10,0.92,충남
2021.11,0.92,충남
2021.12,0.91,충남
2022.01,0.91,충남
2022.02,0.90,충남
2022.03,0.90,충남
2022.04,0.89,충남
2022.05,0.89,충남
2022.06,0.88,충남
2022.07,0.88,충남
2022.08,0.87,충남
2022.09,0.86,충남
2022.10,0.86,충남
2022.11,0.85,충남
2022.12,0.85,충남
2023.01,0.84,충남
2000.01,1.58,충북
2000.02,1.57,충북
2000.03,1.56,충북
2000.04,1.54,충북
2000.05,1.53,충북
2000.06,1.52,충북
2000.07,1.50,충북
2000.08,1.49,충북
2000.09,1.48,충북
2000.10,1.47,충북
2000.11,1.45,충북
2000.12,1.44,충북
2001.01,1.43,충북
2001.02,1.42,충북
2001.03,1.40,충북
2001.04,1.39,충북
2001.05,1.38,충북
2001.06,1.37,충북
2001.07,1.36,충북
2001.08,1.35,충북
2001.09,1.34,충북
2001.10,1.33,충북
2001.11,1.32,충북
2001.12,1.30,충북
2002.01,1.29,충북
2002.02,1.29,충북
2002.03,1.29,충북
2002.04,1.29,충북
2002.05,1.29,충북
2002.06,1.28,충북
2002.07,1.28,충북
2002.08,1.28,충북
2002.09,1.28,충북
2002.10,1.28,충북
2002.11,1.27,충북
2002.12,1.27,충북
2003.01,1.27,충북
2003.02,1.27,충북
2003.03,1.27,충북
2003.04,1.27,충북
2003.05,1.27,충북
2003.06,1.27,충북
2003.07,1.27,충북
2003.08,1.27,충북
2003.09,1.27,충북
2003.10,1.27,충북
2003.11,1.27,충북
2003.12,1.27,충북
2004.01,1.27,충북
2004.02,1.27,충북
2004.03,1.26,충북
2004.04,1.25,충북
2004.05,1.25,충북
2004.06,1.24,충북
2004.07,1.23,충북
2004.08,1.23,충북
2004.09,1.22,충북
2004.10,1.21,충북
2004.11,1.21,충북
2004.12,1.20,충북
2005.01,1.20,충북
2005.02,1.20,충북
2005.03,1.20,충북
2005.04,1.20,충북
2005.05,1.21,충북
2005.06,1.21,충북
2005.07,1.21,충북
2005.08,1.22,충북
2005.09,1.22,충북
2005.10,1.22,충북
2005.11,1.23,충북
2005.12,1.23,충북
2006.01,1.23,충북
2006.02,1.25,충북
2006.03,1.26,충북
2006.04,1.27,충북
2006.05,1.29,충북
2006.06,1.30,충북
2006.07,1.32,충북
2006.08,1.33,충북
2006.09,1.34,충북
2006.10,1.36,충북
2006.11,1.37,충북
2006.12,1.38,충북
2007.01,1.40,충북
2007.02,1.39,충북
2007.03,1.38,충북
2007.04,1.38,충북
2007.05,1.37,충북
2007.06,1.37,충북
2007.07,1.36,충북
2007.08,1.35,충북
2007.09,1.35,충북
2007.10,1.34,충북
2007.11,1.33,충북
2007.12,1.33,충북
2008.01,1.32,충북
2008.02,1.32,충북
2008.03,1.32,충북
2008.04,1.32,충북
2008.05,1.32,충북
2008.06,1.32,충북
2008.07,1.32,충북
2008.08,1.32,충북
2008.09,1.32,충북
2008.10,1.32,충북
2008.11,1.32,충북
2008.12,1.32,충북
2009.01,1.32,충북
2009.02,1.32,충북
2009.03,1.33,충북
2009.04,1.34,충북
2009.05,1.35,충북
2009.06,1.35,충북
2009.07,1.36,충북
2009.08,1.37,충북
2009.09,1.37,충북
2009.10,1.38,충북
2009.11,1.39,충북
2009.12,1.39,충북
2010.01,1.40,충북
2010.02,1.40,충북
2010.03,1.41,충북
2010.04,1.41,충북
2010.05,1.41,충북
2010.06,1.41,충북
2010.07,1.42,충북
2010.08,1.42,충북
2010.09,1.42,충북
2010.10,1.42,충북
2010.11,1.42,충북
2010.12,1.43,충북
2011.01,1.43,충북
2011.02,1.43,충북
2011.03,1.44,충북
2011.04,1.44,충북
2011.05,1.45,충북
2011.06,1.45,충북
2011.07,1.46,충북
2011.08,1.46,충북
2011.09,1.47,충북
2011.10,1.47,충북
2011.11,1.48,충북
2011.12,1.48,충북
2012.01,1.49,충북
2012.02,1.48,충북
2012.03,1.47,충북
2012.04,1.46,충북
2012.05,1.45,충북
2012.06,1.44,충북
2012.07,1.43,충북
2012.08,1.42,충북
2012.09,1.41,충북
2012.10,1.40,충북
2012.11,1.39,충북
2012.12,1.38,충북
2013.01,1.36,충북
2013.02,1.36,충북
2013.03,1.36,충북
2013.04,1.36,충북
2013.05,1.36,충북
2013.06,1.36,충북
2013.07,1.36,충북
2013.08,1.36,충북
2013.09,1.36,충북
2013.10,1.36,충북
2013.11,1.36,충북
2013.12,1.36,충북
2014.01,1.36,충북
2014.02,1.37,충북
2014.03,1.37,충북
2014.04,1.38,충북
2014.05,1.38,충북
2014.06,1.38,충북
2014.07,1.39,충북
2014.08,1.39,충북
2014.09,1.40,충북
2014.10,1.40,충북
2014.11,1.41,충북
2014.12,1.41,충북
2015.01,1.41,충북
2015.02,1.41,충북
2015.03,1.40,충북
2015.04,1.40,충북
2015.05,1.40,충북
2015.06,1.39,충북
2015.07,1.39,충북
2015.08,1.38,충북
2015.09,1.38,충북
2015.10,1.37,충북
2015.11,1.37,충북
2015.12,1.36,충북
2016.01,1.36,충북
2016.02,1.35,충북
2016.03,1.34,충북
2016.04,1.33,충북
2016.05,1.32,충북
2016.06,1.31,충북
2016.07,1.30,충북
2016.08,1.29,충북
2016.09,1.28,충북
2016.10,1.27,충북
2016.11,1.26,충북
2016.12,1.25,충북
2017.01,1.24,충북
2017.02,1.23,충북
2017.03,1.22,충북
2017.04,1.22,충북
2017.05,1.21,충북
2017.06,1.21,충북
2017.07,1.20,충북
2017.08,1.20,충북
2017.09,1.19,충북
2017.10,1.19,충북
2017.11,1.18,충북
2017.12,1.18,충북
2018.01,1.17,충북
2018.02,1.16,충북
2018.03,1.15,충북
2018.04,1.14,충북
2018.05,1.13,충북
2018.06,1.12,충북
2018.07,1.11,충북
2018.08,1.10,충북
2018.09,1.09,충북
2018.10,1.08,충북
2018.11,1.07,충북
2018.12,1.06,충북
2019.01,1.05,충북
2019.02,1.04,충북
2019.03,1.04,충북
2019.04,1.03,충북
2019.05,1.03,충북
2019.06,1.02,충북
2019.07,1.02,충북
2019.08,1.01,충북
2019.09,1.01,충북
2019.10,1.00,충북
2019.11,0.99,충북
2019.12,0.99,충북
2020.01,0.98,충북
2020.02,0.98,충북
2020.03,0.98,충북
2020.04,0.97,충북
2020.05,0.97,충북
2020.06,0.97,충북
2020.07,0.97,충북
2020.08,0.96,충북
2020.09,0.96,충북
2020.10,0.96,충북
2020.11,0.95,충북
2020.12,0.95,충북
2021.01,0.95,충북
2021.02,0.94,충북
2021.03,0.94,충북
2021.04,0.93,충북
2021.05,0.92,충북
2021.06,0.92,충북
2021.07,0.91,충북
2021.08,0.90,충북
2021.09,0.90,충북
2021.10,0.89,충북
2021.11,0.88,충북
2021.12,0.88,충북
2022.01,0.87,충북
2022.02,0.87,충북
2022.03,0.87,충북
2022.04,0.87,충북
2022.05,0.88,충북
2022.06,0.88,충북
2022.07,0.88,충북
2022.08,0.88,충북
2022.09,0.88,충북
2022.10,0.88,충북
2022.11,0.88,충북
2022.12,0.88,충북
2023.01,0.89,충북
