주택유형별,주택규모별,지역별,시점,ratio,년도
아파트,규모1,서울,2012.01,,2012
아파트,규모2,서울,2012.01,71.82669086,2012
아파트,규모3,서울,2012.01,78.57472787,2012
아파트,규모4,서울,2012.01,80.53102683,2012
아파트,규모5,서울,2012.01,87.68060283,2012
아파트,규모6,서울,2012.01,93.58775312,2012
연립다세대,규모1,서울,2012.01,,2012
연립다세대,규모2,서울,2012.01,93.85504656,2012
연립다세대,규모3,서울,2012.01,93.65933092,2012
연립다세대,규모4,서울,2012.01,94.87640721,2012
단독주택,규모1,서울,2012.01,79.75619646,2012
단독주택,규모2,서울,2012.01,81.0843069,2012
단독주택,규모3,서울,2012.01,81.87812701,2012
아파트,규모1,서울,2012.02,,2012
아파트,규모2,서울,2012.02,71.74163789,2012
아파트,규모3,서울,2012.02,78.38718461,2012
아파트,규모4,서울,2012.02,80.27061556,2012
아파트,규모5,서울,2012.02,87.28425706,2012
아파트,규모6,서울,2012.02,93.05916798,2012
연립다세대,규모1,서울,2012.02,,2012
연립다세대,규모2,서울,2012.02,93.88408503,2012
연립다세대,규모3,서울,2012.02,93.62860592,2012
연립다세대,규모4,서울,2012.02,94.82353756,2012
단독주택,규모1,서울,2012.02,79.75619646,2012
단독주택,규모2,서울,2012.02,81.06252131,2012
단독주택,규모3,서울,2012.02,81.86343678,2012
아파트,규모1,서울,2012.03,,2012
아파트,규모2,서울,2012.03,71.46955229,2012
아파트,규모3,서울,2012.03,78.0355708,2012
아파트,규모4,서울,2012.03,80.07621345,2012
아파트,규모5,서울,2012.03,86.88974682,2012
아파트,규모6,서울,2012.03,92.43040153,2012
연립다세대,규모1,서울,2012.03,,2012
연립다세대,규모2,서울,2012.03,93.64245744,2012
연립다세대,규모3,서울,2012.03,93.47488695,2012
연립다세대,규모4,서울,2012.03,94.69263432,2012
단독주택,규모1,서울,2012.03,79.42974693,2012
단독주택,규모2,서울,2012.03,80.86633013,2012
단독주택,규모3,서울,2012.03,82.3765682,2012
아파트,규모1,서울,2012.04,,2012
아파트,규모2,서울,2012.04,71.13935178,2012
아파트,규모3,서울,2012.04,77.57280212,2012
아파트,규모4,서울,2012.04,79.53338634,2012
아파트,규모5,서울,2012.04,86.41956563,2012
아파트,규모6,서울,2012.04,91.54050542,2012
연립다세대,규모1,서울,2012.04,,2012
연립다세대,규모2,서울,2012.04,93.49535707,2012
연립다세대,규모3,서울,2012.04,93.26286627,2012
연립다세대,규모4,서울,2012.04,94.54982037,2012
단독주택,규모1,서울,2012.04,78.85774674,2012
단독주택,규모2,서울,2012.04,80.15344348,2012
단독주택,규모3,서울,2012.04,81.39415071,2012
아파트,규모1,서울,2012.05,,2012
아파트,규모2,서울,2012.05,70.7401533,2012
아파트,규모3,서울,2012.05,77.17504746,2012
아파트,규모4,서울,2012.05,79.00827051,2012
아파트,규모5,서울,2012.05,85.89494565,2012
아파트,규모6,서울,2012.05,91.16831818,2012
연립다세대,규모1,서울,2012.05,,2012
연립다세대,규모2,서울,2012.05,93.30053965,2012
연립다세대,규모3,서울,2012.05,93.19569993,2012
연립다세대,규모4,서울,2012.05,94.03947755,2012
단독주택,규모1,서울,2012.05,78.75197818,2012
단독주택,규모2,서울,2012.05,80.0632508,2012
단독주택,규모3,서울,2012.05,81.29304751,2012
아파트,규모1,서울,2012.06,,2012
아파트,규모2,서울,2012.06,70.20949354,2012
아파트,규모3,서울,2012.06,76.58288072,2012
아파트,규모4,서울,2012.06,78.41170105,2012
아파트,규모5,서울,2012.06,85.19277117,2012
아파트,규모6,서울,2012.06,90.26895451,2012
연립다세대,규모1,서울,2012.06,,2012
연립다세대,규모2,서울,2012.06,93.29549258,2012
연립다세대,규모3,서울,2012.06,93.0665172,2012
연립다세대,규모4,서울,2012.06,93.8430124,2012
단독주택,규모1,서울,2012.06,78.75047211,2012
단독주택,규모2,서울,2012.06,80.03984429,2012
단독주택,규모3,서울,2012.06,80.77175341,2012
아파트,규모1,서울,2012.07,,2012
아파트,규모2,서울,2012.07,69.76005519,2012
아파트,규모3,서울,2012.07,76.09074329,2012
아파트,규모4,서울,2012.07,77.99492595,2012
아파트,규모5,서울,2012.07,84.49680417,2012
아파트,규모6,서울,2012.07,89.48846238,2012
연립다세대,규모1,서울,2012.07,,2012
연립다세대,규모2,서울,2012.07,93.13659719,2012
연립다세대,규모3,서울,2012.07,92.87368589,2012
연립다세대,규모4,서울,2012.07,93.64553695,2012
단독주택,규모1,서울,2012.07,78.78454013,2012
단독주택,규모2,서울,2012.07,79.92473292,2012
단독주택,규모3,서울,2012.07,80.53027868,2012
아파트,규모1,서울,2012.08,,2012
아파트,규모2,서울,2012.08,69.15953013,2012
아파트,규모3,서울,2012.08,75.46704578,2012
아파트,규모4,서울,2012.08,77.24379712,2012
아파트,규모5,서울,2012.08,83.56382685,2012
아파트,규모6,서울,2012.08,88.54110039,2012
연립다세대,규모1,서울,2012.08,,2012
연립다세대,규모2,서울,2012.08,92.94370551,2012
연립다세대,규모3,서울,2012.08,92.76311793,2012
연립다세대,규모4,서울,2012.08,93.31520976,2012
단독주택,규모1,서울,2012.08,78.62501512,2012
단독주택,규모2,서울,2012.08,79.72123167,2012
단독주택,규모3,서울,2012.08,80.28871053,2012
아파트,규모1,서울,2012.09,,2012
아파트,규모2,서울,2012.09,68.74868576,2012
아파트,규모3,서울,2012.09,74.95788183,2012
아파트,규모4,서울,2012.09,76.67112707,2012
아파트,규모5,서울,2012.09,82.9454737,2012
아파트,규모6,서울,2012.09,87.96390239,2012
연립다세대,규모1,서울,2012.09,,2012
연립다세대,규모2,서울,2012.09,92.64798484,2012
연립다세대,규모3,서울,2012.09,92.54522999,2012
연립다세대,규모4,서울,2012.09,92.97626176,2012
단독주택,규모1,서울,2012.09,78.4586645,2012
단독주택,규모2,서울,2012.09,79.61784394,2012
단독주택,규모3,서울,2012.09,80.15177507,2012
아파트,규모1,서울,2012.10,,2012
아파트,규모2,서울,2012.10,68.37132402,2012
아파트,규모3,서울,2012.10,74.51868925,2012
아파트,규모4,서울,2012.10,76.16800539,2012
아파트,규모5,서울,2012.10,82.28040785,2012
아파트,규모6,서울,2012.10,87.31716979,2012
연립다세대,규모1,서울,2012.10,,2012
연립다세대,규모2,서울,2012.10,92.57508291,2012
연립다세대,규모3,서울,2012.10,92.27251309,2012
연립다세대,규모4,서울,2012.10,92.97458489,2012
단독주택,규모1,서울,2012.10,78.35467559,2012
단독주택,규모2,서울,2012.10,79.5455971,2012
단독주택,규모3,서울,2012.10,79.69155879,2012
아파트,규모1,서울,2012.11,,2012
아파트,규모2,서울,2012.11,68.11986933,2012
아파트,규모3,서울,2012.11,74.14040617,2012
아파트,규모4,서울,2012.11,75.75788293,2012
아파트,규모5,서울,2012.11,81.6915531,2012
아파트,규모6,서울,2012.11,86.64259998,2012
연립다세대,규모1,서울,2012.11,,2012
연립다세대,규모2,서울,2012.11,92.32368032,2012
연립다세대,규모3,서울,2012.11,92.16732861,2012
연립다세대,규모4,서울,2012.11,92.84373934,2012
단독주택,규모1,서울,2012.11,78.27701506,2012
단독주택,규모2,서울,2012.11,79.45857061,2012
단독주택,규모3,서울,2012.11,79.52168619,2012
아파트,규모1,서울,2012.12,,2012
아파트,규모2,서울,2012.12,67.86558326,2012
아파트,규모3,서울,2012.12,73.65470288,2012
아파트,규모4,서울,2012.12,75.62541116,2012
아파트,규모5,서울,2012.12,80.92804182,2012
아파트,규모6,서울,2012.12,85.33421234,2012
연립다세대,규모1,서울,2012.12,,2012
연립다세대,규모2,서울,2012.12,92.11975587,2012
연립다세대,규모3,서울,2012.12,91.7594539,2012
연립다세대,규모4,서울,2012.12,92.45392892,2012
단독주택,규모1,서울,2012.12,78.18606287,2012
단독주택,규모2,서울,2012.12,79.28353517,2012
단독주택,규모3,서울,2012.12,79.40171731,2012
아파트,규모1,서울,2013.01,,2013
아파트,규모2,서울,2013.01,67.53452814,2013
아파트,규모3,서울,2013.01,73.18340381,2013
아파트,규모4,서울,2013.01,74.95389354,2013
아파트,규모5,서울,2013.01,80.4983361,2013
아파트,규모6,서울,2013.01,84.20117621,2013
연립다세대,규모1,서울,2013.01,,2013
연립다세대,규모2,서울,2013.01,91.65142376,2013
연립다세대,규모3,서울,2013.01,91.34105887,2013
연립다세대,규모4,서울,2013.01,92.07825364,2013
단독주택,규모1,서울,2013.01,78.12238815,2013
단독주택,규모2,서울,2013.01,79.2073302,2013
단독주택,규모3,서울,2013.01,79.37268334,2013
아파트,규모1,서울,2013.02,,2013
아파트,규모2,서울,2013.02,67.40421573,2013
아파트,규모3,서울,2013.02,72.88583642,2013
아파트,규모4,서울,2013.02,74.38822114,2013
아파트,규모5,서울,2013.02,80.01632498,2013
아파트,규모6,서울,2013.02,83.73985221,2013
연립다세대,규모1,서울,2013.02,,2013
연립다세대,규모2,서울,2013.02,91.46514676,2013
연립다세대,규모3,서울,2013.02,91.10122437,2013
연립다세대,규모4,서울,2013.02,91.8977359,2013
단독주택,규모1,서울,2013.02,78.04147406,2013
단독주택,규모2,서울,2013.02,79.11975366,2013
단독주택,규모3,서울,2013.02,79.230375,2013
아파트,규모1,서울,2013.03,,2013
아파트,규모2,서울,2013.03,67.46042201,2013
아파트,규모3,서울,2013.03,72.73685339,2013
아파트,규모4,서울,2013.03,74.23393496,2013
아파트,규모5,서울,2013.03,79.80591453,2013
아파트,규모6,서울,2013.03,83.54662853,2013
연립다세대,규모1,서울,2013.03,,2013
연립다세대,규모2,서울,2013.03,91.30084591,2013
연립다세대,규모3,서울,2013.03,90.92652599,2013
연립다세대,규모4,서울,2013.03,91.64558843,2013
단독주택,규모1,서울,2013.03,78.12104645,2013
단독주택,규모2,서울,2013.03,79.29379551,2013
단독주택,규모3,서울,2013.03,79.24968836,2013
아파트,규모1,서울,2013.04,,2013
아파트,규모2,서울,2013.04,67.59836707,2013
아파트,규모3,서울,2013.04,72.9367915,2013
아파트,규모4,서울,2013.04,74.09618184,2013
아파트,규모5,서울,2013.04,79.64638247,2013
아파트,규모6,서울,2013.04,83.3666616,2013
연립다세대,규모1,서울,2013.04,,2013
연립다세대,규모2,서울,2013.04,91.04708506,2013
연립다세대,규모3,서울,2013.04,90.584058,2013
연립다세대,규모4,서울,2013.04,91.68941053,2013
단독주택,규모1,서울,2013.04,78.17419642,2013
단독주택,규모2,서울,2013.04,79.53878249,2013
단독주택,규모3,서울,2013.04,79.55481246,2013
아파트,규모1,서울,2013.05,,2013
아파트,규모2,서울,2013.05,67.85643987,2013
아파트,규모3,서울,2013.05,73.17390441,2013
아파트,규모4,서울,2013.05,74.06414134,2013
아파트,규모5,서울,2013.05,79.52860917,2013
아파트,규모6,서울,2013.05,83.20342797,2013
연립다세대,규모1,서울,2013.05,,2013
연립다세대,규모2,서울,2013.05,90.97917197,2013
연립다세대,규모3,서울,2013.05,90.50672671,2013
연립다세대,규모4,서울,2013.05,91.56795052,2013
단독주택,규모1,서울,2013.05,78.23067285,2013
단독주택,규모2,서울,2013.05,79.78349819,2013
단독주택,규모3,서울,2013.05,79.8274556,2013
아파트,규모1,서울,2013.06,,2013
아파트,규모2,서울,2013.06,67.83460156,2013
아파트,규모3,서울,2013.06,72.99351467,2013
아파트,규모4,서울,2013.06,73.81682943,2013
아파트,규모5,서울,2013.06,79.170382,2013
아파트,규모6,서울,2013.06,82.86614729,2013
연립다세대,규모1,서울,2013.06,,2013
연립다세대,규모2,서울,2013.06,90.73031934,2013
연립다세대,규모3,서울,2013.06,90.1832067,2013
연립다세대,규모4,서울,2013.06,91.29645775,2013
단독주택,규모1,서울,2013.06,78.26807281,2013
단독주택,규모2,서울,2013.06,79.76207139,2013
단독주택,규모3,서울,2013.06,79.5906206,2013
아파트,규모1,서울,2013.07,,2013
아파트,규모2,서울,2013.07,67.60303948,2013
아파트,규모3,서울,2013.07,72.58988785,2013
아파트,규모4,서울,2013.07,73.41878856,2013
아파트,규모5,서울,2013.07,78.55056251,2013
아파트,규모6,서울,2013.07,82.15494055,2013
연립다세대,규모1,서울,2013.07,,2013
연립다세대,규모2,서울,2013.07,90.38289304,2013
연립다세대,규모3,서울,2013.07,90.00957242,2013
연립다세대,규모4,서울,2013.07,91.0233054,2013
단독주택,규모1,서울,2013.07,78.25561383,2013
단독주택,규모2,서울,2013.07,79.6681269,2013
단독주택,규모3,서울,2013.07,79.45106342,2013
아파트,규모1,서울,2013.08,,2013
아파트,규모2,서울,2013.08,67.33207209,2013
아파트,규모3,서울,2013.08,72.28062536,2013
아파트,규모4,서울,2013.08,73.09890362,2013
아파트,규모5,서울,2013.08,78.02922906,2013
아파트,규모6,서울,2013.08,81.50051916,2013
연립다세대,규모1,서울,2013.08,,2013
연립다세대,규모2,서울,2013.08,90.05595813,2013
연립다세대,규모3,서울,2013.08,89.79381678,2013
연립다세대,규모4,서울,2013.08,90.80753593,2013
단독주택,규모1,서울,2013.08,78.21101176,2013
단독주택,규모2,서울,2013.08,79.48172678,2013
단독주택,규모3,서울,2013.08,79.2425821,2013
아파트,규모1,서울,2013.09,,2013
아파트,규모2,서울,2013.09,67.54588452,2013
아파트,규모3,서울,2013.09,72.32628721,2013
아파트,규모4,서울,2013.09,73.17284728,2013
아파트,규모5,서울,2013.09,77.91923322,2013
아파트,규모6,서울,2013.09,81.24285154,2013
연립다세대,규모1,서울,2013.09,,2013
연립다세대,규모2,서울,2013.09,89.98230568,2013
연립다세대,규모3,서울,2013.09,89.71710552,2013
연립다세대,규모4,서울,2013.09,90.82723186,2013
단독주택,규모1,서울,2013.09,78.25559097,2013
단독주택,규모2,서울,2013.09,79.46146102,2013
단독주택,규모3,서울,2013.09,79.2979862,2013
아파트,규모1,서울,2013.10,,2013
아파트,규모2,서울,2013.10,68.07241953,2013
아파트,규모3,서울,2013.10,72.72769,2013
아파트,규모4,서울,2013.10,73.4064448,2013
아파트,규모5,서울,2013.10,78.05963275,2013
아파트,규모6,서울,2013.10,81.2385917,2013
연립다세대,규모1,서울,2013.10,,2013
연립다세대,규모2,서울,2013.10,90.07706835,2013
연립다세대,규모3,서울,2013.10,89.87816519,2013
연립다세대,규모4,서울,2013.10,90.81029195,2013
단독주택,규모1,서울,2013.10,78.1947299,2013
단독주택,규모2,서울,2013.10,79.53201278,2013
단독주택,규모3,서울,2013.10,79.40330426,2013
아파트,규모1,서울,2013.11,,2013
아파트,규모2,서울,2013.11,68.19134852,2013
아파트,규모3,서울,2013.11,72.87332695,2013
아파트,규모4,서울,2013.11,73.44648669,2013
아파트,규모5,서울,2013.11,78.01686295,2013
아파트,규모6,서울,2013.11,80.99067346,2013
연립다세대,규모1,서울,2013.11,,2013
연립다세대,규모2,서울,2013.11,90.03185696,2013
연립다세대,규모3,서울,2013.11,89.82254595,2013
연립다세대,규모4,서울,2013.11,90.8039173,2013
단독주택,규모1,서울,2013.11,78.21611141,2013
단독주택,규모2,서울,2013.11,79.60047331,2013
단독주택,규모3,서울,2013.11,79.46634521,2013
아파트,규모1,서울,2013.12,,2013
아파트,규모2,서울,2013.12,68.21346737,2013
아파트,규모3,서울,2013.12,72.87900805,2013
아파트,규모4,서울,2013.12,73.30079106,2013
아파트,규모5,서울,2013.12,77.90391568,2013
아파트,규모6,서울,2013.12,80.73808311,2013
연립다세대,규모1,서울,2013.12,,2013
연립다세대,규모2,서울,2013.12,89.90589297,2013
연립다세대,규모3,서울,2013.12,89.85857003,2013
연립다세대,규모4,서울,2013.12,90.80429362,2013
단독주택,규모1,서울,2013.12,78.29811668,2013
단독주택,규모2,서울,2013.12,79.64896121,2013
단독주택,규모3,서울,2013.12,79.58576346,2013
아파트,규모1,서울,2014.01,,2014
아파트,규모2,서울,2014.01,68.50131983,2014
아파트,규모3,서울,2014.01,73.09106004,2014
아파트,규모4,서울,2014.01,73.56088684,2014
아파트,규모5,서울,2014.01,77.94820073,2014
아파트,규모6,서울,2014.01,80.7031894,2014
연립다세대,규모1,서울,2014.01,,2014
연립다세대,규모2,서울,2014.01,89.91718102,2014
연립다세대,규모3,서울,2014.01,89.92869801,2014
연립다세대,규모4,서울,2014.01,90.79410784,2014
단독주택,규모1,서울,2014.01,78.33281874,2014
단독주택,규모2,서울,2014.01,79.73960919,2014
단독주택,규모3,서울,2014.01,79.6945651,2014
아파트,규모1,서울,2014.02,,2014
아파트,규모2,서울,2014.02,68.86028004,2014
아파트,규모3,서울,2014.02,73.33557952,2014
아파트,규모4,서울,2014.02,73.69225428,2014
아파트,규모5,서울,2014.02,78.04945181,2014
아파트,규모6,서울,2014.02,80.64716963,2014
연립다세대,규모1,서울,2014.02,,2014
연립다세대,규모2,서울,2014.02,89.95446201,2014
연립다세대,규모3,서울,2014.02,90.10346756,2014
연립다세대,규모4,서울,2014.02,90.71885759,2014
단독주택,규모1,서울,2014.02,78.30988679,2014
단독주택,규모2,서울,2014.02,79.86936025,2014
단독주택,규모3,서울,2014.02,79.84224115,2014
아파트,규모1,서울,2014.03,,2014
아파트,규모2,서울,2014.03,69.21395114,2014
아파트,규모3,서울,2014.03,73.64221989,2014
아파트,규모4,서울,2014.03,73.78368098,2014
아파트,규모5,서울,2014.03,78.24582834,2014
아파트,규모6,서울,2014.03,80.65714885,2014
연립다세대,규모1,서울,2014.03,,2014
연립다세대,규모2,서울,2014.03,89.91101399,2014
연립다세대,규모3,서울,2014.03,90.17589054,2014
연립다세대,규모4,서울,2014.03,90.60579786,2014
단독주택,규모1,서울,2014.03,78.28949105,2014
단독주택,규모2,서울,2014.03,79.91996773,2014
단독주택,규모3,서울,2014.03,79.85980013,2014
아파트,규모1,서울,2014.04,,2014
아파트,규모2,서울,2014.04,69.30969384,2014
아파트,규모3,서울,2014.04,73.66155698,2014
아파트,규모4,서울,2014.04,73.75395151,2014
아파트,규모5,서울,2014.04,78.16371359,2014
아파트,규모6,서울,2014.04,80.51854229,2014
연립다세대,규모1,서울,2014.04,,2014
연립다세대,규모2,서울,2014.04,89.74223662,2014
연립다세대,규모3,서울,2014.04,90.10105153,2014
연립다세대,규모4,서울,2014.04,90.41375291,2014
단독주택,규모1,서울,2014.04,78.48423021,2014
단독주택,규모2,서울,2014.04,80.0172251,2014
단독주택,규모3,서울,2014.04,79.77655572,2014
아파트,규모1,서울,2014.05,,2014
아파트,규모2,서울,2014.05,69.25586911,2014
아파트,규모3,서울,2014.05,73.58755975,2014
아파트,규모4,서울,2014.05,73.7954278,2014
아파트,규모5,서울,2014.05,78.11494625,2014
아파트,규모6,서울,2014.05,80.39370446,2014
연립다세대,규모1,서울,2014.05,,2014
연립다세대,규모2,서울,2014.05,89.64652198,2014
연립다세대,규모3,서울,2014.05,90.04957188,2014
연립다세대,규모4,서울,2014.05,90.32962679,2014
단독주택,규모1,서울,2014.05,78.48769913,2014
단독주택,규모2,서울,2014.05,80.02691044,2014
단독주택,규모3,서울,2014.05,79.74174399,2014
아파트,규모1,서울,2014.06,,2014
아파트,규모2,서울,2014.06,69.26657354,2014
아파트,규모3,서울,2014.06,73.51246998,2014
아파트,규모4,서울,2014.06,73.71784347,2014
아파트,규모5,서울,2014.06,78.0588585,2014
아파트,규모6,서울,2014.06,80.18482003,2014
연립다세대,규모1,서울,2014.06,,2014
연립다세대,규모2,서울,2014.06,89.55564805,2014
연립다세대,규모3,서울,2014.06,89.96287224,2014
연립다세대,규모4,서울,2014.06,90.30779595,2014
단독주택,규모1,서울,2014.06,78.46818567,2014
단독주택,규모2,서울,2014.06,80.023929,2014
단독주택,규모3,서울,2014.06,79.77426596,2014
아파트,규모1,서울,2014.07,,2014
아파트,규모2,서울,2014.07,69.27227689,2014
아파트,규모3,서울,2014.07,73.50035543,2014
아파트,규모4,서울,2014.07,73.84256557,2014
아파트,규모5,서울,2014.07,77.9657191,2014
아파트,규모6,서울,2014.07,80.04462341,2014
연립다세대,규모1,서울,2014.07,,2014
연립다세대,규모2,서울,2014.07,89.46820222,2014
연립다세대,규모3,서울,2014.07,89.92200284,2014
연립다세대,규모4,서울,2014.07,90.25340601,2014
단독주택,규모1,서울,2014.07,78.45684542,2014
단독주택,규모2,서울,2014.07,80.01153561,2014
단독주택,규모3,서울,2014.07,79.7210751,2014
아파트,규모1,서울,2014.08,,2014
아파트,규모2,서울,2014.08,69.44124525,2014
아파트,규모3,서울,2014.08,73.56601151,2014
아파트,규모4,서울,2014.08,73.91749909,2014
아파트,규모5,서울,2014.08,77.94381046,2014
아파트,규모6,서울,2014.08,80.04180414,2014
연립다세대,규모1,서울,2014.08,,2014
연립다세대,규모2,서울,2014.08,89.39750633,2014
연립다세대,규모3,서울,2014.08,89.89905958,2014
연립다세대,규모4,서울,2014.08,90.12189496,2014
단독주택,규모1,서울,2014.08,78.4626165,2014
단독주택,규모2,서울,2014.08,80.04264998,2014
단독주택,규모3,서울,2014.08,79.71487554,2014
아파트,규모1,서울,2014.09,,2014
아파트,규모2,서울,2014.09,69.7861052,2014
아파트,규모3,서울,2014.09,73.84970094,2014
아파트,규모4,서울,2014.09,74.39734152,2014
아파트,규모5,서울,2014.09,78.15266421,2014
아파트,규모6,서울,2014.09,80.15514791,2014
연립다세대,규모1,서울,2014.09,,2014
연립다세대,규모2,서울,2014.09,89.39254746,2014
연립다세대,규모3,서울,2014.09,89.95204585,2014
연립다세대,규모4,서울,2014.09,90.16631172,2014
단독주택,규모1,서울,2014.09,78.49175342,2014
단독주택,규모2,서울,2014.09,80.08271683,2014
단독주택,규모3,서울,2014.09,79.72315845,2014
아파트,규모1,서울,2014.10,,2014
아파트,규모2,서울,2014.10,70.17144394,2014
아파트,규모3,서울,2014.10,74.15978773,2014
아파트,규모4,서울,2014.10,74.86966277,2014
아파트,규모5,서울,2014.10,78.32372876,2014
아파트,규모6,서울,2014.10,80.24864252,2014
연립다세대,규모1,서울,2014.10,,2014
연립다세대,규모2,서울,2014.10,89.37666413,2014
연립다세대,규모3,서울,2014.10,89.95386774,2014
연립다세대,규모4,서울,2014.10,90.19329652,2014
단독주택,규모1,서울,2014.10,78.53946795,2014
단독주택,규모2,서울,2014.10,80.15439692,2014
단독주택,규모3,서울,2014.10,79.93490455,2014
아파트,규모1,서울,2014.11,,2014
아파트,규모2,서울,2014.11,70.2915777,2014
아파트,규모3,서울,2014.11,74.26236999,2014
아파트,규모4,서울,2014.11,74.96008091,2014
아파트,규모5,서울,2014.11,78.38818759,2014
아파트,규모6,서울,2014.11,80.38373753,2014
연립다세대,규모1,서울,2014.11,,2014
연립다세대,규모2,서울,2014.11,89.44550852,2014
연립다세대,규모3,서울,2014.11,90.01580775,2014
연립다세대,규모4,서울,2014.11,90.20379533,2014
단독주택,규모1,서울,2014.11,78.57102214,2014
단독주택,규모2,서울,2014.11,80.15406536,2014
단독주택,규모3,서울,2014.11,79.94411249,2014
아파트,규모1,서울,2014.12,,2014
아파트,규모2,서울,2014.12,70.31517562,2014
아파트,규모3,서울,2014.12,74.29537676,2014
아파트,규모4,서울,2014.12,74.89422777,2014
아파트,규모5,서울,2014.12,78.33487757,2014
아파트,규모6,서울,2014.12,80.35298467,2014
연립다세대,규모1,서울,2014.12,,2014
연립다세대,규모2,서울,2014.12,89.43087584,2014
연립다세대,규모3,서울,2014.12,89.99955694,2014
연립다세대,규모4,서울,2014.12,90.18427355,2014
단독주택,규모1,서울,2014.12,78.60127417,2014
단독주택,규모2,서울,2014.12,80.17555811,2014
단독주택,규모3,서울,2014.12,79.94948939,2014
아파트,규모1,서울,2015.01,,2015
아파트,규모2,서울,2015.01,70.46337629,2015
아파트,규모3,서울,2015.01,74.38238993,2015
아파트,규모4,서울,2015.01,75.04008403,2015
아파트,규모5,서울,2015.01,78.38781601,2015
아파트,규모6,서울,2015.01,80.43435299,2015
연립다세대,규모1,서울,2015.01,,2015
연립다세대,규모2,서울,2015.01,89.45890575,2015
연립다세대,규모3,서울,2015.01,90.02430022,2015
연립다세대,규모4,서울,2015.01,90.25264072,2015
단독주택,규모1,서울,2015.01,78.61471438,2015
단독주택,규모2,서울,2015.01,80.20112825,2015
단독주택,규모3,서울,2015.01,80.06718061,2015
아파트,규모1,서울,2015.02,,2015
아파트,규모2,서울,2015.02,70.73417346,2015
아파트,규모3,서울,2015.02,74.58076739,2015
아파트,규모4,서울,2015.02,75.28305458,2015
아파트,규모5,서울,2015.02,78.62482544,2015
아파트,규모6,서울,2015.02,80.60169623,2015
연립다세대,규모1,서울,2015.02,,2015
연립다세대,규모2,서울,2015.02,89.50692747,2015
연립다세대,규모3,서울,2015.02,90.10244255,2015
연립다세대,규모4,서울,2015.02,90.2281969,2015
단독주택,규모1,서울,2015.02,78.64725077,2015
단독주택,규모2,서울,2015.02,80.23719177,2015
단독주택,규모3,서울,2015.02,80.17033703,2015
아파트,규모1,서울,2015.03,,2015
아파트,규모2,서울,2015.03,71.1955226,2015
아파트,규모3,서울,2015.03,74.9432901,2015
아파트,규모4,서울,2015.03,75.56065085,2015
아파트,규모5,서울,2015.03,78.89745504,2015
아파트,규모6,서울,2015.03,80.94360873,2015
연립다세대,규모1,서울,2015.03,,2015
연립다세대,규모2,서울,2015.03,89.64406331,2015
연립다세대,규모3,서울,2015.03,90.19145857,2015
연립다세대,규모4,서울,2015.03,90.43913518,2015
단독주택,규모1,서울,2015.03,78.68108,2015
단독주택,규모2,서울,2015.03,80.36074429,2015
단독주택,규모3,서울,2015.03,80.30370343,2015
아파트,규모1,서울,2015.04,,2015
아파트,규모2,서울,2015.04,71.84843447,2015
아파트,규모3,서울,2015.04,75.52199786,2015
아파트,규모4,서울,2015.04,75.96519072,2015
아파트,규모5,서울,2015.04,79.354467,2015
아파트,규모6,서울,2015.04,81.24337721,2015
연립다세대,규모1,서울,2015.04,,2015
연립다세대,규모2,서울,2015.04,89.83968363,2015
연립다세대,규모3,서울,2015.04,90.40990608,2015
연립다세대,규모4,서울,2015.04,90.64255322,2015
단독주택,규모1,서울,2015.04,78.64202393,2015
단독주택,규모2,서울,2015.04,80.39984686,2015
단독주택,규모3,서울,2015.04,80.53729917,2015
아파트,규모1,서울,2015.05,,2015
아파트,규모2,서울,2015.05,72.39425357,2015
아파트,규모3,서울,2015.05,75.93990459,2015
아파트,규모4,서울,2015.05,76.43161832,2015
아파트,규모5,서울,2015.05,79.69343803,2015
아파트,규모6,서울,2015.05,81.55911605,2015
연립다세대,규모1,서울,2015.05,,2015
연립다세대,규모2,서울,2015.05,90.07073272,2015
연립다세대,규모3,서울,2015.05,90.63694387,2015
연립다세대,규모4,서울,2015.05,90.76286369,2015
단독주택,규모1,서울,2015.05,78.72370946,2015
단독주택,규모2,서울,2015.05,80.49904537,2015
단독주택,규모3,서울,2015.05,80.68251051,2015
아파트,규모1,서울,2015.06,,2015
아파트,규모2,서울,2015.06,72.98434701,2015
아파트,규모3,서울,2015.06,76.45767882,2015
아파트,규모4,서울,2015.06,76.80757497,2015
아파트,규모5,서울,2015.06,80.15829771,2015
아파트,규모6,서울,2015.06,81.83275846,2015
연립다세대,규모1,서울,2015.06,,2015
연립다세대,규모2,서울,2015.06,90.30652297,2015
연립다세대,규모3,서울,2015.06,90.92168545,2015
연립다세대,규모4,서울,2015.06,91.03034421,2015
단독주택,규모1,서울,2015.06,78.90204019,2015
단독주택,규모2,서울,2015.06,80.6656947,2015
단독주택,규모3,서울,2015.06,80.89425938,2015
아파트,규모1,서울,2015.07,,2015
아파트,규모2,서울,2015.07,73.47618836,2015
아파트,규모3,서울,2015.07,76.85963363,2015
아파트,규모4,서울,2015.07,77.4020746,2015
아파트,규모5,서울,2015.07,80.42461055,2015
아파트,규모6,서울,2015.07,82.02675092,2015
연립다세대,규모1,서울,2015.07,,2015
연립다세대,규모2,서울,2015.07,90.4921211,2015
연립다세대,규모3,서울,2015.07,91.11694991,2015
연립다세대,규모4,서울,2015.07,91.1415191,2015
단독주택,규모1,서울,2015.07,79.01378811,2015
단독주택,규모2,서울,2015.07,80.75148282,2015
단독주택,규모3,서울,2015.07,81.01946825,2015
아파트,규모1,서울,2015.08,,2015
아파트,규모2,서울,2015.08,73.98962928,2015
아파트,규모3,서울,2015.08,77.29118432,2015
아파트,규모4,서울,2015.08,77.6930969,2015
아파트,규모5,서울,2015.08,80.73530039,2015
아파트,규모6,서울,2015.08,82.1869881,2015
연립다세대,규모1,서울,2015.08,,2015
연립다세대,규모2,서울,2015.08,90.61432166,2015
연립다세대,규모3,서울,2015.08,91.3247519,2015
연립다세대,규모4,서울,2015.08,91.2888586,2015
단독주택,규모1,서울,2015.08,79.10419569,2015
단독주택,규모2,서울,2015.08,80.84936489,2015
단독주택,규모3,서울,2015.08,81.14851278,2015
아파트,규모1,서울,2015.09,,2015
아파트,규모2,서울,2015.09,74.6083437,2015
아파트,규모3,서울,2015.09,77.82491555,2015
아파트,규모4,서울,2015.09,78.16430071,2015
아파트,규모5,서울,2015.09,81.0822395,2015
아파트,규모6,서울,2015.09,82.49299271,2015
연립다세대,규모1,서울,2015.09,,2015
연립다세대,규모2,서울,2015.09,90.81682042,2015
연립다세대,규모3,서울,2015.09,91.47170432,2015
연립다세대,규모4,서울,2015.09,91.39603547,2015
단독주택,규모1,서울,2015.09,79.20716022,2015
단독주택,규모2,서울,2015.09,80.94343927,2015
단독주택,규모3,서울,2015.09,81.25436195,2015
아파트,규모1,서울,2015.10,,2015
아파트,규모2,서울,2015.10,75.18120682,2015
아파트,규모3,서울,2015.10,78.39639791,2015
아파트,규모4,서울,2015.10,78.44892512,2015
아파트,규모5,서울,2015.10,81.49275959,2015
아파트,규모6,서울,2015.10,82.73057792,2015
연립다세대,규모1,서울,2015.10,,2015
연립다세대,규모2,서울,2015.10,91.01865745,2015
연립다세대,규모3,서울,2015.10,91.68037626,2015
연립다세대,규모4,서울,2015.10,91.53944737,2015
단독주택,규모1,서울,2015.10,79.31856267,2015
단독주택,규모2,서울,2015.10,81.09879957,2015
단독주택,규모3,서울,2015.10,81.43194775,2015
아파트,규모1,서울,2015.11,,2015
아파트,규모2,서울,2015.11,75.8133079,2015
아파트,규모3,서울,2015.11,78.89060542,2015
아파트,규모4,서울,2015.11,79.03434619,2015
아파트,규모5,서울,2015.11,81.80267759,2015
아파트,규모6,서울,2015.11,83.05776502,2015
연립다세대,규모1,서울,2015.11,,2015
연립다세대,규모2,서울,2015.11,91.28589672,2015
연립다세대,규모3,서울,2015.11,91.82081583,2015
연립다세대,규모4,서울,2015.11,91.75067862,2015
단독주택,규모1,서울,2015.11,79.45504888,2015
단독주택,규모2,서울,2015.11,81.26399777,2015
단독주택,규모3,서울,2015.11,81.53889193,2015
아파트,규모1,서울,2015.12,,2015
아파트,규모2,서울,2015.12,76.21689288,2015
아파트,규모3,서울,2015.12,79.22452473,2015
아파트,규모4,서울,2015.12,79.20506583,2015
아파트,규모5,서울,2015.12,82.04707791,2015
아파트,규모6,서울,2015.12,83.18108993,2015
연립다세대,규모1,서울,2015.12,,2015
연립다세대,규모2,서울,2015.12,91.4224214,2015
연립다세대,규모3,서울,2015.12,91.95870049,2015
연립다세대,규모4,서울,2015.12,91.79678461,2015
단독주택,규모1,서울,2015.12,79.54347562,2015
단독주택,규모2,서울,2015.12,81.35327818,2015
단독주택,규모3,서울,2015.12,81.63016836,2015
아파트,규모1,서울,2016.01,,2016
아파트,규모2,서울,2016.01,76.25365373,2016
아파트,규모3,서울,2016.01,79.26179968,2016
아파트,규모4,서울,2016.01,79.15795127,2016
아파트,규모5,서울,2016.01,82.11228383,2016
아파트,규모6,서울,2016.01,83.20643005,2016
연립다세대,규모1,서울,2016.01,,2016
연립다세대,규모2,서울,2016.01,91.47042416,2016
연립다세대,규모3,서울,2016.01,92.02350753,2016
연립다세대,규모4,서울,2016.01,91.80089312,2016
단독주택,규모1,서울,2016.01,79.60805177,2016
단독주택,규모2,서울,2016.01,81.37583976,2016
단독주택,규모3,서울,2016.01,81.68555093,2016
아파트,규모1,서울,2016.02,,2016
아파트,규모2,서울,2016.02,76.26546192,2016
아파트,규모3,서울,2016.02,79.26615035,2016
아파트,규모4,서울,2016.02,79.13683435,2016
아파트,규모5,서울,2016.02,82.11919478,2016
아파트,규모6,서울,2016.02,83.14097214,2016
연립다세대,규모1,서울,2016.02,,2016
연립다세대,규모2,서울,2016.02,91.46575125,2016
연립다세대,규모3,서울,2016.02,92.02991147,2016
연립다세대,규모4,서울,2016.02,91.79029718,2016
단독주택,규모1,서울,2016.02,79.6218027,2016
단독주택,규모2,서울,2016.02,81.3847751,2016
단독주택,규모3,서울,2016.02,81.69681542,2016
아파트,규모1,서울,2016.03,,2016
아파트,규모2,서울,2016.03,76.30300753,2016
아파트,규모3,서울,2016.03,79.25108416,2016
아파트,규모4,서울,2016.03,79.04666028,2016
아파트,규모5,서울,2016.03,82.09423921,2016
아파트,규모6,서울,2016.03,83.09498825,2016
연립다세대,규모1,서울,2016.03,,2016
연립다세대,규모2,서울,2016.03,91.48246753,2016
연립다세대,규모3,서울,2016.03,92.05017551,2016
연립다세대,규모4,서울,2016.03,91.78805455,2016
단독주택,규모1,서울,2016.03,79.70260327,2016
단독주택,규모2,서울,2016.03,81.4170317,2016
단독주택,규모3,서울,2016.03,81.71349949,2016
아파트,규모1,서울,2016.04,,2016
아파트,규모2,서울,2016.04,76.41953384,2016
아파트,규모3,서울,2016.04,79.31118482,2016
아파트,규모4,서울,2016.04,79.09887198,2016
아파트,규모5,서울,2016.04,82.14977418,2016
아파트,규모6,서울,2016.04,83.12053645,2016
연립다세대,규모1,서울,2016.04,,2016
연립다세대,규모2,서울,2016.04,91.53961324,2016
연립다세대,규모3,서울,2016.04,92.0981676,2016
연립다세대,규모4,서울,2016.04,91.80460669,2016
단독주택,규모1,서울,2016.04,79.73900274,2016
단독주택,규모2,서울,2016.04,81.45249151,2016
단독주택,규모3,서울,2016.04,81.75016634,2016
아파트,규모1,서울,2016.05,,2016
아파트,규모2,서울,2016.05,76.6376206,2016
아파트,규모3,서울,2016.05,79.47149621,2016
아파트,규모4,서울,2016.05,79.31583525,2016
아파트,규모5,서울,2016.05,82.2311305,2016
아파트,규모6,서울,2016.05,83.19299023,2016
연립다세대,규모1,서울,2016.05,,2016
연립다세대,규모2,서울,2016.05,91.60752351,2016
연립다세대,규모3,서울,2016.05,92.14285333,2016
연립다세대,규모4,서울,2016.05,91.86250449,2016
단독주택,규모1,서울,2016.05,79.78885155,2016
단독주택,규모2,서울,2016.05,81.51059918,2016
단독주택,규모3,서울,2016.05,81.79346664,2016
아파트,규모1,서울,2016.06,,2016
아파트,규모2,서울,2016.06,76.94291704,2016
아파트,규모3,서울,2016.06,79.71771382,2016
아파트,규모4,서울,2016.06,79.77083915,2016
아파트,규모5,서울,2016.06,82.43251115,2016
아파트,규모6,서울,2016.06,83.43318067,2016
연립다세대,규모1,서울,2016.06,,2016
연립다세대,규모2,서울,2016.06,91.67543728,2016
연립다세대,규모3,서울,2016.06,92.21333334,2016
연립다세대,규모4,서울,2016.06,91.89709371,2016
단독주택,규모1,서울,2016.06,79.87831384,2016
단독주택,규모2,서울,2016.06,81.58561853,2016
단독주택,규모3,서울,2016.06,81.85666881,2016
아파트,규모1,서울,2016.07,,2016
아파트,규모2,서울,2016.07,77.27909166,2016
아파트,규모3,서울,2016.07,79.95747498,2016
아파트,규모4,서울,2016.07,80.12550436,2016
아파트,규모5,서울,2016.07,82.67100866,2016
아파트,규모6,서울,2016.07,83.62736301,2016
연립다세대,규모1,서울,2016.07,,2016
연립다세대,규모2,서울,2016.07,91.75976036,2016
연립다세대,규모3,서울,2016.07,92.27384272,2016
연립다세대,규모4,서울,2016.07,91.89277416,2016
단독주택,규모1,서울,2016.07,79.95120068,2016
단독주택,규모2,서울,2016.07,81.67583726,2016
단독주택,규모3,서울,2016.07,81.92779349,2016
아파트,규모1,서울,2016.08,,2016
아파트,규모2,서울,2016.08,77.66558909,2016
아파트,규모3,서울,2016.08,80.22880953,2016
아파트,규모4,서울,2016.08,80.57749662,2016
아파트,규모5,서울,2016.08,82.91223602,2016
아파트,규모6,서울,2016.08,83.82333615,2016
연립다세대,규모1,서울,2016.08,,2016
연립다세대,규모2,서울,2016.08,91.84682169,2016
연립다세대,규모3,서울,2016.08,92.37043774,2016
연립다세대,규모4,서울,2016.08,92.00767867,2016
단독주택,규모1,서울,2016.08,80.02567308,2016
단독주택,규모2,서울,2016.08,81.74494966,2016
단독주택,규모3,서울,2016.08,81.9871067,2016
아파트,규모1,서울,2016.09,,2016
아파트,규모2,서울,2016.09,78.04095706,2016
아파트,규모3,서울,2016.09,80.51534277,2016
아파트,규모4,서울,2016.09,81.01416456,2016
아파트,규모5,서울,2016.09,83.14410682,2016
아파트,규모6,서울,2016.09,84.14558202,2016
연립다세대,규모1,서울,2016.09,,2016
연립다세대,규모2,서울,2016.09,91.94562226,2016
연립다세대,규모3,서울,2016.09,92.45924688,2016
연립다세대,규모4,서울,2016.09,92.09156345,2016
단독주택,규모1,서울,2016.09,80.13297269,2016
단독주택,규모2,서울,2016.09,81.83203559,2016
단독주택,규모3,서울,2016.09,82.09474137,2016
아파트,규모1,서울,2016.10,,2016
아파트,규모2,서울,2016.10,78.68211306,2016
아파트,규모3,서울,2016.10,81.00426623,2016
아파트,규모4,서울,2016.10,82.07166619,2016
아파트,규모5,서울,2016.10,83.56427097,2016
아파트,규모6,서울,2016.10,84.59343837,2016
연립다세대,규모1,서울,2016.10,,2016
연립다세대,규모2,서울,2016.10,92.07446004,2016
연립다세대,규모3,서울,2016.10,92.53827741,2016
연립다세대,규모4,서울,2016.10,92.18537925,2016
단독주택,규모1,서울,2016.10,80.23439759,2016
단독주택,규모2,서울,2016.10,81.90406267,2016
단독주택,규모3,서울,2016.10,82.1825674,2016
아파트,규모1,서울,2016.11,,2016
아파트,규모2,서울,2016.11,79.27221259,2016
아파트,규모3,서울,2016.11,81.39666062,2016
아파트,규모4,서울,2016.11,82.85519236,2016
아파트,규모5,서울,2016.11,83.90798719,2016
아파트,규모6,서울,2016.11,84.77501298,2016
연립다세대,규모1,서울,2016.11,,2016
연립다세대,규모2,서울,2016.11,92.12634283,2016
연립다세대,규모3,서울,2016.11,92.57361754,2016
연립다세대,규모4,서울,2016.11,92.21772384,2016
단독주택,규모1,서울,2016.11,80.32968443,2016
단독주택,규모2,서울,2016.11,82.03133439,2016
단독주택,규모3,서울,2016.11,82.25329807,2016
아파트,규모1,서울,2016.12,,2016
아파트,규모2,서울,2016.12,79.44696136,2016
아파트,규모3,서울,2016.12,81.51109034,2016
아파트,규모4,서울,2016.12,82.79461836,2016
아파트,규모5,서울,2016.12,83.93077228,2016
아파트,규모6,서울,2016.12,84.71463181,2016
연립다세대,규모1,서울,2016.12,,2016
연립다세대,규모2,서울,2016.12,92.16695655,2016
연립다세대,규모3,서울,2016.12,92.61489237,2016
연립다세대,규모4,서울,2016.12,92.24859612,2016
단독주택,규모1,서울,2016.12,80.39416159,2016
단독주택,규모2,서울,2016.12,82.09133112,2016
단독주택,규모3,서울,2016.12,82.31677287,2016
아파트,규모1,서울,2017.01,,2017
아파트,규모2,서울,2017.01,79.52656928,2017
아파트,규모3,서울,2017.01,81.53738448,2017
아파트,규모4,서울,2017.01,82.698249,2017
아파트,규모5,서울,2017.01,83.88308856,2017
아파트,규모6,서울,2017.01,84.60346282,2017
연립다세대,규모1,서울,2017.01,,2017
연립다세대,규모2,서울,2017.01,92.18514061,2017
연립다세대,규모3,서울,2017.01,92.62361668,2017
연립다세대,규모4,서울,2017.01,92.28438302,2017
단독주택,규모1,서울,2017.01,80.42468346,2017
단독주택,규모2,서울,2017.01,82.12885448,2017
단독주택,규모3,서울,2017.01,82.34471462,2017
아파트,규모1,서울,2017.02,,2017
아파트,규모2,서울,2017.02,79.60369788,2017
아파트,규모3,서울,2017.02,81.6006468,2017
아파트,규모4,서울,2017.02,82.81702524,2017
아파트,규모5,서울,2017.02,83.8870612,2017
아파트,규모6,서울,2017.02,84.54989168,2017
연립다세대,규모1,서울,2017.02,,2017
연립다세대,규모2,서울,2017.02,92.20928699,2017
연립다세대,규모3,서울,2017.02,92.65243204,2017
연립다세대,규모4,서울,2017.02,92.33874184,2017
단독주택,규모1,서울,2017.02,80.48849088,2017
단독주택,규모2,서울,2017.02,82.17957111,2017
단독주택,규모3,서울,2017.02,82.38970898,2017
아파트,규모1,서울,2017.03,,2017
아파트,규모2,서울,2017.03,79.7460419,2017
아파트,규모3,서울,2017.03,81.73930392,2017
아파트,규모4,서울,2017.03,83.01048964,2017
아파트,규모5,서울,2017.03,83.9738172,2017
아파트,규모6,서울,2017.03,84.68803198,2017
연립다세대,규모1,서울,2017.03,,2017
연립다세대,규모2,서울,2017.03,92.28502544,2017
연립다세대,규모3,서울,2017.03,92.74678599,2017
연립다세대,규모4,서울,2017.03,92.43619592,2017
단독주택,규모1,서울,2017.03,80.63109417,2017
단독주택,규모2,서울,2017.03,82.26719305,2017
단독주택,규모3,서울,2017.03,82.46371281,2017
아파트,규모1,서울,2017.04,,2017
아파트,규모2,서울,2017.04,80.05369451,2017
아파트,규모3,서울,2017.04,81.92954909,2017
아파트,규모4,서울,2017.04,83.26462571,2017
아파트,규모5,서울,2017.04,84.12580234,2017
아파트,규모6,서울,2017.04,84.89209669,2017
연립다세대,규모1,서울,2017.04,,2017
연립다세대,규모2,서울,2017.04,92.43861363,2017
연립다세대,규모3,서울,2017.04,92.9048716,2017
연립다세대,규모4,서울,2017.04,92.57869271,2017
단독주택,규모1,서울,2017.04,80.8481454,2017
단독주택,규모2,서울,2017.04,82.44628075,2017
단독주택,규모3,서울,2017.04,82.58738574,2017
아파트,규모1,서울,2017.05,,2017
아파트,규모2,서울,2017.05,80.51512689,2017
아파트,규모3,서울,2017.05,82.29242076,2017
아파트,규모4,서울,2017.05,83.76775964,2017
아파트,규모5,서울,2017.05,84.31814681,2017
아파트,규모6,서울,2017.05,85.19174965,2017
연립다세대,규모1,서울,2017.05,,2017
연립다세대,규모2,서울,2017.05,92.64149816,2017
연립다세대,규모3,서울,2017.05,93.13664178,2017
연립다세대,규모4,서울,2017.05,92.77646913,2017
단독주택,규모1,서울,2017.05,81.00627805,2017
단독주택,규모2,서울,2017.05,82.64659138,2017
단독주택,규모3,서울,2017.05,82.78951831,2017
아파트,규모1,서울,2017.06,,2017
아파트,규모2,서울,2017.06,81.37829892,2017
아파트,규모3,서울,2017.06,83.10387861,2017
아파트,규모4,서울,2017.06,85.01165659,2017
아파트,규모5,서울,2017.06,84.97190695,2017
아파트,규모6,서울,2017.06,85.86561678,2017
연립다세대,규모1,서울,2017.06,,2017
연립다세대,규모2,서울,2017.06,92.91399111,2017
연립다세대,규모3,서울,2017.06,93.38941148,2017
연립다세대,규모4,서울,2017.06,92.99205438,2017
단독주택,규모1,서울,2017.06,81.21419127,2017
단독주택,규모2,서울,2017.06,82.84866739,2017
단독주택,규모3,서울,2017.06,82.98554632,2017
아파트,규모1,서울,2017.07,,2017
아파트,규모2,서울,2017.07,81.97391453,2017
아파트,규모3,서울,2017.07,83.46364094,2017
아파트,규모4,서울,2017.07,85.32549005,2017
아파트,규모5,서울,2017.07,85.22722808,2017
아파트,규모6,서울,2017.07,86.12789287,2017
연립다세대,규모1,서울,2017.07,,2017
연립다세대,규모2,서울,2017.07,93.17006054,2017
연립다세대,규모3,서울,2017.07,93.61654831,2017
연립다세대,규모4,서울,2017.07,93.25353237,2017
단독주택,규모1,서울,2017.07,81.55107337,2017
단독주택,규모2,서울,2017.07,83.16021399,2017
단독주택,규모3,서울,2017.07,83.28626817,2017
아파트,규모1,서울,2017.08,,2017
아파트,규모2,서울,2017.08,82.59924038,2017
아파트,규모3,서울,2017.08,83.95974849,2017
아파트,규모4,서울,2017.08,85.8561081,2017
아파트,규모5,서울,2017.08,85.5516913,2017
아파트,규모6,서울,2017.08,86.4464774,2017
연립다세대,규모1,서울,2017.08,,2017
연립다세대,규모2,서울,2017.08,93.33736145,2017
연립다세대,규모3,서울,2017.08,93.81307394,2017
연립다세대,규모4,서울,2017.08,93.32258578,2017
단독주택,규모1,서울,2017.08,81.81070855,2017
단독주택,규모2,서울,2017.08,83.53906632,2017
단독주택,규모3,서울,2017.08,83.67743734,2017
아파트,규모1,서울,2017.09,,2017
아파트,규모2,서울,2017.09,82.58309625,2017
아파트,규모3,서울,2017.09,83.96325296,2017
아파트,규모4,서울,2017.09,85.85326731,2017
아파트,규모5,서울,2017.09,85.55719448,2017
아파트,규모6,서울,2017.09,86.39327945,2017
연립다세대,규모1,서울,2017.09,,2017
연립다세대,규모2,서울,2017.09,93.42903295,2017
연립다세대,규모3,서울,2017.09,93.88947547,2017
연립다세대,규모4,서울,2017.09,93.37491872,2017
단독주택,규모1,서울,2017.09,82.1778706,2017
단독주택,규모2,서울,2017.09,83.8250413,2017
단독주택,규모3,서울,2017.09,83.92956405,2017
아파트,규모1,서울,2017.10,,2017
아파트,규모2,서울,2017.10,82.78577684,2017
아파트,규모3,서울,2017.10,84.20872613,2017
아파트,규모4,서울,2017.10,86.12008558,2017
아파트,규모5,서울,2017.10,85.72776101,2017
아파트,규모6,서울,2017.10,86.52733875,2017
연립다세대,규모1,서울,2017.10,,2017
연립다세대,규모2,서울,2017.10,93.58938623,2017
연립다세대,규모3,서울,2017.10,94.05267572,2017
연립다세대,규모4,서울,2017.10,93.47305211,2017
단독주택,규모1,서울,2017.10,82.40875954,2017
단독주택,규모2,서울,2017.10,84.05160626,2017
단독주택,규모3,서울,2017.10,84.13268817,2017
아파트,규모1,서울,2017.11,92.2330152,2017
아파트,규모2,서울,2017.11,83.05961958,2017
아파트,규모3,서울,2017.11,84.64209067,2017
아파트,규모4,서울,2017.11,86.61634913,2017
아파트,규모5,서울,2017.11,85.98541414,2017
아파트,규모6,서울,2017.11,86.9199074,2017
연립다세대,규모1,서울,2017.11,93.09717714,2017
연립다세대,규모2,서울,2017.11,93.86027208,2017
연립다세대,규모3,서울,2017.11,94.25279336,2017
연립다세대,규모4,서울,2017.11,93.70678925,2017
단독주택,규모1,서울,2017.11,82.65035639,2017
단독주택,규모2,서울,2017.11,84.38126988,2017
단독주택,규모3,서울,2017.11,84.37999555,2017
아파트,규모1,서울,2017.12,92.69112531,2017
아파트,규모2,서울,2017.12,83.64501329,2017
아파트,규모3,서울,2017.12,85.38441063,2017
아파트,규모4,서울,2017.12,87.65489943,2017
아파트,규모5,서울,2017.12,86.76816161,2017
아파트,규모6,서울,2017.12,87.88014814,2017
연립다세대,규모1,서울,2017.12,93.37018157,2017
연립다세대,규모2,서울,2017.12,94.07738021,2017
연립다세대,규모3,서울,2017.12,94.4162077,2017
연립다세대,규모4,서울,2017.12,93.89246375,2017
단독주택,규모1,서울,2017.12,83.09650144,2017
단독주택,규모2,서울,2017.12,84.70670589,2017
단독주택,규모3,서울,2017.12,84.73044651,2017
아파트,규모1,서울,2018.01,93.36762598,2018
아파트,규모2,서울,2018.01,84.71707983,2018
아파트,규모3,서울,2018.01,86.54443159,2018
아파트,규모4,서울,2018.01,89.21473721,2018
아파트,규모5,서울,2018.01,87.981849,2018
아파트,규모6,서울,2018.01,89.50074347,2018
연립다세대,규모1,서울,2018.01,93.65019244,2018
연립다세대,규모2,서울,2018.01,94.28938687,2018
연립다세대,규모3,서울,2018.01,94.69356368,2018
연립다세대,규모4,서울,2018.01,94.12323563,2018
단독주택,규모1,서울,2018.01,83.38303022,2018
단독주택,규모2,서울,2018.01,84.94732387,2018
단독주택,규모3,서울,2018.01,84.98694414,2018
아파트,규모1,서울,2018.02,94.0266654,2018
아파트,규모2,서울,2018.02,85.84172617,2018
아파트,규모3,서울,2018.02,87.74884428,2018
아파트,규모4,서울,2018.02,90.62033492,2018
아파트,규모5,서울,2018.02,89.37712388,2018
아파트,규모6,서울,2018.02,91.05481551,2018
연립다세대,규모1,서울,2018.02,94.1279289,2018
연립다세대,규모2,서울,2018.02,94.59996784,2018
연립다세대,규모3,서울,2018.02,94.99540762,2018
연립다세대,규모4,서울,2018.02,94.58174802,2018
단독주택,규모1,서울,2018.02,83.80069155,2018
단독주택,규모2,서울,2018.02,85.30467415,2018
단독주택,규모3,서울,2018.02,85.34082245,2018
아파트,규모1,서울,2018.03,94.41194014,2018
아파트,규모2,서울,2018.03,86.51995015,2018
아파트,규모3,서울,2018.03,88.46486077,2018
아파트,규모4,서울,2018.03,91.34172893,2018
아파트,규모5,서울,2018.03,90.08412346,2018
아파트,규모6,서울,2018.03,91.63187673,2018
연립다세대,규모1,서울,2018.03,94.37843383,2018
연립다세대,규모2,서울,2018.03,94.794701,2018
연립다세대,규모3,서울,2018.03,95.24395641,2018
연립다세대,규모4,서울,2018.03,94.89065903,2018
단독주택,규모1,서울,2018.03,84.16740793,2018
단독주택,규모2,서울,2018.03,85.61206642,2018
단독주택,규모3,서울,2018.03,85.62458962,2018
아파트,규모1,서울,2018.04,94.79068674,2018
아파트,규모2,서울,2018.04,86.76742472,2018
아파트,규모3,서울,2018.04,88.91107515,2018
아파트,규모4,서울,2018.04,91.54409645,2018
아파트,규모5,서울,2018.04,90.34641577,2018
아파트,규모6,서울,2018.04,91.73898486,2018
연립다세대,규모1,서울,2018.04,94.55440824,2018
연립다세대,규모2,서울,2018.04,94.94349994,2018
연립다세대,규모3,서울,2018.04,95.45218448,2018
연립다세대,규모4,서울,2018.04,95.04158953,2018
단독주택,규모1,서울,2018.04,84.55687525,2018
단독주택,규모2,서울,2018.04,85.91051881,2018
단독주택,규모3,서울,2018.04,85.81619137,2018
아파트,규모1,서울,2018.05,94.76781795,2018
아파트,규모2,서울,2018.05,86.95299483,2018
아파트,규모3,서울,2018.05,89.15999824,2018
아파트,규모4,서울,2018.05,91.73856058,2018
아파트,규모5,서울,2018.05,90.58937992,2018
아파트,규모6,서울,2018.05,91.69040366,2018
연립다세대,규모1,서울,2018.05,94.67677865,2018
연립다세대,규모2,서울,2018.05,95.04686611,2018
연립다세대,규모3,서울,2018.05,95.58415667,2018
연립다세대,규모4,서울,2018.05,95.17266086,2018
단독주택,규모1,서울,2018.05,84.96512066,2018
단독주택,규모2,서울,2018.05,86.21244066,2018
단독주택,규모3,서울,2018.05,86.06211335,2018
아파트,규모1,서울,2018.06,94.64678092,2018
아파트,규모2,서울,2018.06,87.22106706,2018
아파트,규모3,서울,2018.06,89.3780832,2018
아파트,규모4,서울,2018.06,91.78233682,2018
아파트,규모5,서울,2018.06,90.78429205,2018
아파트,규모6,서울,2018.06,91.62552118,2018
연립다세대,규모1,서울,2018.06,94.87574782,2018
연립다세대,규모2,서울,2018.06,95.20837635,2018
연립다세대,규모3,서울,2018.06,95.72966855,2018
연립다세대,규모4,서울,2018.06,95.32594159,2018
단독주택,규모1,서울,2018.06,85.29746326,2018
단독주택,규모2,서울,2018.06,86.59989443,2018
단독주택,규모3,서울,2018.06,86.46396883,2018
아파트,규모1,서울,2018.07,94.98224264,2018
아파트,규모2,서울,2018.07,87.50326589,2018
아파트,규모3,서울,2018.07,89.75263477,2018
아파트,규모4,서울,2018.07,91.86532016,2018
아파트,규모5,서울,2018.07,91.05691329,2018
아파트,규모6,서울,2018.07,91.55562445,2018
연립다세대,규모1,서울,2018.07,95.12735563,2018
연립다세대,규모2,서울,2018.07,95.41285023,2018
연립다세대,규모3,서울,2018.07,95.96218908,2018
연립다세대,규모4,서울,2018.07,95.4786074,2018
단독주택,규모1,서울,2018.07,85.6714029,2018
단독주택,규모2,서울,2018.07,86.9784155,2018
단독주택,규모3,서울,2018.07,86.77232014,2018
아파트,규모1,서울,2018.08,95.15798684,2018
아파트,규모2,서울,2018.08,88.26152355,2018
아파트,규모3,서울,2018.08,90.61379466,2018
아파트,규모4,서울,2018.08,92.42599201,2018
아파트,규모5,서울,2018.08,91.81797871,2018
아파트,규모6,서울,2018.08,91.87646498,2018
연립다세대,규모1,서울,2018.08,95.43905997,2018
연립다세대,규모2,서울,2018.08,95.7277627,2018
연립다세대,규모3,서울,2018.08,96.26896569,2018
연립다세대,규모4,서울,2018.08,95.89056206,2018
단독주택,규모1,서울,2018.08,86.2053928,2018
단독주택,규모2,서울,2018.08,87.43372684,2018
단독주택,규모3,서울,2018.08,87.20965269,2018
아파트,규모1,서울,2018.09,96.15887672,2018
아파트,규모2,서울,2018.09,89.99780896,2018
아파트,규모3,서울,2018.09,92.36974085,2018
아파트,규모4,서울,2018.09,94.0380016,2018
아파트,규모5,서울,2018.09,93.45780582,2018
아파트,규모6,서울,2018.09,93.29180173,2018
연립다세대,규모1,서울,2018.09,95.86491399,2018
연립다세대,규모2,서울,2018.09,96.09220792,2018
연립다세대,규모3,서울,2018.09,96.59538749,2018
연립다세대,규모4,서울,2018.09,96.32639783,2018
단독주택,규모1,서울,2018.09,86.89268575,2018
단독주택,규모2,서울,2018.09,88.05987438,2018
단독주택,규모3,서울,2018.09,88.02590614,2018
아파트,규모1,서울,2018.10,96.70506152,2018
아파트,규모2,서울,2018.10,90.60522343,2018
아파트,규모3,서울,2018.10,92.87649487,2018
아파트,규모4,서울,2018.10,94.5355033,2018
아파트,규모5,서울,2018.10,94.00241945,2018
아파트,규모6,서울,2018.10,93.66272911,2018
연립다세대,규모1,서울,2018.10,96.1250788,2018
연립다세대,규모2,서울,2018.10,96.41486231,2018
연립다세대,규모3,서울,2018.10,96.84293917,2018
연립다세대,규모4,서울,2018.10,96.60423511,2018
단독주택,규모1,서울,2018.10,87.52409791,2018
단독주택,규모2,서울,2018.10,88.67115309,2018
단독주택,규모3,서울,2018.10,88.71911795,2018
아파트,규모1,서울,2018.11,96.69001857,2018
아파트,규모2,서울,2018.11,90.7014397,2018
아파트,규모3,서울,2018.11,92.90691193,2018
아파트,규모4,서울,2018.11,94.50622984,2018
아파트,규모5,서울,2018.11,94.06493353,2018
아파트,규모6,서울,2018.11,93.67611017,2018
연립다세대,규모1,서울,2018.11,96.32090057,2018
연립다세대,규모2,서울,2018.11,96.57857685,2018
연립다세대,규모3,서울,2018.11,97.00006057,2018
연립다세대,규모4,서울,2018.11,96.6974564,2018
단독주택,규모1,서울,2018.11,88.41614692,2018
단독주택,규모2,서울,2018.11,89.41650955,2018
단독주택,규모3,서울,2018.11,89.50035619,2018
아파트,규모1,서울,2018.12,96.58015171,2018
아파트,규모2,서울,2018.12,90.54344418,2018
아파트,규모3,서울,2018.12,92.73163318,2018
아파트,규모4,서울,2018.12,94.34886729,2018
아파트,규모5,서울,2018.12,93.9457222,2018
아파트,규모6,서울,2018.12,93.51353976,2018
연립다세대,규모1,서울,2018.12,96.38542905,2018
연립다세대,규모2,서울,2018.12,96.67039186,2018
연립다세대,규모3,서울,2018.12,97.05785445,2018
연립다세대,규모4,서울,2018.12,96.69401892,2018
단독주택,규모1,서울,2018.12,89.24631936,2018
단독주택,규모2,서울,2018.12,90.06274412,2018
단독주택,규모3,서울,2018.12,90.32174011,2018
아파트,규모1,서울,2019.01,96.22266136,2019
아파트,규모2,서울,2019.01,90.10967129,2019
아파트,규모3,서울,2019.01,92.37341,2019
아파트,규모4,서울,2019.01,93.7904701,2019
아파트,규모5,서울,2019.01,93.62435065,2019
아파트,규모6,서울,2019.01,93.1558122,2019
연립다세대,규모1,서울,2019.01,96.32872622,2019
연립다세대,규모2,서울,2019.01,96.58574372,2019
연립다세대,규모3,서울,2019.01,96.98511625,2019
연립다세대,규모4,서울,2019.01,96.56962473,2019
단독주택,규모1,서울,2019.01,89.60328309,2019
단독주택,규모2,서울,2019.01,90.38510809,2019
단독주택,규모3,서울,2019.01,90.55312894,2019
아파트,규모1,서울,2019.02,95.98499376,2019
아파트,규모2,서울,2019.02,89.74500167,2019
아파트,규모3,서울,2019.02,92.03414147,2019
아파트,규모4,서울,2019.02,93.55635976,2019
아파트,규모5,서울,2019.02,93.26750655,2019
아파트,규모6,서울,2019.02,92.78280686,2019
연립다세대,규모1,서울,2019.02,96.24768015,2019
연립다세대,규모2,서울,2019.02,96.52692202,2019
연립다세대,규모3,서울,2019.02,96.92848087,2019
연립다세대,규모4,서울,2019.02,96.43364476,2019
단독주택,규모1,서울,2019.02,89.89376965,2019
단독주택,규모2,서울,2019.02,90.67665917,2019
단독주택,규모3,서울,2019.02,90.71423444,2019
아파트,규모1,서울,2019.03,95.7080383,2019
아파트,규모2,서울,2019.03,89.32473415,2019
아파트,규모3,서울,2019.03,91.6658238,2019
아파트,규모4,서울,2019.03,93.194578,2019
아파트,규모5,서울,2019.03,92.93380968,2019
아파트,규모6,서울,2019.03,92.50397014,2019
연립다세대,규모1,서울,2019.03,96.17114398,2019
연립다세대,규모2,서울,2019.03,96.43355647,2019
연립다세대,규모3,서울,2019.03,96.80587586,2019
연립다세대,규모4,서울,2019.03,96.3457988,2019
단독주택,규모1,서울,2019.03,90.1001109,2019
단독주택,규모2,서울,2019.03,90.89240827,2019
단독주택,규모3,서울,2019.03,90.98124159,2019
아파트,규모1,서울,2019.04,95.49306401,2019
아파트,규모2,서울,2019.04,88.89904929,2019
아파트,규모3,서울,2019.04,91.39687238,2019
아파트,규모4,서울,2019.04,92.79518096,2019
아파트,규모5,서울,2019.04,92.67387003,2019
아파트,규모6,서울,2019.04,92.20595904,2019
연립다세대,규모1,서울,2019.04,96.09346072,2019
연립다세대,규모2,서울,2019.04,96.37341506,2019
연립다세대,규모3,서울,2019.04,96.74027178,2019
연립다세대,규모4,서울,2019.04,96.22915097,2019
단독주택,규모1,서울,2019.04,90.32286767,2019
단독주택,규모2,서울,2019.04,91.13790202,2019
단독주택,규모3,서울,2019.04,91.14936745,2019
아파트,규모1,서울,2019.05,95.4064071,2019
아파트,규모2,서울,2019.05,88.69970618,2019
아파트,규모3,서울,2019.05,91.19529509,2019
아파트,규모4,서울,2019.05,92.61257263,2019
아파트,규모5,서울,2019.05,92.53991438,2019
아파트,규모6,서울,2019.05,92.04112094,2019
연립다세대,규모1,서울,2019.05,96.01895713,2019
연립다세대,규모2,서울,2019.05,96.27384857,2019
연립다세대,규모3,서울,2019.05,96.63269257,2019
연립다세대,규모4,서울,2019.05,96.07151252,2019
단독주택,규모1,서울,2019.05,90.62039496,2019
단독주택,규모2,서울,2019.05,91.39447626,2019
단독주택,규모3,서울,2019.05,91.31908939,2019
아파트,규모1,서울,2019.06,95.18671256,2019
아파트,규모2,서울,2019.06,88.595878,2019
아파트,규모3,서울,2019.06,91.13550325,2019
아파트,규모4,서울,2019.06,92.60330703,2019
아파트,규모5,서울,2019.06,92.46179865,2019
아파트,규모6,서울,2019.06,92.00130339,2019
연립다세대,규모1,서울,2019.06,95.94511645,2019
연립다세대,규모2,서울,2019.06,96.19446138,2019
연립다세대,규모3,서울,2019.06,96.49996244,2019
연립다세대,규모4,서울,2019.06,95.95648716,2019
단독주택,규모1,서울,2019.06,90.87650171,2019
단독주택,규모2,서울,2019.06,91.69719767,2019
단독주택,규모3,서울,2019.06,91.55793859,2019
아파트,규모1,서울,2019.07,95.04848512,2019
아파트,규모2,서울,2019.07,88.67769554,2019
아파트,규모3,서울,2019.07,91.21025544,2019
아파트,규모4,서울,2019.07,92.74450353,2019
아파트,규모5,서울,2019.07,92.53439936,2019
아파트,규모6,서울,2019.07,92.05143331,2019
연립다세대,규모1,서울,2019.07,95.91873924,2019
연립다세대,규모2,서울,2019.07,96.13205342,2019
연립다세대,규모3,서울,2019.07,96.45757669,2019
연립다세대,규모4,서울,2019.07,95.95411986,2019
단독주택,규모1,서울,2019.07,91.15618913,2019
단독주택,규모2,서울,2019.07,92.0087307,2019
단독주택,규모3,서울,2019.07,91.92815376,2019
아파트,규모1,서울,2019.08,95.11138984,2019
아파트,규모2,서울,2019.08,88.82952999,2019
아파트,규모3,서울,2019.08,91.35132687,2019
아파트,규모4,서울,2019.08,92.85184198,2019
아파트,규모5,서울,2019.08,92.64811432,2019
아파트,규모6,서울,2019.08,92.12246475,2019
연립다세대,규모1,서울,2019.08,95.96237813,2019
연립다세대,규모2,서울,2019.08,96.118862,2019
연립다세대,규모3,서울,2019.08,96.46535956,2019
연립다세대,규모4,서울,2019.08,95.98541868,2019
단독주택,규모1,서울,2019.08,91.60050273,2019
단독주택,규모2,서울,2019.08,92.37543532,2019
단독주택,규모3,서울,2019.08,92.29596418,2019
아파트,규모1,서울,2019.09,95.12455367,2019
아파트,규모2,서울,2019.09,89.0385803,2019
아파트,규모3,서울,2019.09,91.51941093,2019
아파트,규모4,서울,2019.09,92.8765491,2019
아파트,규모5,서울,2019.09,92.81365433,2019
아파트,규모6,서울,2019.09,92.34084927,2019
연립다세대,규모1,서울,2019.09,96.04278177,2019
연립다세대,규모2,서울,2019.09,96.12573937,2019
연립다세대,규모3,서울,2019.09,96.48857623,2019
연립다세대,규모4,서울,2019.09,96.01012603,2019
단독주택,규모1,서울,2019.09,91.96479317,2019
단독주택,규모2,서울,2019.09,92.74524262,2019
단독주택,규모3,서울,2019.09,92.82377146,2019
아파트,규모1,서울,2019.10,95.3811121,2019
아파트,규모2,서울,2019.10,89.58773883,2019
아파트,규모3,서울,2019.10,92.07735072,2019
아파트,규모4,서울,2019.10,93.40500582,2019
아파트,규모5,서울,2019.10,93.43809871,2019
아파트,규모6,서울,2019.10,92.89868422,2019
연립다세대,규모1,서울,2019.10,96.16503634,2019
연립다세대,규모2,서울,2019.10,96.27591868,2019
연립다세대,규모3,서울,2019.10,96.62558679,2019
연립다세대,규모4,서울,2019.10,96.17105791,2019
단독주택,규모1,서울,2019.10,92.41782952,2019
단독주택,규모2,서울,2019.10,93.20870761,2019
단독주택,규모3,서울,2019.10,93.30761968,2019
아파트,규모1,서울,2019.11,95.7430881,2019
아파트,규모2,서울,2019.11,90.24802828,2019
아파트,규모3,서울,2019.11,92.74186307,2019
아파트,규모4,서울,2019.11,93.93215361,2019
아파트,규모5,서울,2019.11,94.08159166,2019
아파트,규모6,서울,2019.11,93.50022172,2019
연립다세대,규모1,서울,2019.11,96.33796838,2019
연립다세대,규모2,서울,2019.11,96.46756687,2019
연립다세대,규모3,서울,2019.11,96.81873852,2019
연립다세대,규모4,서울,2019.11,96.49602609,2019
단독주택,규모1,서울,2019.11,92.77795405,2019
단독주택,규모2,서울,2019.11,93.5445499,2019
단독주택,규모3,서울,2019.11,93.5698703,2019
아파트,규모1,서울,2019.12,96.39645117,2019
아파트,규모2,서울,2019.12,91.41782342,2019
아파트,규모3,서울,2019.12,93.92041822,2019
아파트,규모4,서울,2019.12,95.29135829,2019
아파트,규모5,서울,2019.12,95.10327017,2019
아파트,규모6,서울,2019.12,94.98108384,2019
연립다세대,규모1,서울,2019.12,96.72757628,2019
연립다세대,규모2,서울,2019.12,96.79540893,2019
연립다세대,규모3,서울,2019.12,97.13376216,2019
연립다세대,규모4,서울,2019.12,96.90221395,2019
단독주택,규모1,서울,2019.12,93.24358832,2019
단독주택,규모2,서울,2019.12,93.98637947,2019
단독주택,규모3,서울,2019.12,94.02002341,2019
아파트,규모1,서울,2020.01,96.68782212,2020
아파트,규모2,서울,2020.01,91.91026723,2020
아파트,규모3,서울,2020.01,94.34389611,2020
아파트,규모4,서울,2020.01,95.6831078,2020
아파트,규모5,서울,2020.01,95.50881317,2020
아파트,규모6,서울,2020.01,95.23643195,2020
연립다세대,규모1,서울,2020.01,96.85149348,2020
연립다세대,규모2,서울,2020.01,96.90414942,2020
연립다세대,규모3,서울,2020.01,97.27543967,2020
연립다세대,규모4,서울,2020.01,97.12673897,2020
단독주택,규모1,서울,2020.01,93.59245082,2020
단독주택,규모2,서울,2020.01,94.35756987,2020
단독주택,규모3,서울,2020.01,94.31258964,2020
아파트,규모1,서울,2020.02,96.73078529,2020
아파트,규모2,서울,2020.02,92.13312413,2020
아파트,규모3,서울,2020.02,94.45347058,2020
아파트,규모4,서울,2020.02,95.76366693,2020
아파트,규모5,서울,2020.02,95.53144639,2020
아파트,규모6,서울,2020.02,95.15617104,2020
연립다세대,규모1,서울,2020.02,96.96894177,2020
연립다세대,규모2,서울,2020.02,97.01453478,2020
연립다세대,규모3,서울,2020.02,97.40050888,2020
연립다세대,규모4,서울,2020.02,97.2018021,2020
단독주택,규모1,서울,2020.02,93.91245113,2020
단독주택,규모2,서울,2020.02,94.7067508,2020
단독주택,규모3,서울,2020.02,94.64072388,2020
아파트,규모1,서울,2020.03,96.8480232,2020
아파트,규모2,서울,2020.03,92.33387313,2020
아파트,규모3,서울,2020.03,94.54460007,2020
아파트,규모4,서울,2020.03,95.81744904,2020
아파트,규모5,서울,2020.03,95.54997993,2020
아파트,규모6,서울,2020.03,95.0517277,2020
연립다세대,규모1,서울,2020.03,97.07177723,2020
연립다세대,규모2,서울,2020.03,97.12400969,2020
연립다세대,규모3,서울,2020.03,97.48056541,2020
연립다세대,규모4,서울,2020.03,97.2591624,2020
단독주택,규모1,서울,2020.03,94.23403345,2020
단독주택,규모2,서울,2020.03,95.02781653,2020
단독주택,규모3,서울,2020.03,94.96223137,2020
아파트,규모1,서울,2020.04,96.72381965,2020
아파트,규모2,서울,2020.04,92.36891583,2020
아파트,규모3,서울,2020.04,94.45380247,2020
아파트,규모4,서울,2020.04,95.66590445,2020
아파트,규모5,서울,2020.04,95.37005081,2020
아파트,규모6,서울,2020.04,94.61703448,2020
연립다세대,규모1,서울,2020.04,97.09405215,2020
연립다세대,규모2,서울,2020.04,97.11898791,2020
연립다세대,규모3,서울,2020.04,97.50269275,2020
연립다세대,규모4,서울,2020.04,97.24866926,2020
단독주택,규모1,서울,2020.04,94.52002314,2020
단독주택,규모2,서울,2020.04,95.23840807,2020
단독주택,규모3,서울,2020.04,95.19472751,2020
아파트,규모1,서울,2020.05,96.5703561,2020
아파트,규모2,서울,2020.05,92.22968146,2020
아파트,규모3,서울,2020.05,94.26580007,2020
아파트,규모4,서울,2020.05,95.56681055,2020
아파트,규모5,서울,2020.05,95.11705941,2020
아파트,규모6,서울,2020.05,94.15722557,2020
연립다세대,규모1,서울,2020.05,97.0835423,2020
연립다세대,규모2,서울,2020.05,97.08231228,2020
연립다세대,규모3,서울,2020.05,97.49088632,2020
연립다세대,규모4,서울,2020.05,97.24877679,2020
단독주택,규모1,서울,2020.05,94.79911141,2020
단독주택,규모2,서울,2020.05,95.46407126,2020
단독주택,규모3,서울,2020.05,95.48142657,2020
아파트,규모1,서울,2020.06,96.59413784,2020
아파트,규모2,서울,2020.06,92.39037445,2020
아파트,규모3,서울,2020.06,94.42993135,2020
아파트,규모4,서울,2020.06,95.60267225,2020
아파트,규모5,서울,2020.06,95.17826738,2020
아파트,규모6,서울,2020.06,94.16423395,2020
연립다세대,규모1,서울,2020.06,97.14052435,2020
연립다세대,규모2,서울,2020.06,97.12939894,2020
연립다세대,규모3,서울,2020.06,97.55029663,2020
연립다세대,규모4,서울,2020.06,97.30785241,2020
단독주택,규모1,서울,2020.06,95.07025124,2020
단독주택,규모2,서울,2020.06,95.75778627,2020
단독주택,규모3,서울,2020.06,95.76036116,2020
아파트,규모1,서울,2020.07,97.14178611,2020
아파트,규모2,서울,2020.07,93.75166969,2020
아파트,규모3,서울,2020.07,95.52500686,2020
아파트,규모4,서울,2020.07,96.5687834,2020
아파트,규모5,서울,2020.07,96.00352662,2020
아파트,규모6,서울,2020.07,95.01756326,2020
연립다세대,규모1,서울,2020.07,97.2571889,2020
연립다세대,규모2,서울,2020.07,97.29723435,2020
연립다세대,규모3,서울,2020.07,97.68248588,2020
연립다세대,규모4,서울,2020.07,97.46184103,2020
단독주택,규모1,서울,2020.07,95.45683274,2020
단독주택,규모2,서울,2020.07,96.08508027,2020
단독주택,규모3,서울,2020.07,96.06218366,2020
아파트,규모1,서울,2020.08,97.4258543,2020
아파트,규모2,서울,2020.08,94.52672033,2020
아파트,규모3,서울,2020.08,96.03087138,2020
아파트,규모4,서울,2020.08,96.81443531,2020
아파트,규모5,서울,2020.08,96.40455508,2020
아파트,규모6,서울,2020.08,95.32953616,2020
연립다세대,규모1,서울,2020.08,97.4651381,2020
연립다세대,규모2,서울,2020.08,97.54600714,2020
연립다세대,규모3,서울,2020.08,97.90082359,2020
연립다세대,규모4,서울,2020.08,97.60809239,2020
단독주택,규모1,서울,2020.08,95.82856644,2020
단독주택,규모2,서울,2020.08,96.43331958,2020
단독주택,규모3,서울,2020.08,96.45840163,2020
아파트,규모1,서울,2020.09,97.65848458,2020
아파트,규모2,서울,2020.09,94.92278467,2020
아파트,규모3,서울,2020.09,96.32193251,2020
아파트,규모4,서울,2020.09,96.92183639,2020
아파트,규모5,서울,2020.09,96.58402031,2020
아파트,규모6,서울,2020.09,95.5019613,2020
연립다세대,규모1,서울,2020.09,97.64326196,2020
연립다세대,규모2,서울,2020.09,97.74307363,2020
연립다세대,규모3,서울,2020.09,98.07207006,2020
연립다세대,규모4,서울,2020.09,97.74831016,2020
단독주택,규모1,서울,2020.09,96.26256926,2020
단독주택,규모2,서울,2020.09,96.78572026,2020
단독주택,규모3,서울,2020.09,96.81925139,2020
아파트,규모1,서울,2020.10,97.6821739,2020
아파트,규모2,서울,2020.10,95.12480567,2020
아파트,규모3,서울,2020.10,96.4105168,2020
아파트,규모4,서울,2020.10,97.05545095,2020
아파트,규모5,서울,2020.10,96.64416141,2020
아파트,규모6,서울,2020.10,95.56974337,2020
연립다세대,규모1,서울,2020.10,97.79834664,2020
연립다세대,규모2,서울,2020.10,97.90388761,2020
연립다세대,규모3,서울,2020.10,98.17804042,2020
연립다세대,규모4,서울,2020.10,97.87543866,2020
단독주택,규모1,서울,2020.10,96.68271184,2020
단독주택,규모2,서울,2020.10,97.1460273,2020
단독주택,규모3,서울,2020.10,97.16650186,2020
아파트,규모1,서울,2020.11,97.74614777,2020
아파트,규모2,서울,2020.11,95.31511298,2020
아파트,규모3,서울,2020.11,96.5127916,2020
아파트,규모4,서울,2020.11,97.10168167,2020
아파트,규모5,서울,2020.11,96.72167026,2020
아파트,규모6,서울,2020.11,95.64358085,2020
연립다세대,규모1,서울,2020.11,97.99172928,2020
연립다세대,규모2,서울,2020.11,98.06919411,2020
연립다세대,규모3,서울,2020.11,98.32988209,2020
연립다세대,규모4,서울,2020.11,98.02200148,2020
단독주택,규모1,서울,2020.11,97.1061689,2020
단독주택,규모2,서울,2020.11,97.50017703,2020
단독주택,규모3,서울,2020.11,97.41600774,2020
아파트,규모1,서울,2020.12,97.90884883,2020
아파트,규모2,서울,2020.12,95.62006431,2020
아파트,규모3,서울,2020.12,96.81769508,2020
아파트,규모4,서울,2020.12,97.34413824,2020
아파트,규모5,서울,2020.12,96.94128264,2020
아파트,규모6,서울,2020.12,95.88615694,2020
연립다세대,규모1,서울,2020.12,98.18933727,2020
연립다세대,규모2,서울,2020.12,98.27559868,2020
연립다세대,규모3,서울,2020.12,98.47926185,2020
연립다세대,규모4,서울,2020.12,98.20610596,2020
단독주택,규모1,서울,2020.12,97.52249969,2020
단독주택,규모2,서울,2020.12,97.80850199,2020
단독주택,규모3,서울,2020.12,97.75035132,2020
아파트,규모1,서울,2021.01,98.10854495,2021
아파트,규모2,서울,2021.01,96.11141254,2021
아파트,규모3,서울,2021.01,97.19512478,2021
아파트,규모4,서울,2021.01,97.64864537,2021
아파트,규모5,서울,2021.01,97.27515859,2021
아파트,규모6,서울,2021.01,96.35108334,2021
연립다세대,규모1,서울,2021.01,98.6053201,2021
연립다세대,규모2,서울,2021.01,98.67998972,2021
연립다세대,규모3,서울,2021.01,98.83152645,2021
연립다세대,규모4,서울,2021.01,98.6893283,2021
단독주택,규모1,서울,2021.01,97.96175571,2021
단독주택,규모2,서울,2021.01,98.13185139,2021
단독주택,규모3,서울,2021.01,98.08639198,2021
아파트,규모1,서울,2021.02,98.62890451,2021
아파트,규모2,서울,2021.02,96.91499398,2021
아파트,규모3,서울,2021.02,97.84252872,2021
아파트,규모4,서울,2021.02,98.19612173,2021
아파트,규모5,서울,2021.02,97.89567281,2021
아파트,규모6,서울,2021.02,96.97289667,2021
연립다세대,규모1,서울,2021.02,98.94012723,2021
연립다세대,규모2,서울,2021.02,98.95648294,2021
연립다세대,규모3,서울,2021.02,99.05106724,2021
연립다세대,규모4,서울,2021.02,98.93703425,2021
단독주택,규모1,서울,2021.02,98.38833826,2021
단독주택,규모2,서울,2021.02,98.47052885,2021
단독주택,규모3,서울,2021.02,98.43402618,2021
아파트,규모1,서울,2021.03,98.85105371,2021
아파트,규모2,서울,2021.03,97.55613174,2021
아파트,규모3,서울,2021.03,98.30491539,2021
아파트,규모4,서울,2021.03,98.57238656,2021
아파트,규모5,서울,2021.03,98.35751664,2021
아파트,규모6,서울,2021.03,97.3345847,2021
연립다세대,규모1,서울,2021.03,99.12735162,2021
연립다세대,규모2,서울,2021.03,99.18721324,2021
연립다세대,규모3,서울,2021.03,99.28035468,2021
연립다세대,규모4,서울,2021.03,99.10386213,2021
단독주택,규모1,서울,2021.03,98.67118617,2021
단독주택,규모2,서울,2021.03,98.81728643,2021
단독주택,규모3,서울,2021.03,98.73307906,2021
아파트,규모1,서울,2021.04,99.11161885,2021
아파트,규모2,서울,2021.04,98.10227613,2021
아파트,규모3,서울,2021.04,98.67627326,2021
아파트,규모4,서울,2021.04,99.01302736,2021
아파트,규모5,서울,2021.04,98.76370354,2021
아파트,규모6,서울,2021.04,97.86857577,2021
연립다세대,규모1,서울,2021.04,99.29855426,2021
연립다세대,규모2,서울,2021.04,99.41025112,2021
연립다세대,규모3,서울,2021.04,99.49525559,2021
연립다세대,규모4,서울,2021.04,99.30551594,2021
단독주택,규모1,서울,2021.04,99.06025974,2021
단독주택,규모2,서울,2021.04,99.16812446,2021
단독주택,규모3,서울,2021.04,99.05728947,2021
아파트,규모1,서울,2021.05,99.43139839,2021
아파트,규모2,서울,2021.05,98.71058221,2021
아파트,규모3,서울,2021.05,99.11377666,2021
아파트,규모4,서울,2021.05,99.31501543,2021
아파트,규모5,서울,2021.05,99.21172199,2021
아파트,규모6,서울,2021.05,98.5507555,2021
연립다세대,규모1,서울,2021.05,99.57402336,2021
연립다세대,규모2,서울,2021.05,99.66539563,2021
연립다세대,규모3,서울,2021.05,99.66823933,2021
연립다세대,규모4,서울,2021.05,99.51357609,2021
단독주택,규모1,서울,2021.05,99.49694162,2021
단독주택,규모2,서울,2021.05,99.54480884,2021
단독주택,규모3,서울,2021.05,99.43912349,2021
아파트,규모1,서울,2021.06,100.0,2021
아파트,규모2,서울,2021.06,100.0,2021
아파트,규모3,서울,2021.06,100.0,2021
아파트,규모4,서울,2021.06,100.0,2021
아파트,규모5,서울,2021.06,100.0,2021
아파트,규모6,서울,2021.06,100.0,2021
연립다세대,규모1,서울,2021.06,100.0,2021
연립다세대,규모2,서울,2021.06,100.0,2021
연립다세대,규모3,서울,2021.06,100.0,2021
연립다세대,규모4,서울,2021.06,100.0,2021
단독주택,규모1,서울,2021.06,100.0,2021
단독주택,규모2,서울,2021.06,100.0,2021
단독주택,규모3,서울,2021.06,100.0,2021
아파트,규모1,서울,2021.07,100.7598299,2021
아파트,규모2,서울,2021.07,101.0136741,2021
아파트,규모3,서울,2021.07,100.710413,2021
아파트,규모4,서울,2021.07,100.9757869,2021
아파트,규모5,서울,2021.07,100.7577694,2021
아파트,규모6,서울,2021.07,100.7391838,2021
연립다세대,규모1,서울,2021.07,100.352062,2021
연립다세대,규모2,서울,2021.07,100.2919853,2021
연립다세대,규모3,서울,2021.07,100.292172,2021
연립다세대,규모4,서울,2021.07,100.1077002,2021
단독주택,규모1,서울,2021.07,100.4290109,2021
단독주택,규모2,서울,2021.07,100.4209618,2021
단독주택,규모3,서울,2021.07,100.3826144,2021
아파트,규모1,서울,2021.08,101.7712714,2021
아파트,규모2,서울,2021.08,102.1485678,2021
아파트,규모3,서울,2021.08,101.6397886,2021
아파트,규모4,서울,2021.08,101.6825301,2021
아파트,규모5,서울,2021.08,101.4636358,2021
아파트,규모6,서울,2021.08,101.3288004,2021
연립다세대,규모1,서울,2021.08,100.6743666,2021
연립다세대,규모2,서울,2021.08,100.6547357,2021
연립다세대,규모3,서울,2021.08,100.6327402,2021
연립다세대,규모4,서울,2021.08,100.3376216,2021
단독주택,규모1,서울,2021.08,100.8643115,2021
단독주택,규모2,서울,2021.08,100.8345141,2021
단독주택,규모3,서울,2021.08,100.9688474,2021
아파트,규모1,서울,2021.09,102.6856408,2021
아파트,규모2,서울,2021.09,103.1977123,2021
아파트,규모3,서울,2021.09,102.5371309,2021
아파트,규모4,서울,2021.09,102.6276358,2021
아파트,규모5,서울,2021.09,102.1450241,2021
아파트,규모6,서울,2021.09,102.298693,2021
연립다세대,규모1,서울,2021.09,101.0960996,2021
연립다세대,규모2,서울,2021.09,101.0921588,2021
연립다세대,규모3,서울,2021.09,101.1090136,2021
연립다세대,규모4,서울,2021.09,100.760433,2021
단독주택,규모1,서울,2021.09,101.2900294,2021
단독주택,규모2,서울,2021.09,101.2403436,2021
단독주택,규모3,서울,2021.09,101.5270011,2021
아파트,규모1,서울,2021.10,103.6291777,2021
아파트,규모2,서울,2021.10,104.1704377,2021
아파트,규모3,서울,2021.10,103.3831347,2021
아파트,규모4,서울,2021.10,103.2406188,2021
아파트,규모5,서울,2021.10,102.8580929,2021
아파트,규모6,서울,2021.10,102.9657531,2021
연립다세대,규모1,서울,2021.10,101.6235762,2021
연립다세대,규모2,서울,2021.10,101.7066902,2021
연립다세대,규모3,서울,2021.10,101.6490287,2021
연립다세대,규모4,서울,2021.10,101.2947051,2021
단독주택,규모1,서울,2021.10,101.713425,2021
단독주택,규모2,서울,2021.10,101.6042804,2021
단독주택,규모3,서울,2021.10,101.952574,2021
아파트,규모1,서울,2021.11,104.3351953,2021
아파트,규모2,서울,2021.11,104.7899055,2021
아파트,규모3,서울,2021.11,104.0179183,2021
아파트,규모4,서울,2021.11,103.891569,2021
아파트,규모5,서울,2021.11,103.3814029,2021
아파트,규모6,서울,2021.11,103.6080301,2021
연립다세대,규모1,서울,2021.11,102.0806786,2021
연립다세대,규모2,서울,2021.11,102.1481794,2021
연립다세대,규모3,서울,2021.11,102.2741722,2021
연립다세대,규모4,서울,2021.11,101.8322402,2021
단독주택,규모1,서울,2021.11,102.0835906,2021
단독주택,규모2,서울,2021.11,101.9196576,2021
단독주택,규모3,서울,2021.11,102.4141386,2021
아파트,규모1,서울,2021.12,104.5554419,2021
아파트,규모2,서울,2021.12,105.0603144,2021
아파트,규모3,서울,2021.12,104.2495954,2021
아파트,규모4,서울,2021.12,104.0357649,2021
아파트,규모5,서울,2021.12,103.7232296,2021
아파트,규모6,서울,2021.12,103.8845503,2021
연립다세대,규모1,서울,2021.12,102.3019566,2021
연립다세대,규모2,서울,2021.12,102.4972501,2021
연립다세대,규모3,서울,2021.12,102.4793558,2021
연립다세대,규모4,서울,2021.12,102.0605463,2021
단독주택,규모1,서울,2021.12,102.4748127,2021
단독주택,규모2,서울,2021.12,102.2239437,2021
단독주택,규모3,서울,2021.12,102.6894848,2021
아파트,규모1,서울,2022.01,104.4264163,2022
아파트,규모2,서울,2022.01,105.0067672,2022
아파트,규모3,서울,2022.01,104.2836384,2022
아파트,규모4,서울,2022.01,104.2116447,2022
아파트,규모5,서울,2022.01,103.7431315,2022
아파트,규모6,서울,2022.01,103.9083097,2022
연립다세대,규모1,서울,2022.01,102.298755,2022
연립다세대,규모2,서울,2022.01,102.5470445,2022
연립다세대,규모3,서울,2022.01,102.4682311,2022
연립다세대,규모4,서울,2022.01,102.097171,2022
단독주택,규모1,서울,2022.01,102.66085,2022
단독주택,규모2,서울,2022.01,102.4255227,2022
단독주택,규모3,서울,2022.01,103.0258611,2022
아파트,규모1,서울,2022.02,104.2300064,2022
아파트,규모2,서울,2022.02,104.9045712,2022
아파트,규모3,서울,2022.02,104.2076695,2022
아파트,규모4,서울,2022.02,104.1917322,2022
아파트,규모5,서울,2022.02,103.6782328,2022
아파트,규모6,서울,2022.02,103.8381393,2022
연립다세대,규모1,서울,2022.02,102.265394,2022
연립다세대,규모2,서울,2022.02,102.4081077,2022
연립다세대,규모3,서울,2022.02,102.5264735,2022
연립다세대,규모4,서울,2022.02,101.9383185,2022
단독주택,규모1,서울,2022.02,102.9557317,2022
단독주택,규모2,서울,2022.02,102.6699426,2022
단독주택,규모3,서울,2022.02,103.3371186,2022
아파트,규모1,서울,2022.03,104.136134,2022
아파트,규모2,서울,2022.03,104.7570711,2022
아파트,규모3,서울,2022.03,104.1393062,2022
아파트,규모4,서울,2022.03,104.225703,2022
아파트,규모5,서울,2022.03,103.6688831,2022
아파트,규모6,서울,2022.03,103.8512405,2022
연립다세대,규모1,서울,2022.03,102.24283,2022
연립다세대,규모2,서울,2022.03,102.4518963,2022
연립다세대,규모3,서울,2022.03,102.4217359,2022
연립다세대,규모4,서울,2022.03,101.8741592,2022
단독주택,규모1,서울,2022.03,103.313492,2022
단독주택,규모2,서울,2022.03,102.9858802,2022
단독주택,규모3,서울,2022.03,103.5999552,2022
아파트,규모1,서울,2022.04,104.1364634,2022
아파트,규모2,서울,2022.04,104.7093619,2022
아파트,규모3,서울,2022.04,104.1100448,2022
아파트,규모4,서울,2022.04,104.2812991,2022
아파트,규모5,서울,2022.04,103.7143525,2022
아파트,규모6,서울,2022.04,103.9875971,2022
연립다세대,규모1,서울,2022.04,102.2440448,2022
연립다세대,규모2,서울,2022.04,102.5139496,2022
연립다세대,규모3,서울,2022.04,102.4012834,2022
연립다세대,규모4,서울,2022.04,101.881993,2022
단독주택,규모1,서울,2022.04,103.7130336,2022
단독주택,규모2,서울,2022.04,103.3292861,2022
단독주택,규모3,서울,2022.04,104.0593367,2022
아파트,규모1,서울,2022.05,103.8319019,2022
아파트,규모2,서울,2022.05,104.705808,2022
아파트,규모3,서울,2022.05,104.0895125,2022
아파트,규모4,서울,2022.05,104.3487581,2022
아파트,규모5,서울,2022.05,103.7379725,2022
아파트,규모6,서울,2022.05,104.1455111,2022
연립다세대,규모1,서울,2022.05,102.1843853,2022
연립다세대,규모2,서울,2022.05,102.6632034,2022
연립다세대,규모3,서울,2022.05,102.3848352,2022
연립다세대,규모4,서울,2022.05,101.8704809,2022
단독주택,규모1,서울,2022.05,104.1347691,2022
단독주택,규모2,서울,2022.05,103.6660912,2022
단독주택,규모3,서울,2022.05,104.3967403,2022
아파트,규모1,서울,2022.06,103.635446,2022
아파트,규모2,서울,2022.06,104.5772266,2022
아파트,규모3,서울,2022.06,104.0093085,2022
아파트,규모4,서울,2022.06,104.303659,2022
아파트,규모5,서울,2022.06,103.7417326,2022
아파트,규모6,서울,2022.06,104.141648,2022
연립다세대,규모1,서울,2022.06,102.2008809,2022
연립다세대,규모2,서울,2022.06,102.6447664,2022
연립다세대,규모3,서울,2022.06,102.2967325,2022
연립다세대,규모4,서울,2022.06,102.0015857,2022
단독주택,규모1,서울,2022.06,104.5479567,2022
단독주택,규모2,서울,2022.06,104.0200007,2022
단독주택,규모3,서울,2022.06,104.6642956,2022
아파트,규모1,서울,2022.07,103.3674937,2022
아파트,규모2,서울,2022.07,104.25487,2022
아파트,규모3,서울,2022.07,103.7581845,2022
아파트,규모4,서울,2022.07,104.2018998,2022
아파트,규모5,서울,2022.07,103.6233652,2022
아파트,규모6,서울,2022.07,104.1302491,2022
연립다세대,규모1,서울,2022.07,102.1660064,2022
연립다세대,규모2,서울,2022.07,102.6516184,2022
연립다세대,규모3,서울,2022.07,102.3071332,2022
연립다세대,규모4,서울,2022.07,102.034697,2022
단독주택,규모1,서울,2022.07,104.9723951,2022
단독주택,규모2,서울,2022.07,104.3433949,2022
단독주택,규모3,서울,2022.07,105.0285256,2022
아파트,규모1,서울,2022.08,102.8556458,2022
아파트,규모2,서울,2022.08,103.6108629,2022
아파트,규모3,서울,2022.08,103.269759,2022
아파트,규모4,서울,2022.08,103.8292303,2022
아파트,규모5,서울,2022.08,103.3442511,2022
아파트,규모6,서울,2022.08,104.1445648,2022
연립다세대,규모1,서울,2022.08,101.9854569,2022
연립다세대,규모2,서울,2022.08,102.6560438,2022
연립다세대,규모3,서울,2022.08,102.3180916,2022
연립다세대,규모4,서울,2022.08,102.0574643,2022
단독주택,규모1,서울,2022.08,105.3826458,2022
단독주택,규모2,서울,2022.08,104.6268964,2022
단독주택,규모3,서울,2022.08,105.3980395,2022
아파트,규모1,서울,2022.09,101.9682768,2022
아파트,규모2,서울,2022.09,102.6161278,2022
아파트,규모3,서울,2022.09,102.4777372,2022
아파트,규모4,서울,2022.09,103.308095,2022
아파트,규모5,서울,2022.09,102.810004,2022
아파트,규모6,서울,2022.09,103.8359992,2022
연립다세대,규모1,서울,2022.09,101.8219063,2022
연립다세대,규모2,서울,2022.09,102.4522569,2022
연립다세대,규모3,서울,2022.09,102.2981024,2022
연립다세대,규모4,서울,2022.09,101.8930076,2022
단독주택,규모1,서울,2022.09,105.4462848,2022
단독주택,규모2,서울,2022.09,104.6769824,2022
단독주택,규모3,서울,2022.09,105.5143672,2022
아파트,규모1,서울,2022.10,100.7610472,2022
아파트,규모2,서울,2022.10,100.8850918,2022
아파트,규모3,서울,2022.10,101.2298018,2022
아파트,규모4,서울,2022.10,102.430336,2022
아파트,규모5,서울,2022.10,101.9211828,2022
아파트,규모6,서울,2022.10,103.2790531,2022
연립다세대,규모1,서울,2022.10,101.5085404,2022
연립다세대,규모2,서울,2022.10,102.1336729,2022
연립다세대,규모3,서울,2022.10,102.0123058,2022
연립다세대,규모4,서울,2022.10,101.5919755,2022
단독주택,규모1,서울,2022.10,105.3706158,2022
단독주택,규모2,서울,2022.10,104.5972703,2022
단독주택,규모3,서울,2022.10,105.4138742,2022
아파트,규모1,서울,2022.11,98.68549022,2022
아파트,규모2,서울,2022.11,98.29588225,2022
아파트,규모3,서울,2022.11,99.08519727,2022
아파트,규모4,서울,2022.11,100.7395155,2022
아파트,규모5,서울,2022.11,100.4201519,2022
아파트,규모6,서울,2022.11,102.3041989,2022
연립다세대,규모1,서울,2022.11,101.0457464,2022
연립다세대,규모2,서울,2022.11,101.5057868,2022
연립다세대,규모3,서울,2022.11,101.5413698,2022
연립다세대,규모4,서울,2022.11,101.3333865,2022
단독주택,규모1,서울,2022.11,105.1205629,2022
단독주택,규모2,서울,2022.11,104.4168404,2022
단독주택,규모3,서울,2022.11,104.9650876,2022
아파트,규모1,서울,2022.12,96.10377626,2022
아파트,규모2,서울,2022.12,94.70968762,2022
아파트,규모3,서울,2022.12,96.12888508,2022
아파트,규모4,서울,2022.12,98.36674623,2022
아파트,규모5,서울,2022.12,98.01540479,2022
아파트,규모6,서울,2022.12,100.6527154,2022
연립다세대,규모1,서울,2022.12,100.1456036,2022
연립다세대,규모2,서울,2022.12,100.5452064,2022
연립다세대,규모3,서울,2022.12,100.7021309,2022
연립다세대,규모4,서울,2022.12,100.6847411,2022
단독주택,규모1,서울,2022.12,104.8672857,2022
단독주택,규모2,서울,2022.12,104.1766846,2022
단독주택,규모3,서울,2022.12,104.8506,2022
아파트,규모1,서울,2023.01,94.36447471,2023
아파트,규모2,서울,2023.01,92.5177247,2023
아파트,규모3,서울,2023.01,94.41623304,2023
아파트,규모4,서울,2023.01,97.30706634,2023
아파트,규모5,서울,2023.01,96.75133312,2023
아파트,규모6,서울,2023.01,99.81606284,2023
연립다세대,규모1,서울,2023.01,99.5325974,2023
연립다세대,규모2,서울,2023.01,100.0184839,2023
연립다세대,규모3,서울,2023.01,99.9984493,2023
연립다세대,규모4,서울,2023.01,100.2983128,2023
단독주택,규모1,서울,2023.01,104.752174,2023
단독주택,규모2,서울,2023.01,103.9731403,2023
단독주택,규모3,서울,2023.01,104.7218363,2023
아파트,규모1,서울,2023.02,93.59755055,2023
아파트,규모2,서울,2023.02,91.35482863,2023
아파트,규모3,서울,2023.02,93.32037155,2023
아파트,규모4,서울,2023.02,96.34278882,2023
아파트,규모5,서울,2023.02,95.95266173,2023
아파트,규모6,서울,2023.02,99.30606321,2023
연립다세대,규모1,서울,2023.02,98.95247303,2023
연립다세대,규모2,서울,2023.02,99.57670362,2023
연립다세대,규모3,서울,2023.02,99.58494699,2023
연립다세대,규모4,서울,2023.02,100.1248589,2023
단독주택,규모1,서울,2023.02,104.6349475,2023
단독주택,규모2,서울,2023.02,103.8452087,2023
단독주택,규모3,서울,2023.02,104.6207899,2023
아파트,규모1,서울,2023.03,93.00651634,2023
아파트,규모2,서울,2023.03,90.56261499,2023
아파트,규모3,서울,2023.03,92.63390726,2023
아파트,규모4,서울,2023.03,95.96852444,2023
아파트,규모5,서울,2023.03,95.33192033,2023
아파트,규모6,서울,2023.03,99.02246609,2023
연립다세대,규모1,서울,2023.03,98.61960779,2023
연립다세대,규모2,서울,2023.03,99.23925944,2023
연립다세대,규모3,서울,2023.03,99.13671554,2023
연립다세대,규모4,서울,2023.03,99.90733073,2023
단독주택,규모1,서울,2023.03,104.547079,2023
단독주택,규모2,서울,2023.03,103.7703505,2023
단독주택,규모3,서울,2023.03,104.52878,2023
아파트,규모1,서울,2023.04,92.66239558,2023
아파트,규모2,서울,2023.04,90.23137275,2023
아파트,규모3,서울,2023.04,92.20336748,2023
아파트,규모4,서울,2023.04,95.79651552,2023
아파트,규모5,서울,2023.04,95.02679651,2023
아파트,규모6,서울,2023.04,98.85933096,2023
연립다세대,규모1,서울,2023.04,98.29105491,2023
연립다세대,규모2,서울,2023.04,98.94117055,2023
연립다세대,규모3,서울,2023.04,98.80720747,2023
연립다세대,규모4,서울,2023.04,99.69528288,2023
단독주택,규모1,서울,2023.04,104.4517526,2023
단독주택,규모2,서울,2023.04,103.7105722,2023
단독주택,규모3,서울,2023.04,104.5544708,2023
아파트,규모1,서울,2023.05,92.59785546,2023
아파트,규모2,서울,2023.05,90.17895532,2023
아파트,규모3,서울,2023.05,92.25711269,2023
아파트,규모4,서울,2023.05,95.7191385,2023
아파트,규모5,서울,2023.05,95.05962575,2023
아파트,규모6,서울,2023.05,98.97961238,2023
연립다세대,규모1,서울,2023.05,97.95030748,2023
연립다세대,규모2,서울,2023.05,98.59862135,2023
연립다세대,규모3,서울,2023.05,98.50743025,2023
연립다세대,규모4,서울,2023.05,99.37812114,2023
단독주택,규모1,서울,2023.05,104.392711,2023
단독주택,규모2,서울,2023.05,103.6719978,2023
단독주택,규모3,서울,2023.05,104.6394583,2023
아파트,규모1,서울,2023.06,92.51697742,2023
아파트,규모2,서울,2023.06,90.22907016,2023
아파트,규모3,서울,2023.06,92.51070768,2023
아파트,규모4,서울,2023.06,95.97409229,2023
아파트,규모5,서울,2023.06,95.10146894,2023
아파트,규모6,서울,2023.06,99.27614131,2023
연립다세대,규모1,서울,2023.06,97.89029187,2023
연립다세대,규모2,서울,2023.06,98.45357803,2023
연립다세대,규모3,서울,2023.06,98.30936513,2023
연립다세대,규모4,서울,2023.06,99.288807,2023
단독주택,규모1,서울,2023.06,104.3935608,2023
단독주택,규모2,서울,2023.06,103.6624298,2023
단독주택,규모3,서울,2023.06,104.7723535,2023
아파트,규모1,서울,2023.07,92.55785584,2023
아파트,규모2,서울,2023.07,90.45310599,2023
아파트,규모3,서울,2023.07,92.80727785,2023
아파트,규모4,서울,2023.07,96.29583804,2023
아파트,규모5,서울,2023.07,95.29490303,2023
아파트,규모6,서울,2023.07,99.57774637,2023
연립다세대,규모1,서울,2023.07,97.85270518,2023
연립다세대,규모2,서울,2023.07,98.42019389,2023
연립다세대,규모3,서울,2023.07,98.23422077,2023
연립다세대,규모4,서울,2023.07,99.16707434,2023
단독주택,규모1,서울,2023.07,104.4360403,2023
단독주택,규모2,서울,2023.07,103.6924147,2023
단독주택,규모3,서울,2023.07,104.8812443,2023
아파트,규모1,서울,2023.08,92.66934821,2023
아파트,규모2,서울,2023.08,90.9605987,2023
아파트,규모3,서울,2023.08,93.30278958,2023
아파트,규모4,서울,2023.08,96.66649459,2023
아파트,규모5,서울,2023.08,95.67403142,2023
아파트,규모6,서울,2023.08,99.97184044,2023
연립다세대,규모1,서울,2023.08,97.8482859,2023
연립다세대,규모2,서울,2023.08,98.39083776,2023
연립다세대,규모3,서울,2023.08,98.34102968,2023
연립다세대,규모4,서울,2023.08,99.14814086,2023
단독주택,규모1,서울,2023.08,104.5339426,2023
단독주택,규모2,서울,2023.08,103.8086233,2023
단독주택,규모3,서울,2023.08,104.9360391,2023
아파트,규모1,서울,2023.09,92.89838498,2023
아파트,규모2,서울,2023.09,91.43534505,2023
아파트,규모3,서울,2023.09,93.83235998,2023
아파트,규모4,서울,2023.09,97.02288587,2023
아파트,규모5,서울,2023.09,96.08138011,2023
아파트,규모6,서울,2023.09,100.3150302,2023
연립다세대,규모1,서울,2023.09,97.91846804,2023
연립다세대,규모2,서울,2023.09,98.43608104,2023
연립다세대,규모3,서울,2023.09,98.38123631,2023
연립다세대,규모4,서울,2023.09,99.15284902,2023
단독주택,규모1,서울,2023.09,104.772156,2023
단독주택,규모2,서울,2023.09,103.9444406,2023
단독주택,규모3,서울,2023.09,105.1570669,2023
아파트,규모1,서울,2023.10,93.04610142,2023
아파트,규모2,서울,2023.10,91.7696843,2023
아파트,규모3,서울,2023.10,94.18443525,2023
아파트,규모4,서울,2023.10,97.38610044,2023
아파트,규모5,서울,2023.10,96.4626593,2023
아파트,규모6,서울,2023.10,100.6845066,2023
연립다세대,규모1,서울,2023.10,97.8921488,2023
연립다세대,규모2,서울,2023.10,98.53591757,2023
연립다세대,규모3,서울,2023.10,98.47454629,2023
연립다세대,규모4,서울,2023.10,99.12885467,2023
단독주택,규모1,서울,2023.10,105.0803862,2023
단독주택,규모2,서울,2023.10,104.247814,2023
단독주택,규모3,서울,2023.10,105.5489796,2023
아파트,규모1,서울,2023.11,93.00775331,2023
아파트,규모2,서울,2023.11,91.83730301,2023
아파트,규모3,서울,2023.11,94.33338051,2023
아파트,규모4,서울,2023.11,97.50368822,2023
아파트,규모5,서울,2023.11,96.66479348,2023
아파트,규모6,서울,2023.11,100.8776274,2023
연립다세대,규모1,서울,2023.11,97.88053998,2023
연립다세대,규모2,서울,2023.11,98.48658279,2023
연립다세대,규모3,서울,2023.11,98.41248153,2023
연립다세대,규모4,서울,2023.11,98.98653646,2023
단독주택,규모1,서울,2023.11,105.3601242,2023
단독주택,규모2,서울,2023.11,104.5593811,2023
단독주택,규모3,서울,2023.11,105.810312,2023
아파트,규모1,서울,2023.12,92.85179368,2023
아파트,규모2,서울,2023.12,91.66249605,2023
아파트,규모3,서울,2023.12,94.22092397,2023
아파트,규모4,서울,2023.12,97.32395703,2023
아파트,규모5,서울,2023.12,96.62469171,2023
아파트,규모6,서울,2023.12,100.8821605,2023
연립다세대,규모1,서울,2023.12,97.82559006,2023
연립다세대,규모2,서울,2023.12,98.45067376,2023
연립다세대,규모3,서울,2023.12,98.38012203,2023
연립다세대,규모4,서울,2023.12,98.95337072,2023
단독주택,규모1,서울,2023.12,105.6107615,2023
단독주택,규모2,서울,2023.12,104.7476479,2023
단독주택,규모3,서울,2023.12,106.0516777,2023
아파트,규모1,서울,2024.01,92.69152723,2024
아파트,규모2,서울,2024.01,91.44319862,2024
아파트,규모3,서울,2024.01,94.056254,2024
아파트,규모4,서울,2024.01,97.18323295,2024
아파트,규모5,서울,2024.01,96.53309432,2024
아파트,규모6,서울,2024.01,100.820917,2024
연립다세대,규모1,서울,2024.01,97.74332394,2024
연립다세대,규모2,서울,2024.01,98.42643425,2024
연립다세대,규모3,서울,2024.01,98.27580095,2024
연립다세대,규모4,서울,2024.01,99.02920202,2024
단독주택,규모1,서울,2024.01,105.7650573,2024
단독주택,규모2,서울,2024.01,104.8504475,2024
단독주택,규모3,서울,2024.01,106.159879,2024
아파트,규모1,서울,2024.02,92.56747534,2024
아파트,규모2,서울,2024.02,91.26337883,2024
아파트,규모3,서울,2024.02,93.93605064,2024
아파트,규모4,서울,2024.02,97.02903914,2024
아파트,규모5,서울,2024.02,96.41397986,2024
아파트,규모6,서울,2024.02,100.7992534,2024
연립다세대,규모1,서울,2024.02,97.73825654,2024
연립다세대,규모2,서울,2024.02,98.31092485,2024
연립다세대,규모3,서울,2024.02,98.29516977,2024
연립다세대,규모4,서울,2024.02,99.06369718,2024
단독주택,규모1,서울,2024.02,105.8926665,2024
단독주택,규모2,서울,2024.02,104.9820914,2024
단독주택,규모3,서울,2024.02,106.3028911,2024
아파트,규모1,서울,2024.03,92.43465286,2024
아파트,규모2,서울,2024.03,91.19539925,2024
아파트,규모3,서울,2024.03,93.95667773,2024
아파트,규모4,서울,2024.03,96.93760018,2024
아파트,규모5,서울,2024.03,96.40270689,2024
아파트,규모6,서울,2024.03,100.893821,2024
연립다세대,규모1,서울,2024.03,97.66390444,2024
연립다세대,규모2,서울,2024.03,98.33814596,2024
연립다세대,규모3,서울,2024.03,98.30157059,2024
연립다세대,규모4,서울,2024.03,99.06602639,2024
단독주택,규모1,서울,2024.03,106.1099092,2024
단독주택,규모2,서울,2024.03,105.1098681,2024
단독주택,규모3,서울,2024.03,106.3893473,2024
아파트,규모1,서울,2024.04,92.46992349,2024
아파트,규모2,서울,2024.04,91.3131746,2024
아파트,규모3,서울,2024.04,94.09692069,2024
아파트,규모4,서울,2024.04,96.92575167,2024
아파트,규모5,서울,2024.04,96.51298177,2024
아파트,규모6,서울,2024.04,101.0382459,2024
연립다세대,규모1,서울,2024.04,97.61640285,2024
연립다세대,규모2,서울,2024.04,98.3477221,2024
연립다세대,규모3,서울,2024.04,98.35111199,2024
연립다세대,규모4,서울,2024.04,99.1048688,2024
단독주택,규모1,서울,2024.04,106.3041761,2024
단독주택,규모2,서울,2024.04,105.31558,2024
단독주택,규모3,서울,2024.04,106.6133147,2024
아파트,규모1,서울,2024.05,92.57523487,2024
아파트,규모2,서울,2024.05,91.49826832,2024
아파트,규모3,서울,2024.05,94.28644836,2024
아파트,규모4,서울,2024.05,97.11601648,2024
아파트,규모5,서울,2024.05,96.70583498,2024
아파트,규모6,서울,2024.05,101.3096118,2024
연립다세대,규모1,서울,2024.05,97.68852755,2024
연립다세대,규모2,서울,2024.05,98.29972049,2024
연립다세대,규모3,서울,2024.05,98.4071421,2024
연립다세대,규모4,서울,2024.05,99.17043044,2024
단독주택,규모1,서울,2024.05,106.5337201,2024
단독주택,규모2,서울,2024.05,105.5180496,2024
단독주택,규모3,서울,2024.05,107.0209345,2024
아파트,규모1,서울,2024.06,92.77637333,2024
아파트,규모2,서울,2024.06,92.08473469,2024
아파트,규모3,서울,2024.06,94.84557599,2024
아파트,규모4,서울,2024.06,97.75821789,2024
아파트,규모5,서울,2024.06,97.16605063,2024
아파트,규모6,서울,2024.06,101.7004682,2024
연립다세대,규모1,서울,2024.06,97.85092891,2024
연립다세대,규모2,서울,2024.06,98.41911428,2024
연립다세대,규모3,서울,2024.06,98.45439074,2024
연립다세대,규모4,서울,2024.06,99.22892682,2024
단독주택,규모1,서울,2024.06,106.8074503,2024
단독주택,규모2,서울,2024.06,105.7372249,2024
단독주택,규모3,서울,2024.06,107.2908421,2024
아파트,규모1,서울,2024.07,93.15309179,2024
아파트,규모2,서울,2024.07,93.23632577,2024
아파트,규모3,서울,2024.07,96.09935726,2024
아파트,규모4,서울,2024.07,98.98215613,2024
아파트,규모5,서울,2024.07,98.17890357,2024
아파트,규모6,서울,2024.07,102.8059164,2024
연립다세대,규모1,서울,2024.07,97.99722832,2024
연립다세대,규모2,서울,2024.07,98.6351814,2024
연립다세대,규모3,서울,2024.07,98.60358032,2024
연립다세대,규모4,서울,2024.07,99.33754694,2024
단독주택,규모1,서울,2024.07,107.10093,2024
단독주택,규모2,서울,2024.07,106.0012209,2024
단독주택,규모3,서울,2024.07,107.5796729,2024
아파트,규모1,서울,2024.08,93.65416231,2024
아파트,규모2,서울,2024.08,94.41524607,2024
아파트,규모3,서울,2024.08,97.43767192,2024
아파트,규모4,서울,2024.08,100.2819383,2024
아파트,규모5,서울,2024.08,99.41147849,2024
아파트,규모6,서울,2024.08,104.0804656,2024
연립다세대,규모1,서울,2024.08,98.17105077,2024
연립다세대,규모2,서울,2024.08,98.92114121,2024
연립다세대,규모3,서울,2024.08,98.83402967,2024
연립다세대,규모4,서울,2024.08,99.58652818,2024
단독주택,규모1,서울,2024.08,107.4149991,2024
단독주택,규모2,서울,2024.08,106.2414365,2024
단독주택,규모3,서울,2024.08,107.780558,2024
