지역별,시점,아파트매매가격지수,인구밀도,사교육참여율,고용률,여성초혼연령,인터넷이용률,합계출산율,근로시간
강원,2015.01,82.1,90.2,61.6,51.7,29.62,74.1,1.311,173.1
경기,2015.01,89.6,1227.9,71.7,60.8,30.04,86.3,1.272,175.2
경남,2015.01,105.3,316.4,65.7,58.3,29.76,86.4,1.437,172.2
경북,2015.01,109.4,140.8,64.2,59.2,29.55,86.6,1.464,170.6
광주,2015.01,87.7,2998.5,66.0,57.6,30.09,90.2,1.207,171.5
대구,2015.01,93.8,2790.5,69.6,58.6,30.17,91.1,1.216,175.9
대전,2015.01,96.5,2851.9,69.2,58.7,29.84,85.7,1.277,175.0
부산,2015.01,81.5,4479.0,69.2,55.9,30.53,87.7,1.139,176.6
서울,2015.01,77.9,16350.5,73.9,60.0,30.82,86.8,1.001,174.0
울산,2015.01,95.7,1099.6,68.6,57.4,29.66,95.9,1.486,168.3
인천,2015.01,86.8,2754.3,65.2,59.6,29.87,85.9,1.216,175.9
전남,2015.01,86.4,146.1,56.3,60.4,29.34,76.0,1.549,175.6
전북,2015.01,96.0,227.4,60.8,55.6,29.42,78.9,1.352,172.1
제주,2015.01,68.4,328.3,64.5,68.0,30.08,85.9,1.477,178.8
충남,2015.01,107.7,256.8,59.5,58.1,29.16,76.7,1.48,171.2
충북,2015.01,108.2,214.8,60.8,57.0,29.49,78.6,1.414,173.1
강원,2015.02,82.3,90.2,61.4,52.2,29.64,74.2,1.305,172.1
경기,2015.02,90.3,1229.4,71.5,60.8,30.05,86.6,1.266,174.3
경남,2015.02,105.8,316.5,65.2,58.5,29.78,86.8,1.43,171.3
경북,2015.02,110.4,140.8,64.0,59.4,29.57,86.6,1.458,169.9
광주,2015.02,89.6,2998.3,64.8,57.5,30.1,90.3,1.204,170.6
대구,2015.02,94.9,2790.0,68.9,58.7,30.18,91.2,1.214,174.9
대전,2015.02,96.6,2851.4,68.8,59.1,29.85,86.2,1.27,173.9
부산,2015.02,82.1,4478.0,69.8,56.1,30.54,88.1,1.135,175.8
서울,2015.02,78.5,16337.0,73.7,59.7,30.84,86.9,0.996,173.0
울산,2015.02,96.6,1099.5,68.1,57.7,29.67,95.9,1.48,167.2
인천,2015.02,87.3,2753.1,64.9,59.3,29.89,86.1,1.21,175.0
전남,2015.02,86.7,146.0,54.9,60.4,29.35,76.5,1.542,174.8
전북,2015.02,96.2,227.4,60.9,56.2,29.44,79.5,1.344,171.1
제주,2015.02,68.2,329.1,64.6,66.6,30.11,86.0,1.473,178.2
충남,2015.02,108.2,257.0,58.8,59.2,29.17,77.5,1.473,170.2
충북,2015.02,108.1,214.9,60.5,58.8,29.49,79.4,1.409,172.1
강원,2015.03,83.0,90.2,61.4,55.4,29.65,74.2,1.299,171.2
경기,2015.03,91.1,1230.9,71.5,61.2,30.07,86.8,1.259,173.4
경남,2015.03,106.5,316.5,65.3,59.2,29.79,87.2,1.424,170.4
경북,2015.03,111.2,140.8,64.0,61.6,29.58,86.6,1.453,169.2
광주,2015.03,91.6,2998.0,64.8,57.8,30.1,90.4,1.2,169.7
대구,2015.03,96.9,2789.6,69.0,58.9,30.19,91.2,1.211,174.0
대전,2015.03,96.6,2851.0,68.8,59.0,29.86,86.6,1.263,172.7
부산,2015.03,82.8,4477.1,69.8,55.9,30.55,88.6,1.132,175.0
서울,2015.03,79.4,16323.6,73.7,59.5,30.85,87.0,0.991,172.0
울산,2015.03,97.2,1099.5,68.1,58.0,29.67,96.0,1.475,166.2
인천,2015.03,88.4,2752.0,64.9,60.3,29.9,86.3,1.204,174.1
전남,2015.03,87.4,146.0,54.9,61.6,29.36,76.9,1.535,173.9
전북,2015.03,96.0,227.4,60.9,57.7,29.46,80.1,1.335,170.1
제주,2015.03,70.6,329.9,64.6,66.4,30.14,86.0,1.469,177.6
충남,2015.03,108.4,257.2,58.9,61.2,29.18,78.2,1.466,169.3
충북,2015.03,108.6,215.1,60.5,60.5,29.5,80.1,1.405,171.2
강원,2015.04,84.1,90.3,61.5,58.7,29.67,74.3,1.292,170.2
경기,2015.04,92.0,1232.4,71.5,62.0,30.08,87.0,1.252,172.6
경남,2015.04,107.1,316.6,65.3,60.5,29.8,87.6,1.417,169.4
경북,2015.04,112.3,140.8,64.1,63.1,29.6,86.6,1.447,168.4
광주,2015.04,92.8,2997.8,64.9,57.9,30.11,90.5,1.197,168.8
대구,2015.04,98.6,2789.1,69.0,59.1,30.2,91.3,1.208,173.1
대전,2015.04,96.3,2850.5,68.9,59.4,29.87,87.1,1.256,171.6
부산,2015.04,83.6,4476.2,69.9,56.3,30.56,89.0,1.128,174.1
서울,2015.04,80.2,16310.1,73.8,59.6,30.87,87.1,0.986,171.0
울산,2015.04,97.8,1099.5,68.1,58.9,29.68,96.1,1.469,165.1
인천,2015.04,89.3,2750.8,65.0,61.1,29.92,86.5,1.198,173.2
전남,2015.04,87.9,146.0,54.9,62.7,29.38,77.4,1.528,173.0
전북,2015.04,96.5,227.3,61.0,59.6,29.48,80.7,1.327,169.1
제주,2015.04,73.1,330.7,64.6,66.8,30.17,86.0,1.466,177.0
충남,2015.04,108.2,257.5,58.9,63.1,29.19,78.9,1.459,168.4
충북,2015.04,108.4,215.2,60.5,62.8,29.51,80.9,1.4,170.3
강원,2015.05,84.3,90.3,61.5,59.7,29.68,74.3,1.286,169.3
경기,2015.05,92.6,1233.9,71.6,62.1,30.1,87.2,1.246,171.7
경남,2015.05,107.7,316.6,65.3,61.3,29.82,88.0,1.411,168.5
경북,2015.05,112.5,140.8,64.1,63.9,29.62,86.6,1.441,167.7
광주,2015.05,93.9,2997.5,64.9,58.5,30.11,90.6,1.194,167.9
대구,2015.05,100.3,2788.6,69.0,60.1,30.21,91.4,1.206,172.1
대전,2015.05,96.5,2850.0,68.9,60.1,29.88,87.5,1.249,170.4
부산,2015.05,84.1,4475.3,69.9,56.4,30.57,89.5,1.124,173.3
서울,2015.05,80.8,16296.6,73.8,60.3,30.89,87.2,0.981,170.0
울산,2015.05,99.0,1099.4,68.1,59.4,29.69,96.1,1.463,164.1
인천,2015.05,90.2,2749.6,65.0,61.7,29.94,86.7,1.192,172.3
전남,2015.05,88.0,146.0,55.0,63.6,29.39,77.9,1.521,172.2
전북,2015.05,96.3,227.3,61.0,60.9,29.5,81.3,1.318,168.1
제주,2015.05,75.0,331.5,64.6,68.6,30.2,86.1,1.462,176.4
충남,2015.05,108.1,257.7,59.0,64.2,29.2,79.6,1.452,167.5
충북,2015.05,107.3,215.4,60.6,63.4,29.51,81.7,1.395,169.3
강원,2015.06,84.3,90.3,61.5,60.2,29.7,74.4,1.28,168.4
경기,2015.06,93.2,1235.4,71.6,62.2,30.12,87.4,1.239,170.8
경남,2015.06,107.9,316.6,65.4,61.2,29.83,88.4,1.404,167.6
경북,2015.06,113.0,140.9,64.1,63.4,29.64,86.6,1.436,167.0
광주,2015.06,94.2,2997.2,64.9,58.7,30.12,90.8,1.191,167.0
대구,2015.06,101.9,2788.2,69.1,60.7,30.22,91.4,1.203,171.2
대전,2015.06,96.8,2849.6,68.9,59.8,29.89,87.9,1.242,169.2
부산,2015.06,84.9,4474.4,69.9,56.4,30.58,90.0,1.121,172.5
서울,2015.06,81.4,16283.1,73.8,59.8,30.9,87.3,0.976,169.0
울산,2015.06,99.9,1099.4,68.1,59.6,29.7,96.2,1.458,163.0
인천,2015.06,90.7,2748.4,65.0,61.7,29.96,86.9,1.186,171.4
전남,2015.06,88.0,146.0,55.0,64.5,29.4,78.4,1.514,171.3
전북,2015.06,96.8,227.3,61.0,60.4,29.52,81.9,1.31,167.1
제주,2015.06,75.0,332.3,64.7,68.7,30.24,86.1,1.458,175.8
충남,2015.06,108.1,257.9,59.0,64.3,29.21,80.4,1.445,166.6
충북,2015.06,107.0,215.6,60.6,63.8,29.52,82.4,1.391,168.4
강원,2015.07,85.5,90.3,61.6,60.9,29.71,74.4,1.274,167.4
경기,2015.07,94.1,1236.9,71.6,62.4,30.13,87.7,1.233,169.9
경남,2015.07,108.5,316.7,65.4,61.5,29.84,88.8,1.398,166.7
경북,2015.07,113.9,140.9,64.1,63.4,29.66,86.6,1.43,166.3
광주,2015.07,95.0,2997.0,65.0,59.4,30.12,90.9,1.188,166.2
대구,2015.07,104.0,2787.7,69.1,60.1,30.22,91.4,1.201,170.3
대전,2015.07,97.1,2849.2,69.0,60.1,29.9,88.4,1.234,168.1
부산,2015.07,85.7,4473.4,69.9,56.6,30.58,90.4,1.117,171.7
서울,2015.07,82.5,16269.6,73.9,60.3,30.92,87.4,0.97,167.9
울산,2015.07,101.6,1099.4,68.2,60.2,29.7,96.3,1.452,162.0
인천,2015.07,91.8,2747.3,65.0,61.7,29.97,87.1,1.18,170.6
전남,2015.07,88.3,145.9,55.0,63.9,29.41,78.8,1.507,170.4
전북,2015.07,97.1,227.3,61.1,60.5,29.55,82.6,1.301,166.2
제주,2015.07,77.1,333.1,64.7,68.8,30.27,86.1,1.454,175.2
충남,2015.07,108.7,258.1,59.1,63.9,29.22,81.1,1.438,165.6
충북,2015.07,107.5,215.7,60.6,63.8,29.53,83.2,1.386,167.5
강원,2015.08,86.3,90.3,61.6,60.7,29.72,74.4,1.268,166.5
경기,2015.08,94.8,1238.4,71.6,61.8,30.15,87.9,1.227,169.0
경남,2015.08,108.8,316.7,65.4,61.1,29.86,89.2,1.391,165.8
경북,2015.08,114.4,140.9,64.2,62.9,29.68,86.6,1.424,165.6
광주,2015.08,95.6,2996.7,65.0,59.4,30.12,91.0,1.184,165.3
대구,2015.08,105.3,2787.2,69.2,59.2,30.23,91.5,1.199,169.3
대전,2015.08,97.2,2848.7,69.0,59.3,29.91,88.8,1.227,166.9
부산,2015.08,86.4,4472.5,70.0,55.9,30.59,90.9,1.113,170.9
서울,2015.08,83.2,16256.1,73.9,60.3,30.94,87.5,0.965,166.9
울산,2015.08,103.0,1099.3,68.2,59.7,29.71,96.3,1.446,161.0
인천,2015.08,92.6,2746.1,65.1,61.3,29.99,87.3,1.174,169.7
전남,2015.08,88.8,145.9,55.0,63.2,29.42,79.3,1.501,169.6
전북,2015.08,97.6,227.3,61.1,60.4,29.57,83.2,1.293,165.2
제주,2015.08,80.0,333.9,64.7,69.1,30.3,86.2,1.451,174.6
충남,2015.08,108.7,258.3,59.1,62.9,29.23,81.8,1.43,164.7
충북,2015.08,107.4,215.9,60.6,63.7,29.53,84.0,1.381,166.5
강원,2015.09,87.3,90.4,61.6,60.5,29.74,74.5,1.262,165.5
경기,2015.09,95.3,1239.9,71.6,61.9,30.16,88.1,1.22,168.2
경남,2015.09,109.2,316.8,65.5,61.7,29.87,89.6,1.384,164.8
경북,2015.09,114.2,140.9,64.2,62.9,29.7,86.6,1.419,164.8
광주,2015.09,96.5,2996.5,65.0,59.4,30.13,91.1,1.181,164.4
대구,2015.09,106.3,2786.7,69.2,59.5,30.24,91.6,1.196,168.4
대전,2015.09,97.4,2848.2,69.0,60.2,29.92,89.3,1.22,165.8
부산,2015.09,87.4,4471.6,70.0,56.4,30.6,91.3,1.11,170.0
서울,2015.09,83.8,16242.6,73.9,60.0,30.96,87.6,0.96,165.9
울산,2015.09,104.4,1099.3,68.2,59.5,29.72,96.4,1.441,159.9
인천,2015.09,93.4,2744.9,65.1,61.8,30.01,87.5,1.168,168.8
전남,2015.09,89.3,145.9,55.0,63.6,29.44,79.8,1.494,168.7
전북,2015.09,97.9,227.2,61.1,60.9,29.59,83.8,1.285,164.2
제주,2015.09,80.4,334.7,64.7,69.4,30.33,86.2,1.447,174.0
충남,2015.09,109.0,258.6,59.1,63.7,29.24,82.5,1.423,163.8
충북,2015.09,107.5,216.0,60.6,64.3,29.54,84.8,1.377,165.6
강원,2015.1,87.4,90.4,61.7,60.0,29.75,74.5,1.256,164.6
경기,2015.1,95.7,1241.4,71.7,62.0,30.18,88.3,1.214,167.3
경남,2015.1,109.5,316.8,65.5,61.7,29.88,90.0,1.378,163.9
경북,2015.1,113.8,140.9,64.2,63.8,29.71,86.6,1.413,164.1
광주,2015.1,97.4,2996.2,65.1,58.6,30.13,91.2,1.178,163.5
대구,2015.1,106.6,2786.3,69.2,59.5,30.25,91.6,1.194,167.5
대전,2015.1,97.3,2847.8,69.1,60.3,29.93,89.7,1.213,164.6
부산,2015.1,88.3,4470.7,70.0,56.6,30.61,91.8,1.106,169.2
서울,2015.1,84.4,16229.2,74.0,59.9,30.97,87.7,0.955,164.9
울산,2015.1,105.0,1099.3,68.2,59.5,29.72,96.5,1.435,158.9
인천,2015.1,94.0,2743.8,65.1,61.7,30.02,87.7,1.162,167.9
전남,2015.1,89.8,145.9,55.0,63.9,29.45,80.2,1.487,167.8
전북,2015.1,97.9,227.2,61.1,60.6,29.61,84.4,1.276,163.2
제주,2015.1,86.2,335.5,64.7,70.2,30.36,86.2,1.443,173.4
충남,2015.1,109.1,258.8,59.2,63.8,29.25,83.2,1.416,162.9
충북,2015.1,107.3,216.2,60.7,64.6,29.55,85.5,1.372,164.7
강원,2015.11,88.1,90.4,61.7,59.1,29.77,74.6,1.249,163.6
경기,2015.11,95.8,1242.9,71.7,61.7,30.19,88.6,1.207,166.4
경남,2015.11,109.5,316.9,65.6,61.3,29.9,90.4,1.371,163.0
경북,2015.11,113.4,140.9,64.2,63.5,29.73,86.6,1.407,163.4
광주,2015.11,97.3,2996.0,65.1,58.5,30.14,91.3,1.175,162.6
대구,2015.11,104.1,2785.8,69.3,59.5,30.26,91.7,1.191,166.5
대전,2015.11,97.2,2847.4,69.1,60.1,29.94,90.2,1.206,163.5
부산,2015.11,89.0,4469.7,70.0,56.7,30.62,92.2,1.102,168.4
서울,2015.11,84.7,16215.7,74.0,60.2,30.99,87.8,0.95,163.9
울산,2015.11,105.7,1099.2,68.2,59.5,29.73,96.5,1.429,157.8
인천,2015.11,93.9,2742.6,65.1,62.1,30.04,87.9,1.156,167.0
전남,2015.11,90.1,145.8,55.1,63.8,29.46,80.7,1.48,167.0
전북,2015.11,97.1,227.2,61.2,59.9,29.63,85.0,1.268,162.2
제주,2015.11,87.4,336.3,64.7,70.2,30.39,86.3,1.44,172.8
충남,2015.11,108.7,259.0,59.2,62.6,29.26,84.0,1.409,161.9
충북,2015.11,106.8,216.3,60.7,64.2,29.55,86.3,1.367,163.7
강원,2015.12,88.1,90.4,61.7,55.2,29.78,74.6,1.243,162.7
경기,2015.12,95.3,1244.4,71.7,61.2,30.21,88.8,1.2,165.5
경남,2015.12,108.6,316.9,65.6,60.6,29.91,90.8,1.365,162.1
경북,2015.12,110.6,140.9,64.3,61.2,29.75,86.6,1.402,162.7
광주,2015.12,96.8,2995.7,65.1,58.7,30.14,91.4,1.171,161.7
대구,2015.12,102.2,2785.3,69.3,59.6,30.27,91.7,1.188,165.6
대전,2015.12,96.7,2846.9,69.1,59.5,29.95,90.6,1.199,162.3
부산,2015.12,89.0,4468.8,70.1,56.2,30.63,92.7,1.099,167.6
서울,2015.12,84.4,16202.2,74.0,60.1,31.01,87.9,0.945,162.9
울산,2015.12,104.9,1099.2,68.2,59.0,29.74,96.6,1.424,156.8
인천,2015.12,93.6,2741.4,65.2,61.3,30.06,88.1,1.15,166.1
전남,2015.12,90.6,145.8,55.1,62.2,29.47,81.2,1.473,166.1
전북,2015.12,96.9,227.2,61.2,57.2,29.65,85.6,1.259,161.2
제주,2015.12,89.3,337.1,64.7,69.6,30.42,86.3,1.436,172.2
충남,2015.12,107.9,259.2,59.3,60.0,29.27,84.7,1.402,161.0
충북,2015.12,105.5,216.5,60.7,61.6,29.56,87.1,1.363,162.8
강원,2016.01,88.9,90.4,64.2,52.5,29.79,75.3,1.237,162.5
경기,2016.01,95.2,1245.8,73.2,60.3,30.22,88.9,1.194,165.2
경남,2016.01,108.2,316.9,68.5,59.0,29.92,90.8,1.358,161.9
경북,2016.01,109.8,140.9,66.3,60.1,29.76,86.8,1.396,162.6
광주,2016.01,97.4,2994.8,67.5,57.5,30.15,91.6,1.168,161.7
대구,2016.01,100.9,2784.5,72.4,58.6,30.28,91.9,1.186,165.4
대전,2016.01,97.0,2845.4,71.5,58.6,29.95,90.7,1.192,162.1
부산,2016.01,88.8,4466.2,72.0,55.8,30.64,92.7,1.095,167.4
서울,2016.01,84.2,16193.3,76.4,59.7,31.03,88.1,0.94,162.8
울산,2016.01,105.5,1098.5,69.0,58.2,29.76,96.6,1.418,156.6
인천,2016.01,93.7,2742.3,67.1,61.1,30.07,88.2,1.144,165.8
전남,2016.01,89.7,145.8,56.4,59.0,29.5,81.4,1.466,166.0
전북,2016.01,96.8,227.1,63.5,56.0,29.66,85.9,1.251,161.2
제주,2016.01,91.2,337.9,65.8,68.3,30.42,86.3,1.432,172.0
충남,2016.01,107.4,259.5,62.8,57.7,29.3,85.1,1.395,160.7
충북,2016.01,105.7,216.6,62.2,58.2,29.57,87.2,1.358,162.6
강원,2016.02,90.1,90.4,65.5,52.3,29.81,76.0,1.228,162.2
경기,2016.02,95.3,1247.3,74.0,60.1,30.23,89.1,1.184,165.0
경남,2016.02,108.7,317.0,70.0,59.8,29.93,90.8,1.347,161.7
경북,2016.02,109.8,140.9,67.3,60.2,29.76,87.0,1.384,162.5
광주,2016.02,96.9,2994.0,68.7,57.5,30.17,91.8,1.158,161.7
대구,2016.02,99.8,2783.8,74.0,57.5,30.29,92.0,1.176,165.2
대전,2016.02,97.2,2843.8,72.7,59.2,29.95,90.8,1.182,161.9
부산,2016.02,89.3,4463.6,73.0,56.0,30.65,92.8,1.085,167.2
서울,2016.02,84.4,16184.5,77.6,59.3,31.04,88.3,0.931,162.6
울산,2016.02,105.0,1097.7,69.4,57.6,29.77,96.7,1.405,156.4
인천,2016.02,94.1,2743.2,68.0,60.6,30.08,88.3,1.133,165.6
전남,2016.02,90.8,145.7,57.0,59.0,29.52,81.6,1.454,165.8
전북,2016.02,97.0,227.0,64.6,56.5,29.66,86.2,1.243,161.1
제주,2016.02,93.8,338.7,66.3,68.2,30.43,86.4,1.421,171.7
충남,2016.02,107.5,259.8,64.6,57.6,29.32,85.4,1.385,160.4
충북,2016.02,105.9,216.7,63.0,58.8,29.58,87.2,1.348,162.3
강원,2016.03,89.7,90.4,65.5,56.3,29.82,76.7,1.218,162.0
경기,2016.03,95.4,1248.7,74.0,61.2,30.23,89.2,1.173,164.7
경남,2016.03,108.5,317.0,70.0,59.8,29.94,90.8,1.336,161.5
경북,2016.03,108.8,140.8,67.3,61.6,29.77,87.2,1.373,162.4
광주,2016.03,96.5,2993.1,68.7,57.2,30.18,92.0,1.149,161.8
대구,2016.03,98.8,2783.0,74.0,58.3,30.3,92.2,1.166,165.0
대전,2016.03,97.2,2842.3,72.7,59.3,29.96,90.9,1.172,161.7
부산,2016.03,89.8,4461.0,73.0,55.9,30.66,92.8,1.075,167.0
서울,2016.03,84.5,16175.6,77.6,58.8,31.06,88.6,0.923,162.4
울산,2016.03,105.4,1097.0,69.4,58.2,29.79,96.7,1.392,156.2
인천,2016.03,94.1,2744.1,68.1,61.3,30.09,88.3,1.121,165.3
전남,2016.03,90.3,145.7,57.1,61.6,29.55,81.8,1.442,165.7
전북,2016.03,97.1,227.0,64.6,58.9,29.67,86.6,1.234,161.1
제주,2016.03,93.5,339.6,66.3,67.9,30.43,86.4,1.411,171.5
충남,2016.03,107.0,260.1,64.6,59.7,29.35,85.8,1.375,160.2
충북,2016.03,104.9,216.8,63.1,61.6,29.59,87.3,1.337,162.1
강원,2016.04,90.9,90.4,65.5,59.1,29.83,77.4,1.209,161.8
경기,2016.04,95.5,1250.1,74.0,61.5,30.24,89.3,1.163,164.5
경남,2016.04,108.0,317.1,70.0,60.5,29.95,90.9,1.325,161.3
경북,2016.04,108.6,140.8,67.3,62.4,29.77,87.4,1.361,162.2
광주,2016.04,96.1,2992.2,68.7,57.8,30.19,92.2,1.139,161.8
대구,2016.04,97.4,2782.3,74.0,58.9,30.31,92.3,1.156,164.8
대전,2016.04,96.7,2840.8,72.7,59.8,29.96,91.0,1.163,161.5
부산,2016.04,90.2,4458.3,72.9,56.5,30.67,92.9,1.065,166.7
서울,2016.04,84.8,16166.7,77.6,59.3,31.07,88.8,0.914,162.3
울산,2016.04,104.9,1096.3,69.5,58.8,29.8,96.7,1.379,156.0
인천,2016.04,94.5,2745.0,68.1,62.0,30.1,88.4,1.11,165.1
전남,2016.04,91.0,145.6,57.1,63.1,29.58,82.0,1.431,165.6
전북,2016.04,97.1,226.9,64.6,60.5,29.67,86.9,1.226,161.1
제주,2016.04,96.2,340.4,66.3,68.6,30.43,86.4,1.4,171.3
충남,2016.04,106.6,260.4,64.6,61.9,29.38,86.1,1.365,159.9
충북,2016.04,104.1,216.8,63.1,62.1,29.6,87.3,1.327,161.8
강원,2016.05,90.6,90.4,65.5,60.3,29.84,78.1,1.199,161.5
경기,2016.05,95.7,1251.6,74.1,62.0,30.25,89.4,1.152,164.2
경남,2016.05,107.0,317.1,70.0,60.5,29.96,90.9,1.314,161.1
경북,2016.05,108.0,140.8,67.3,63.4,29.78,87.6,1.349,162.1
광주,2016.05,96.1,2991.4,68.7,58.7,30.21,92.4,1.13,161.8
대구,2016.05,96.7,2781.5,74.0,60.0,30.32,92.5,1.146,164.6
대전,2016.05,96.8,2839.2,72.7,60.0,29.96,91.1,1.153,161.3
부산,2016.05,90.3,4455.7,72.9,56.2,30.68,93.0,1.055,166.5
서울,2016.05,85.5,16157.9,77.7,60.2,31.09,89.0,0.905,162.1
울산,2016.05,105.3,1095.5,69.5,58.9,29.82,96.8,1.366,155.8
인천,2016.05,94.7,2745.9,68.1,62.6,30.11,88.5,1.098,164.8
전남,2016.05,90.8,145.6,57.1,63.4,29.6,82.2,1.419,165.5
전북,2016.05,96.8,226.8,64.6,61.1,29.68,87.2,1.218,161.1
제주,2016.05,95.9,341.2,66.4,69.3,30.43,86.5,1.39,171.0
충남,2016.05,105.5,260.7,64.6,63.0,29.4,86.5,1.355,159.6
충북,2016.05,104.4,216.9,63.2,63.1,29.61,87.4,1.317,161.6
강원,2016.06,91.8,90.4,65.5,60.6,29.86,78.8,1.189,161.3
경기,2016.06,96.1,1253.0,74.1,62.5,30.26,89.6,1.142,164.0
경남,2016.06,106.8,317.2,70.0,60.9,29.98,90.9,1.303,161.0
경북,2016.06,107.2,140.8,67.3,63.9,29.78,87.8,1.338,162.0
광주,2016.06,96.0,2990.5,68.7,58.8,30.22,92.6,1.12,161.8
대구,2016.06,96.4,2780.8,74.0,59.9,30.34,92.6,1.136,164.4
대전,2016.06,96.9,2837.7,72.7,60.1,29.96,91.2,1.143,161.2
부산,2016.06,90.9,4453.1,72.9,56.3,30.68,93.0,1.045,166.3
서울,2016.06,86.5,16149.0,77.7,60.4,31.1,89.2,0.897,162.0
울산,2016.06,104.7,1094.8,69.5,59.0,29.84,96.8,1.353,155.6
인천,2016.06,95.1,2746.9,68.2,62.1,30.12,88.6,1.087,164.6
전남,2016.06,91.1,145.6,57.2,63.6,29.63,82.4,1.407,165.4
전북,2016.06,97.2,226.8,64.6,61.4,29.68,87.5,1.209,161.0
제주,2016.06,97.3,342.0,66.4,68.5,30.44,86.5,1.379,170.8
충남,2016.06,105.3,261.0,64.6,63.1,29.43,86.8,1.345,159.3
충북,2016.06,103.7,217.0,63.2,63.2,29.62,87.4,1.307,161.4
강원,2016.07,93.0,90.4,65.5,60.1,29.87,79.6,1.18,161.1
경기,2016.07,96.8,1254.4,74.1,62.6,30.26,89.7,1.132,163.7
경남,2016.07,107.2,317.2,70.0,61.0,29.99,90.9,1.292,160.8
경북,2016.07,106.7,140.8,67.3,63.1,29.79,88.0,1.326,161.9
광주,2016.07,96.5,2989.6,68.7,58.7,30.23,92.9,1.11,161.8
대구,2016.07,96.3,2780.0,74.0,60.2,30.35,92.8,1.126,164.2
대전,2016.07,97.4,2836.2,72.7,60.3,29.96,91.3,1.134,161.0
부산,2016.07,91.8,4450.5,72.9,56.4,30.69,93.0,1.035,166.1
서울,2016.07,87.9,16140.1,77.7,60.4,31.12,89.4,0.888,161.9
울산,2016.07,104.6,1094.1,69.6,59.0,29.85,96.8,1.34,155.4
인천,2016.07,95.9,2747.8,68.2,62.9,30.14,88.6,1.076,164.3
전남,2016.07,91.2,145.5,57.2,63.9,29.66,82.6,1.396,165.2
전북,2016.07,97.3,226.7,64.6,61.3,29.69,87.8,1.201,161.0
제주,2016.07,98.6,342.8,66.4,68.2,30.44,86.5,1.368,170.6
충남,2016.07,104.8,261.4,64.6,63.3,29.46,87.2,1.336,159.0
충북,2016.07,103.1,217.1,63.3,63.3,29.62,87.5,1.296,161.1
강원,2016.08,94.2,90.4,65.5,60.1,29.88,80.3,1.171,160.8
경기,2016.08,97.6,1255.9,74.1,62.3,30.27,89.8,1.121,163.4
경남,2016.08,107.4,317.2,70.0,60.8,30.0,90.9,1.282,160.6
경북,2016.08,106.4,140.8,67.3,63.2,29.8,88.2,1.314,161.8
광주,2016.08,97.1,2988.8,68.7,58.3,30.25,93.1,1.101,161.8
대구,2016.08,96.0,2779.2,74.0,60.1,30.36,93.0,1.117,164.0
대전,2016.08,98.1,2834.6,72.8,59.7,29.96,91.4,1.124,160.8
부산,2016.08,93.4,4447.9,72.9,56.2,30.7,93.1,1.026,165.9
서울,2016.08,89.2,16131.3,77.7,60.0,31.14,89.6,0.879,161.7
울산,2016.08,104.3,1093.3,69.6,59.0,29.87,96.9,1.326,155.2
인천,2016.08,96.9,2748.7,68.2,62.3,30.15,88.7,1.064,164.0
전남,2016.08,92.2,145.5,57.2,64.5,29.68,82.8,1.384,165.1
전북,2016.08,97.6,226.6,64.6,61.8,29.7,88.1,1.193,161.0
제주,2016.08,98.9,343.6,66.4,69.8,30.44,86.6,1.358,170.3
충남,2016.08,105.0,261.7,64.6,63.1,29.48,87.6,1.326,158.7
충북,2016.08,103.1,217.2,63.3,63.1,29.63,87.6,1.286,160.9
강원,2016.09,95.4,90.4,65.5,60.0,29.89,81.0,1.161,160.6
경기,2016.09,98.3,1257.3,74.1,62.1,30.28,89.9,1.111,163.2
경남,2016.09,107.7,317.3,70.0,61.2,30.01,91.0,1.271,160.4
경북,2016.09,106.4,140.8,67.3,62.7,29.8,88.4,1.303,161.6
광주,2016.09,97.4,2987.9,68.7,57.9,30.26,93.3,1.091,161.8
대구,2016.09,96.7,2778.5,74.0,59.9,30.37,93.1,1.107,163.8
대전,2016.09,98.4,2833.1,72.8,59.6,29.96,91.5,1.114,160.6
부산,2016.09,95.5,4445.2,72.8,56.0,30.71,93.2,1.016,165.6
서울,2016.09,90.4,16122.4,77.7,60.2,31.15,89.8,0.871,161.6
울산,2016.09,105.1,1092.6,69.6,60.0,29.88,96.9,1.313,155.0
인천,2016.09,98.0,2749.6,68.3,61.8,30.16,88.8,1.053,163.8
전남,2016.09,93.2,145.4,57.3,64.4,29.71,83.0,1.372,165.0
전북,2016.09,98.4,226.5,64.7,61.8,29.7,88.4,1.184,161.0
제주,2016.09,99.5,344.4,66.4,70.0,30.44,86.6,1.347,170.1
충남,2016.09,105.0,262.0,64.5,63.8,29.51,87.9,1.316,158.4
충북,2016.09,103.2,217.2,63.4,62.9,29.64,87.6,1.276,160.6
강원,2016.1,96.1,90.4,65.5,60.4,29.9,81.7,1.152,160.4
경기,2016.1,99.0,1258.7,74.1,61.9,30.28,90.0,1.1,162.9
경남,2016.1,107.6,317.3,70.0,61.3,30.02,91.0,1.26,160.2
경북,2016.1,105.5,140.7,67.3,63.5,29.81,88.6,1.291,161.5
광주,2016.1,97.8,2987.0,68.7,58.2,30.27,93.5,1.082,161.9
대구,2016.1,96.7,2777.7,74.0,59.6,30.38,93.3,1.097,163.6
대전,2016.1,99.0,2831.6,72.8,60.1,29.97,91.6,1.104,160.4
부산,2016.1,97.4,4442.6,72.8,56.1,30.72,93.2,1.006,165.4
서울,2016.1,91.6,16113.5,77.8,60.5,31.17,90.1,0.862,161.4
울산,2016.1,105.4,1091.9,69.7,59.9,29.9,96.9,1.3,154.8
인천,2016.1,99.0,2750.5,68.3,61.9,30.17,88.8,1.041,163.5
전남,2016.1,93.2,145.4,57.3,64.2,29.74,83.2,1.36,164.9
전북,2016.1,98.9,226.5,64.7,61.5,29.71,88.8,1.176,161.0
제주,2016.1,102.5,345.3,66.4,70.5,30.44,86.6,1.337,169.9
충남,2016.1,105.0,262.3,64.5,63.5,29.54,88.3,1.306,158.2
충북,2016.1,103.0,217.3,63.4,63.1,29.65,87.7,1.266,160.4
강원,2016.11,96.4,90.4,65.5,60.3,29.92,82.4,1.142,160.1
경기,2016.11,99.1,1260.2,74.2,62.0,30.29,90.2,1.09,162.7
경남,2016.11,107.5,317.4,70.0,61.4,30.03,91.0,1.249,160.0
경북,2016.11,105.4,140.7,67.3,63.3,29.81,88.8,1.279,161.4
광주,2016.11,97.9,2986.2,68.8,57.9,30.29,93.7,1.072,161.9
대구,2016.11,96.8,2777.0,74.0,59.7,30.39,93.4,1.087,163.4
대전,2016.11,99.1,2830.0,72.8,60.4,29.97,91.7,1.095,160.2
부산,2016.11,98.5,4440.0,72.8,56.6,30.73,93.3,0.996,165.2
서울,2016.11,91.8,16104.7,77.8,60.5,31.18,90.3,0.853,161.2
울산,2016.11,105.0,1091.1,69.7,59.8,29.91,97.0,1.287,154.6
인천,2016.11,98.9,2751.4,68.3,61.7,30.18,88.9,1.03,163.3
전남,2016.11,94.4,145.3,57.3,64.1,29.76,83.4,1.349,164.7
전북,2016.11,99.1,226.4,64.7,60.5,29.71,89.1,1.168,160.9
제주,2016.11,100.6,346.1,66.5,71.2,30.45,86.7,1.326,169.6
충남,2016.11,105.0,262.6,64.5,63.3,29.56,88.6,1.296,157.9
충북,2016.11,102.4,217.4,63.5,63.2,29.66,87.7,1.256,160.1
강원,2016.12,96.6,90.4,65.5,56.4,29.93,83.1,1.132,159.9
경기,2016.12,98.7,1261.6,74.2,61.3,30.3,90.3,1.079,162.4
경남,2016.12,106.8,317.4,70.0,60.9,30.04,91.0,1.238,159.8
경북,2016.12,104.7,140.7,67.3,61.4,29.82,89.0,1.268,161.3
광주,2016.12,97.7,2985.3,68.8,58.1,30.3,93.9,1.063,161.9
대구,2016.12,96.2,2776.2,74.0,59.1,30.4,93.6,1.077,163.2
대전,2016.12,99.7,2828.5,72.8,59.6,29.97,91.8,1.085,160.0
부산,2016.12,98.7,4437.4,72.8,56.1,30.74,93.3,0.986,165.0
서울,2016.12,91.2,16095.8,77.8,60.3,31.2,90.5,0.845,161.1
울산,2016.12,105.1,1090.4,69.7,59.3,29.93,97.0,1.274,154.4
인천,2016.12,98.5,2752.3,68.4,61.1,30.19,89.0,1.018,163.0
전남,2016.12,93.4,145.3,57.4,61.2,29.79,83.6,1.337,164.6
전북,2016.12,98.8,226.3,64.7,58.0,29.72,89.4,1.159,160.9
제주,2016.12,100.5,346.9,66.5,70.4,30.45,86.7,1.316,169.4
충남,2016.12,104.2,262.9,64.5,60.4,29.59,89.0,1.286,157.6
충북,2016.12,102.1,217.5,63.5,61.1,29.67,87.8,1.245,159.9
강원,2017.01,96.7,90.4,65.7,54.0,29.95,83.1,1.123,160.3
경기,2017.01,98.4,1263.6,75.5,60.6,30.32,90.4,1.069,162.8
경남,2017.01,106.3,317.4,70.2,59.5,30.05,91.0,1.227,160.1
경북,2017.01,103.8,140.7,67.6,60.0,29.85,89.3,1.256,161.5
광주,2017.01,97.7,2984.3,69.2,58.2,30.31,93.9,1.053,162.2
대구,2017.01,95.6,2775.4,73.8,58.5,30.41,93.7,1.067,163.5
대전,2017.01,99.8,2826.2,73.5,58.3,29.99,92.0,1.075,160.2
부산,2017.01,98.6,4435.1,71.1,55.5,30.75,93.3,0.976,165.2
서울,2017.01,91.0,16086.5,79.2,59.4,31.21,90.6,0.836,161.5
울산,2017.01,104.1,1089.8,72.1,58.3,29.95,96.9,1.261,154.8
인천,2017.01,98.3,2753.1,71.2,60.2,30.21,89.2,1.007,163.3
전남,2017.01,92.4,145.3,60.1,58.7,29.8,83.7,1.325,164.8
전북,2017.01,99.1,226.2,65.2,56.6,29.75,89.5,1.151,161.2
제주,2017.01,102.3,347.6,67.8,69.8,30.48,86.9,1.305,169.6
충남,2017.01,103.3,263.1,64.0,57.8,29.6,89.3,1.276,158.0
충북,2017.01,102.2,217.6,67.4,58.3,29.67,88.1,1.235,160.3
강원,2017.02,97.7,90.4,65.8,55.1,29.97,83.2,1.118,160.7
경기,2017.02,98.5,1265.7,76.1,60.6,30.34,90.5,1.063,163.1
경남,2017.02,106.1,317.5,70.3,59.7,30.07,90.9,1.218,160.4
경북,2017.02,104.0,140.6,67.7,60.6,29.87,89.6,1.249,161.7
광주,2017.02,98.0,2983.3,69.4,58.0,30.32,94.0,1.046,162.5
대구,2017.02,95.9,2774.6,73.7,58.4,30.42,93.8,1.06,163.8
대전,2017.02,100.0,2823.9,73.8,58.3,30.02,92.2,1.065,160.5
부산,2017.02,99.4,4432.8,70.3,55.9,30.77,93.2,0.97,165.4
서울,2017.02,91.0,16077.1,79.9,59.7,31.22,90.7,0.83,161.9
울산,2017.02,104.4,1089.2,73.3,58.9,29.96,96.7,1.25,155.2
인천,2017.02,98.2,2753.8,72.6,60.7,30.22,89.4,1.007,163.6
전남,2017.02,94.4,145.2,61.5,59.7,29.82,83.9,1.318,165.0
전북,2017.02,99.3,226.1,65.5,55.9,29.77,89.5,1.142,161.5
제주,2017.02,102.3,348.4,68.4,70.0,30.51,87.1,1.298,169.7
충남,2017.02,103.1,263.3,63.7,57.2,29.61,89.5,1.269,158.5
충북,2017.02,101.9,217.7,69.4,58.2,29.67,88.4,1.23,160.8
강원,2017.03,98.0,90.4,65.8,59.0,29.98,83.2,1.114,161.1
경기,2017.03,98.6,1267.8,76.1,61.7,30.36,90.6,1.058,163.5
경남,2017.03,105.8,317.5,70.3,60.4,30.08,90.9,1.209,160.7
경북,2017.03,103.2,140.6,67.7,61.9,29.9,89.8,1.241,161.9
광주,2017.03,97.6,2982.3,69.5,58.6,30.32,94.1,1.039,162.8
대구,2017.03,96.1,2773.8,73.7,59.1,30.43,93.9,1.054,164.1
대전,2017.03,99.5,2821.6,73.8,59.3,30.04,92.4,1.054,160.7
부산,2017.03,100.0,4430.5,70.4,56.2,30.78,93.2,0.963,165.6
서울,2017.03,91.7,16067.8,79.9,59.7,31.23,90.7,0.823,162.3
울산,2017.03,104.6,1088.6,73.3,59.7,29.98,96.6,1.239,155.6
인천,2017.03,98.6,2754.6,72.6,61.3,30.24,89.6,1.007,163.9
전남,2017.03,95.5,145.2,61.5,61.1,29.83,84.0,1.311,165.2
전북,2017.03,99.1,226.0,65.5,58.2,29.8,89.6,1.133,161.8
제주,2017.03,100.0,349.1,68.4,71.0,30.54,87.2,1.291,169.9
충남,2017.03,102.8,263.4,63.8,60.2,29.62,89.8,1.261,159.0
충북,2017.03,101.6,217.8,69.4,61.2,29.66,88.6,1.224,161.2
강원,2017.04,97.9,90.4,65.8,62.3,30.0,83.3,1.109,161.5
경기,2017.04,98.6,1269.8,76.1,62.1,30.37,90.8,1.052,163.9
경남,2017.04,105.2,317.6,70.3,61.6,30.09,90.9,1.201,161.0
경북,2017.04,102.7,140.6,67.7,62.4,29.92,90.1,1.234,162.1
광주,2017.04,97.5,2981.3,69.5,58.8,30.33,94.1,1.033,163.1
대구,2017.04,96.0,2773.0,73.7,59.3,30.44,94.0,1.047,164.4
대전,2017.04,99.7,2819.3,73.8,59.1,30.07,92.6,1.044,160.9
부산,2017.04,100.7,4428.2,70.4,56.4,30.8,93.1,0.957,165.8
서울,2017.04,91.9,16058.4,79.9,59.9,31.24,90.8,0.817,162.7
울산,2017.04,103.4,1088.1,73.3,59.7,30.0,96.4,1.228,156.1
인천,2017.04,98.7,2755.3,72.6,61.4,30.26,89.8,1.007,164.2
전남,2017.04,96.5,145.2,61.5,62.1,29.85,84.2,1.304,165.4
전북,2017.04,99.1,226.0,65.6,59.6,29.83,89.7,1.124,162.1
제주,2017.04,99.3,349.9,68.5,71.4,30.56,87.4,1.284,170.1
충남,2017.04,102.1,263.6,63.8,63.0,29.63,90.1,1.254,159.4
충북,2017.04,100.9,217.9,69.4,63.2,29.66,88.9,1.219,161.7
강원,2017.05,98.7,90.4,65.8,63.6,30.02,83.4,1.104,161.9
경기,2017.05,98.9,1271.9,76.2,62.4,30.39,90.9,1.047,164.2
경남,2017.05,104.1,317.6,70.3,61.5,30.11,90.9,1.192,161.3
경북,2017.05,101.7,140.6,67.8,63.8,29.95,90.4,1.226,162.3
광주,2017.05,97.7,2980.3,69.5,59.2,30.34,94.2,1.026,163.4
대구,2017.05,96.0,2772.2,73.7,59.3,30.45,94.1,1.04,164.7
대전,2017.05,99.8,2817.0,73.8,59.3,30.1,92.8,1.034,161.2
부산,2017.05,100.8,4425.9,70.5,57.0,30.81,93.1,0.95,166.0
서울,2017.05,93.4,16049.1,79.9,60.5,31.25,90.9,0.811,163.1
울산,2017.05,102.9,1087.5,73.3,60.3,30.01,96.2,1.218,156.5
인천,2017.05,99.0,2756.1,72.7,62.4,30.27,90.0,1.007,164.5
전남,2017.05,97.1,145.2,61.5,63.0,29.86,84.3,1.297,165.6
전북,2017.05,99.3,225.9,65.6,60.1,29.85,89.7,1.115,162.4
제주,2017.05,99.0,350.6,68.5,71.6,30.59,87.6,1.277,170.2
충남,2017.05,102.0,263.8,63.9,63.6,29.64,90.3,1.246,159.9
충북,2017.05,101.0,218.0,69.4,64.2,29.66,89.2,1.214,162.1
강원,2017.06,99.1,90.4,65.8,63.8,30.04,83.4,1.1,162.2
경기,2017.06,99.5,1273.9,76.2,62.3,30.41,91.0,1.041,164.6
경남,2017.06,103.5,317.6,70.4,61.2,30.12,90.8,1.183,161.6
경북,2017.06,101.8,140.6,67.8,64.0,29.98,90.6,1.219,162.5
광주,2017.06,98.2,2979.2,69.6,59.7,30.35,94.2,1.019,163.8
대구,2017.06,96.5,2771.4,73.8,59.4,30.46,94.2,1.034,165.0
대전,2017.06,100.0,2814.8,73.8,58.9,30.12,92.9,1.024,161.4
부산,2017.06,101.2,4423.6,70.5,57.0,30.82,93.0,0.944,166.2
서울,2017.06,95.3,16039.8,79.9,60.8,31.26,91.0,0.805,163.5
울산,2017.06,102.9,1086.9,73.3,60.4,30.03,96.1,1.207,156.9
인천,2017.06,99.4,2756.9,72.7,62.3,30.29,90.2,1.007,164.8
전남,2017.06,97.1,145.2,61.5,63.1,29.88,84.4,1.29,165.8
전북,2017.06,99.1,225.8,65.6,59.5,29.88,89.8,1.106,162.7
제주,2017.06,100.7,351.4,68.5,71.1,30.62,87.8,1.27,170.4
충남,2017.06,101.8,264.0,63.9,64.2,29.64,90.6,1.238,160.3
충북,2017.06,101.2,218.2,69.4,64.0,29.66,89.4,1.209,162.6
강원,2017.07,99.8,90.3,65.8,64.3,30.06,83.4,1.095,162.6
경기,2017.07,100.1,1275.9,76.2,62.9,30.43,91.1,1.035,165.0
경남,2017.07,103.0,317.7,70.4,61.1,30.13,90.8,1.174,161.9
경북,2017.07,101.5,140.5,67.8,63.4,30.0,90.9,1.212,162.7
광주,2017.07,98.8,2978.2,69.6,59.8,30.36,94.2,1.012,164.1
대구,2017.07,97.7,2770.7,73.8,59.6,30.46,94.4,1.027,165.3
대전,2017.07,100.4,2812.5,73.8,59.2,30.14,93.1,1.014,161.6
부산,2017.07,101.6,4421.3,70.5,56.7,30.84,93.0,0.938,166.3
서울,2017.07,97.7,16030.4,79.9,61.0,31.27,91.0,0.798,163.9
울산,2017.07,102.8,1086.3,73.3,60.1,30.05,96.0,1.196,157.3
인천,2017.07,100.1,2757.6,72.7,62.2,30.31,90.5,1.006,165.2
전남,2017.07,98.0,145.1,61.5,62.5,29.89,84.6,1.282,165.9
전북,2017.07,99.7,225.7,65.6,59.4,29.91,89.9,1.098,163.0
제주,2017.07,100.4,352.1,68.6,71.9,30.65,88.0,1.262,170.6
충남,2017.07,101.4,264.2,63.9,63.8,29.65,90.9,1.231,160.7
충북,2017.07,100.5,218.3,69.4,63.6,29.66,89.7,1.204,163.0
강원,2017.08,100.0,90.3,65.8,64.0,30.08,83.5,1.09,163.0
경기,2017.08,100.6,1278.0,76.2,62.5,30.45,91.2,1.03,165.3
경남,2017.08,102.3,317.7,70.4,60.9,30.15,90.8,1.166,162.2
경북,2017.08,100.7,140.5,67.8,63.0,30.03,91.2,1.204,162.9
광주,2017.08,99.3,2977.2,69.6,59.4,30.37,94.3,1.006,164.4
대구,2017.08,99.2,2769.9,73.8,58.4,30.47,94.5,1.02,165.6
대전,2017.08,100.2,2810.2,73.8,58.5,30.17,93.3,1.003,161.9
부산,2017.08,101.5,4419.0,70.6,56.4,30.85,93.0,0.931,166.5
서울,2017.08,98.0,16021.1,79.9,60.6,31.28,91.1,0.792,164.3
울산,2017.08,102.2,1085.7,73.3,59.5,30.06,95.8,1.185,157.7
인천,2017.08,100.3,2758.4,72.7,61.2,30.32,90.7,1.006,165.5
전남,2017.08,98.1,145.1,61.5,62.6,29.9,84.7,1.275,166.1
전북,2017.08,99.8,225.6,65.6,58.8,29.93,89.9,1.089,163.3
제주,2017.08,97.6,352.8,68.6,70.7,30.68,88.2,1.255,170.7
충남,2017.08,101.1,264.4,64.0,63.7,29.66,91.1,1.224,161.2
충북,2017.08,100.4,218.4,69.4,63.7,29.66,90.0,1.198,163.4
강원,2017.09,100.3,90.3,65.8,63.0,30.1,83.6,1.086,163.4
경기,2017.09,100.6,1280.0,76.2,62.8,30.46,91.4,1.024,165.7
경남,2017.09,101.7,317.8,70.4,61.3,30.16,90.8,1.157,162.5
경북,2017.09,101.2,140.5,67.8,63.3,30.05,91.5,1.197,163.1
광주,2017.09,99.8,2976.2,69.7,58.7,30.38,94.4,0.999,164.7
대구,2017.09,99.9,2769.1,73.8,58.7,30.48,94.6,1.014,165.9
대전,2017.09,100.3,2807.9,73.8,58.7,30.2,93.5,0.993,162.1
부산,2017.09,100.7,4416.7,70.6,56.2,30.87,92.9,0.925,166.7
서울,2017.09,98.3,16011.7,79.9,60.4,31.29,91.2,0.786,164.7
울산,2017.09,101.9,1085.2,73.3,59.5,30.08,95.6,1.174,158.2
인천,2017.09,100.5,2759.1,72.7,61.9,30.34,90.9,1.006,165.8
전남,2017.09,99.1,145.1,61.5,63.5,29.92,84.9,1.268,166.3
전북,2017.09,100.3,225.6,65.7,59.7,29.96,90.0,1.08,163.6
제주,2017.09,101.3,353.6,68.6,70.6,30.7,88.4,1.248,170.9
충남,2017.09,101.1,264.6,64.0,64.4,29.67,91.4,1.216,161.6
충북,2017.09,100.1,218.5,69.4,65.3,29.66,90.3,1.193,163.9
강원,2017.1,100.4,90.3,65.8,63.2,30.11,83.6,1.081,163.8
경기,2017.1,100.7,1282.1,76.2,62.7,30.48,91.5,1.019,166.1
경남,2017.1,100.9,317.8,70.4,61.5,30.17,90.8,1.148,162.8
경북,2017.1,100.4,140.5,67.8,63.4,30.08,91.7,1.189,163.3
광주,2017.1,99.5,2975.2,69.7,59.3,30.38,94.4,0.992,165.0
대구,2017.1,100.2,2768.3,73.8,58.0,30.49,94.7,1.007,166.2
대전,2017.1,100.8,2805.6,73.8,58.9,30.22,93.7,0.983,162.3
부산,2017.1,100.5,4414.4,70.7,56.3,30.88,92.9,0.918,166.9
서울,2017.1,99.4,16002.4,79.9,60.4,31.3,91.2,0.78,165.1
울산,2017.1,100.7,1084.6,73.3,59.9,30.1,95.5,1.164,158.6
인천,2017.1,100.5,2759.9,72.8,62.6,30.36,91.1,1.006,166.1
전남,2017.1,99.8,145.0,61.5,63.6,29.93,85.0,1.261,166.5
전북,2017.1,100.3,225.5,65.7,59.5,29.99,90.1,1.071,163.9
제주,2017.1,99.9,354.3,68.6,70.2,30.73,88.5,1.241,171.1
충남,2017.1,100.9,264.7,64.1,64.1,29.68,91.7,1.208,162.1
충북,2017.1,99.9,218.6,69.4,64.6,29.65,90.5,1.188,164.3
강원,2017.11,100.0,90.3,65.8,62.4,30.13,83.7,1.076,164.2
경기,2017.11,100.0,1284.2,76.3,62.9,30.5,91.6,1.013,166.4
경남,2017.11,100.0,317.9,70.4,61.1,30.19,90.7,1.14,163.1
경북,2017.11,100.0,140.4,67.8,62.9,30.1,92.0,1.182,163.5
광주,2017.11,100.0,2974.2,69.7,59.2,30.39,94.5,0.986,165.3
대구,2017.11,100.0,2767.5,73.8,58.6,30.5,94.8,1.0,166.5
대전,2017.11,100.0,2803.3,73.9,59.5,30.25,93.9,0.973,162.6
부산,2017.11,100.0,4412.1,70.7,56.1,30.9,92.8,0.912,167.1
서울,2017.11,100.0,15993.0,79.9,60.3,31.31,91.3,0.774,165.5
울산,2017.11,100.0,1084.0,73.3,60.1,30.11,95.3,1.153,159.0
인천,2017.11,100.0,2760.6,72.8,62.1,30.37,91.3,1.006,166.4
전남,2017.11,100.0,145.0,61.5,63.5,29.95,85.2,1.254,166.7
전북,2017.11,100.0,225.4,65.7,59.4,30.01,90.1,1.062,164.2
제주,2017.11,100.0,355.1,68.7,71.8,30.76,88.7,1.234,171.2
충남,2017.11,100.0,264.9,64.1,63.9,29.69,91.9,1.201,162.6
충북,2017.11,100.0,218.7,69.4,63.6,29.65,90.8,1.183,164.8
강원,2017.12,99.2,90.3,65.8,57.3,30.15,83.7,1.072,164.6
경기,2017.12,99.3,1286.2,76.3,62.1,30.52,91.7,1.008,166.8
경남,2017.12,99.1,317.9,70.4,60.8,30.2,90.7,1.131,163.4
경북,2017.12,99.2,140.4,67.9,60.8,30.13,92.3,1.174,163.7
광주,2017.12,100.0,2973.2,69.8,59.6,30.4,94.5,0.979,165.6
대구,2017.12,99.9,2766.7,73.8,58.2,30.51,94.9,0.994,166.8
대전,2017.12,100.0,2801.0,73.9,59.0,30.27,94.1,0.962,162.8
부산,2017.12,98.8,4409.8,70.8,56.1,30.91,92.8,0.905,167.3
서울,2017.12,101.0,15983.7,79.9,59.9,31.32,91.4,0.767,165.9
울산,2017.12,98.5,1083.4,73.3,60.6,30.13,95.2,1.142,159.4
인천,2017.12,99.8,2761.4,72.8,61.7,30.39,91.5,1.006,166.7
전남,2017.12,99.4,145.0,61.5,61.8,29.96,85.3,1.247,166.9
전북,2017.12,99.9,225.3,65.7,56.6,30.04,90.2,1.053,164.5
제주,2017.12,99.6,355.8,68.7,70.7,30.79,88.9,1.227,171.4
충남,2017.12,99.4,265.1,64.2,61.5,29.7,92.2,1.193,163.0
충북,2017.12,99.1,218.8,69.4,61.0,29.65,91.1,1.177,165.2
강원,2018.01,99.5,90.3,65.7,54.0,30.17,83.8,1.067,165.0
경기,2018.01,99.5,1287.8,77.6,61.4,30.54,91.7,1.002,167.3
경남,2018.01,97.8,317.9,71.5,59.5,30.22,90.5,1.122,163.9
경북,2018.01,98.4,140.4,69.1,59.3,30.15,92.5,1.167,164.1
광주,2018.01,100.4,2973.2,72.4,58.5,30.42,94.3,0.972,166.1
대구,2018.01,100.4,2765.3,75.0,56.6,30.52,95.2,0.987,167.3
대전,2018.01,99.7,2799.0,74.3,58.1,30.28,94.1,0.952,163.3
부산,2018.01,98.6,4407.3,74.2,55.3,30.92,92.8,0.899,167.7
서울,2018.01,103.0,15979.0,80.0,59.8,31.34,91.5,0.761,166.4
울산,2018.01,97.9,1082.9,73.1,59.6,30.14,95.1,1.131,160.1
인천,2018.01,99.9,2762.7,74.3,61.6,30.41,91.6,1.006,167.2
전남,2018.01,100.2,145.0,61.1,60.2,29.97,85.2,1.24,167.3
전북,2018.01,99.4,225.2,67.4,55.4,30.06,89.8,1.044,165.0
제주,2018.01,97.7,356.1,71.0,68.8,30.81,88.9,1.22,171.4
충남,2018.01,99.2,265.1,67.7,59.5,29.72,92.5,1.186,163.5
충북,2018.01,97.7,218.9,69.1,59.5,29.68,91.5,1.172,165.5
강원,2018.02,99.5,90.3,65.7,54.3,30.18,83.9,1.068,165.4
경기,2018.02,99.8,1289.3,78.3,60.7,30.56,91.6,0.997,167.9
경남,2018.02,97.4,317.8,72.0,59.5,30.25,90.4,1.116,164.4
경북,2018.02,97.7,140.4,69.7,58.7,30.18,92.7,1.161,164.5
광주,2018.02,100.8,2973.1,73.7,58.9,30.44,94.0,0.967,166.6
대구,2018.02,101.2,2764.0,75.5,56.6,30.53,95.5,0.982,167.8
대전,2018.02,100.1,2797.1,74.5,58.6,30.3,94.2,0.946,163.8
부산,2018.02,98.1,4404.8,75.9,54.9,30.93,92.8,0.893,168.2
서울,2018.02,104.8,15974.2,80.0,59.3,31.36,91.5,0.757,166.8
울산,2018.02,97.7,1082.3,73.0,59.5,30.15,94.9,1.127,160.8
인천,2018.02,99.7,2763.9,75.1,61.9,30.42,91.8,1.001,167.7
전남,2018.02,100.3,145.0,60.9,59.7,29.98,85.1,1.24,167.7
전북,2018.02,99.4,225.1,68.3,56.1,30.09,89.3,1.038,165.5
제주,2018.02,99.0,356.4,72.1,67.3,30.82,88.9,1.214,171.4
충남,2018.02,99.1,265.2,69.4,58.9,29.74,92.8,1.18,164.1
충북,2018.02,98.6,219.0,69.0,59.3,29.71,91.9,1.162,165.9
강원,2018.03,98.9,90.3,65.7,60.0,30.2,84.0,1.07,165.7
경기,2018.03,100.1,1290.9,78.2,61.8,30.58,91.6,0.992,168.4
경남,2018.03,96.3,317.8,71.9,60.3,30.27,90.2,1.109,164.9
경북,2018.03,97.4,140.4,69.6,60.6,30.2,92.8,1.154,164.9
광주,2018.03,101.6,2973.1,73.6,59.2,30.46,93.8,0.962,167.1
대구,2018.03,101.6,2762.6,75.4,56.9,30.54,95.7,0.978,168.2
대전,2018.03,100.1,2795.1,74.4,59.3,30.32,94.2,0.94,164.3
부산,2018.03,97.9,4402.3,75.8,55.6,30.94,92.8,0.887,168.6
서울,2018.03,106.1,15969.5,79.9,59.6,31.38,91.6,0.754,167.3
울산,2018.03,96.0,1081.8,72.9,59.1,30.16,94.8,1.123,161.5
인천,2018.03,99.7,2765.2,75.0,62.8,30.44,91.9,0.995,168.1
전남,2018.03,100.6,145.0,60.9,61.1,29.99,85.0,1.239,168.1
전북,2018.03,98.4,225.0,68.2,57.4,30.12,88.9,1.032,166.0
제주,2018.03,99.5,356.7,72.0,68.6,30.84,88.9,1.207,171.4
충남,2018.03,97.8,265.2,69.3,61.2,29.75,93.1,1.174,164.6
충북,2018.03,97.9,219.1,68.9,62.1,29.73,92.2,1.152,166.2
강원,2018.04,98.2,90.3,65.7,61.9,30.21,84.1,1.071,166.1
경기,2018.04,100.0,1292.5,78.1,62.3,30.59,91.5,0.987,168.9
경남,2018.04,95.7,317.8,71.9,61.0,30.29,90.0,1.103,165.4
경북,2018.04,96.0,140.3,69.5,62.1,30.22,93.0,1.148,165.3
광주,2018.04,102.2,2973.0,73.6,59.9,30.48,93.5,0.957,167.6
대구,2018.04,101.7,2761.2,75.3,58.1,30.55,96.0,0.973,168.7
대전,2018.04,100.3,2793.2,74.4,58.8,30.33,94.3,0.935,164.8
부산,2018.04,98.0,4399.8,75.7,55.5,30.95,92.8,0.881,169.1
서울,2018.04,107.5,15964.8,79.9,59.7,31.4,91.7,0.75,167.8
울산,2018.04,96.7,1081.2,72.8,58.6,30.17,94.7,1.119,162.2
인천,2018.04,99.1,2766.5,74.9,62.5,30.46,92.1,0.99,168.6
전남,2018.04,100.8,144.9,60.8,62.9,30.0,85.0,1.238,168.5
전북,2018.04,98.6,224.9,68.2,58.7,30.14,88.5,1.026,166.5
제주,2018.04,97.5,357.0,72.0,68.5,30.86,88.9,1.201,171.5
충남,2018.04,97.3,265.2,69.2,63.9,29.77,93.4,1.168,165.2
충북,2018.04,96.7,219.2,68.9,64.3,29.76,92.6,1.142,166.5
강원,2018.05,97.7,90.3,65.6,62.8,30.23,84.2,1.072,166.5
경기,2018.05,99.8,1294.0,78.0,62.7,30.61,91.4,0.982,169.4
경남,2018.05,94.1,317.8,71.8,62.3,30.31,89.9,1.097,165.9
경북,2018.05,95.0,140.3,69.4,62.3,30.25,93.2,1.141,165.7
광주,2018.05,102.4,2973.0,73.5,59.7,30.5,93.2,0.952,168.1
대구,2018.05,101.9,2759.9,75.2,58.7,30.56,96.3,0.969,169.2
대전,2018.05,100.1,2791.2,74.3,59.0,30.35,94.4,0.929,165.3
부산,2018.05,97.3,4397.3,75.7,55.7,30.96,92.8,0.875,169.5
서울,2018.05,108.0,15960.0,79.9,59.7,31.42,91.7,0.746,168.2
울산,2018.05,94.2,1080.7,72.8,59.7,30.18,94.6,1.115,162.9
인천,2018.05,98.9,2767.7,74.9,63.5,30.47,92.2,0.984,169.1
전남,2018.05,101.1,144.9,60.8,63.2,30.01,84.9,1.238,168.9
전북,2018.05,97.7,224.8,68.1,59.3,30.17,88.1,1.02,167.0
제주,2018.05,95.8,357.3,72.0,68.6,30.87,88.9,1.195,171.5
충남,2018.05,96.4,265.2,69.1,64.9,29.79,93.7,1.161,165.8
충북,2018.05,96.0,219.3,68.8,64.4,29.79,93.0,1.131,166.8
강원,2018.06,97.2,90.3,65.6,63.0,30.24,84.3,1.073,166.8
경기,2018.06,99.6,1295.6,77.9,62.5,30.63,91.4,0.977,170.0
경남,2018.06,93.4,317.8,71.7,62.8,30.34,89.7,1.09,166.4
경북,2018.06,94.8,140.3,69.4,62.4,30.27,93.4,1.134,166.1
광주,2018.06,103.1,2973.0,73.5,59.2,30.52,93.0,0.947,168.6
대구,2018.06,102.0,2758.5,75.2,59.0,30.56,96.6,0.964,169.7
대전,2018.06,99.6,2789.2,74.3,58.5,30.36,94.4,0.923,165.9
부산,2018.06,96.4,4394.8,75.6,56.3,30.98,92.8,0.869,170.0
서울,2018.06,108.6,15955.3,79.8,60.1,31.44,91.8,0.743,168.7
울산,2018.06,92.9,1080.2,72.7,59.4,30.19,94.4,1.111,163.6
인천,2018.06,98.6,2769.0,74.8,63.8,30.49,92.4,0.978,169.6
전남,2018.06,101.1,144.9,60.8,62.9,30.02,84.8,1.237,169.4
전북,2018.06,97.5,224.6,68.1,59.2,30.19,87.6,1.014,167.6
제주,2018.06,98.6,357.6,71.9,68.4,30.89,88.8,1.189,171.5
충남,2018.06,95.9,265.2,69.0,64.6,29.8,94.0,1.155,166.3
충북,2018.06,95.2,219.4,68.7,65.8,29.82,93.4,1.121,167.1
강원,2018.07,96.5,90.3,65.6,62.7,30.26,84.4,1.074,167.2
경기,2018.07,99.7,1297.2,77.9,62.4,30.65,91.4,0.972,170.5
경남,2018.07,92.7,317.7,71.7,62.6,30.36,89.5,1.084,167.0
경북,2018.07,94.0,140.3,69.3,62.2,30.29,93.5,1.128,166.6
광주,2018.07,103.7,2972.9,73.4,59.3,30.55,92.8,0.942,169.0
대구,2018.07,102.0,2757.1,75.1,59.3,30.57,96.8,0.96,170.2
대전,2018.07,99.7,2787.3,74.2,58.8,30.37,94.4,0.918,166.4
부산,2018.07,96.0,4392.2,75.5,55.6,30.99,92.8,0.863,170.4
서울,2018.07,110.3,15950.6,79.8,59.9,31.45,91.9,0.739,169.2
울산,2018.07,90.6,1079.6,72.7,58.4,30.2,94.3,1.108,164.4
인천,2018.07,98.3,2770.3,74.7,63.6,30.51,92.5,0.973,170.1
전남,2018.07,100.1,144.9,60.8,62.7,30.02,84.7,1.237,169.8
전북,2018.07,97.1,224.5,68.1,59.1,30.21,87.2,1.008,168.1
제주,2018.07,96.5,357.9,71.9,68.2,30.91,88.8,1.182,171.5
충남,2018.07,94.9,265.3,69.0,65.8,29.82,94.3,1.149,166.8
충북,2018.07,93.9,219.5,68.7,65.1,29.84,93.7,1.111,167.5
강원,2018.08,95.9,90.3,65.6,63.1,30.28,84.5,1.076,167.6
경기,2018.08,101.1,1298.7,77.8,62.0,30.67,91.3,0.968,171.0
경남,2018.08,91.7,317.7,71.6,61.4,30.38,89.4,1.078,167.5
경북,2018.08,93.2,140.3,69.2,62.2,30.32,93.7,1.122,167.0
광주,2018.08,105.8,2972.9,73.4,59.3,30.57,92.5,0.938,169.5
대구,2018.08,102.6,2755.8,75.0,58.6,30.58,97.1,0.955,170.7
대전,2018.08,99.9,2785.3,74.2,58.0,30.39,94.5,0.912,166.9
부산,2018.08,96.0,4389.7,75.4,55.1,31.0,92.8,0.857,170.8
서울,2018.08,115.0,15945.8,79.7,59.5,31.47,91.9,0.735,169.6
울산,2018.08,90.4,1079.1,72.6,59.0,30.21,94.2,1.104,165.1
인천,2018.08,99.1,2771.5,74.7,62.7,30.52,92.6,0.968,170.6
전남,2018.08,101.2,144.9,60.8,62.5,30.03,84.6,1.237,170.2
전북,2018.08,96.9,224.4,68.0,58.4,30.24,86.8,1.001,168.6
제주,2018.08,98.3,358.2,71.8,68.1,30.92,88.8,1.176,171.5
충남,2018.08,94.9,265.3,68.9,65.5,29.84,94.6,1.143,167.4
충북,2018.08,93.7,219.6,68.6,64.6,29.87,94.1,1.101,167.8
강원,2018.09,95.8,90.3,65.6,63.3,30.29,84.6,1.077,168.0
경기,2018.09,102.3,1300.3,77.7,62.4,30.68,91.2,0.963,171.5
경남,2018.09,91.2,317.7,71.6,62.4,30.4,89.2,1.071,168.0
경북,2018.09,93.0,140.2,69.2,62.5,30.34,93.9,1.115,167.4
광주,2018.09,108.0,2972.8,73.3,60.0,30.59,92.2,0.933,170.0
대구,2018.09,103.8,2754.4,74.9,58.6,30.59,97.4,0.95,171.2
대전,2018.09,100.2,2783.4,74.1,59.0,30.4,94.6,0.906,167.4
부산,2018.09,95.9,4387.2,75.4,55.4,31.01,92.8,0.851,171.3
서울,2018.09,121.6,15941.1,79.7,59.3,31.49,92.0,0.732,170.1
울산,2018.09,89.7,1078.5,72.5,58.5,30.22,94.1,1.1,165.8
인천,2018.09,99.2,2772.8,74.6,62.9,30.54,92.8,0.962,171.0
전남,2018.09,101.9,144.9,60.7,63.3,30.04,84.6,1.236,170.6
전북,2018.09,97.3,224.3,68.0,59.3,30.26,86.4,0.995,169.1
제주,2018.09,98.5,358.5,71.8,68.2,30.94,88.8,1.17,171.6
충남,2018.09,94.2,265.3,68.8,65.9,29.86,94.9,1.137,168.0
충북,2018.09,93.4,219.7,68.6,64.2,29.9,94.5,1.091,168.1
강원,2018.1,95.9,90.3,65.6,63.0,30.31,84.7,1.078,168.3
경기,2018.1,102.6,1301.9,77.6,62.0,30.7,91.2,0.958,172.0
경남,2018.1,90.8,317.7,71.5,61.9,30.42,89.0,1.065,168.5
경북,2018.1,92.0,140.2,69.1,63.1,30.36,94.0,1.108,167.8
광주,2018.1,109.5,2972.8,73.3,59.7,30.61,92.0,0.928,170.5
대구,2018.1,104.0,2753.0,74.9,59.1,30.6,97.6,0.946,171.6
대전,2018.1,101.4,2781.4,74.1,59.0,30.42,94.6,0.9,167.9
부산,2018.1,96.0,4384.7,75.3,56.5,31.02,92.8,0.845,171.7
서울,2018.1,122.4,15936.4,79.7,59.4,31.51,92.1,0.728,170.6
울산,2018.1,89.4,1078.0,72.5,59.3,30.23,94.0,1.096,166.5
인천,2018.1,99.5,2774.1,74.5,63.0,30.56,92.9,0.956,171.5
전남,2018.1,101.6,144.8,60.7,63.8,30.05,84.5,1.236,171.0
전북,2018.1,96.7,224.2,67.9,59.5,30.29,86.0,0.989,169.6
제주,2018.1,96.4,358.8,71.8,68.3,30.96,88.8,1.164,171.6
충남,2018.1,93.9,265.3,68.7,65.4,29.87,95.2,1.13,168.5
충북,2018.1,92.6,219.8,68.5,64.2,29.92,94.8,1.08,168.4
강원,2018.11,93.6,90.3,65.5,62.9,30.32,84.8,1.079,168.7
경기,2018.11,102.1,1303.4,77.6,62.3,30.72,91.1,0.953,172.6
경남,2018.11,90.1,317.6,71.5,61.9,30.45,88.9,1.059,169.0
경북,2018.11,91.6,140.2,69.0,63.2,30.39,94.2,1.102,168.2
광주,2018.11,110.1,2972.7,73.2,59.9,30.63,91.7,0.923,171.0
대구,2018.11,103.6,2751.7,74.8,58.8,30.61,97.9,0.941,172.1
대전,2018.11,101.8,2779.5,74.0,58.9,30.44,94.7,0.895,168.4
부산,2018.11,94.9,4382.2,75.2,56.7,31.03,92.8,0.839,172.2
서울,2018.11,120.7,15931.6,79.6,59.9,31.53,92.1,0.724,171.0
울산,2018.11,88.3,1077.4,72.4,58.8,30.24,93.8,1.092,167.2
인천,2018.11,98.7,2775.3,74.5,63.3,30.57,93.1,0.951,172.0
전남,2018.11,102.1,144.8,60.7,63.7,30.06,84.4,1.235,171.4
전북,2018.11,96.1,224.1,67.9,59.3,30.32,85.5,0.983,170.1
제주,2018.11,96.3,359.1,71.7,69.6,30.97,88.8,1.158,171.6
충남,2018.11,93.4,265.4,68.6,65.5,29.89,95.5,1.124,169.1
충북,2018.11,91.3,219.9,68.4,64.5,29.95,95.2,1.07,168.8
강원,2018.12,92.5,90.3,65.5,57.2,30.34,84.9,1.081,169.1
경기,2018.12,101.6,1305.0,77.5,61.1,30.74,91.1,0.948,173.1
경남,2018.12,89.0,317.6,71.4,61.0,30.47,88.7,1.052,169.5
경북,2018.12,90.4,140.2,68.9,60.5,30.41,94.4,1.095,168.6
광주,2018.12,109.9,2972.7,73.2,59.2,30.65,91.5,0.918,171.5
대구,2018.12,103.7,2750.3,74.7,58.3,30.62,98.2,0.937,172.6
대전,2018.12,101.8,2777.5,74.0,58.3,30.45,94.7,0.889,168.9
부산,2018.12,93.9,4379.7,75.2,55.8,31.04,92.8,0.833,172.6
서울,2018.12,119.2,15926.9,79.6,59.3,31.55,92.2,0.721,171.5
울산,2018.12,87.6,1076.9,72.4,58.4,30.25,93.7,1.088,167.9
인천,2018.12,98.8,2776.6,74.4,63.1,30.59,93.2,0.945,172.5
전남,2018.12,101.3,144.8,60.7,63.1,30.07,84.3,1.234,171.8
전북,2018.12,95.3,224.0,67.8,57.9,30.34,85.1,0.977,170.6
제주,2018.12,96.1,359.4,71.7,68.6,30.99,88.8,1.151,171.6
충남,2018.12,92.8,265.4,68.6,61.4,29.91,95.8,1.118,169.6
충북,2018.12,89.5,220.0,68.4,61.4,29.98,95.6,1.06,169.1
강원,2019.01,91.5,90.3,64.2,55.4,30.34,84.5,1.082,167.7
경기,2019.01,100.9,1306.7,71.4,60.5,30.75,91.2,0.943,171.7
경남,2019.01,88.2,317.5,67.0,60.1,30.47,88.8,1.046,168.2
경북,2019.01,90.1,140.1,63.3,58.8,30.41,94.3,1.089,167.2
광주,2019.01,110.8,2970.7,69.1,58.1,30.65,91.5,0.913,170.1
대구,2019.01,103.1,2748.5,68.8,57.1,30.62,98.1,0.932,170.8
대전,2019.01,102.0,2775.9,70.1,57.8,30.46,94.7,0.883,167.6
부산,2019.01,93.7,4377.1,69.8,54.9,31.04,92.8,0.827,171.0
서울,2019.01,117.9,15919.6,76.5,58.7,31.55,92.2,0.717,169.8
울산,2019.01,86.8,1076.2,67.6,57.1,30.26,93.9,1.084,166.7
인천,2019.01,98.9,2775.6,69.2,61.5,30.6,93.1,0.94,171.0
전남,2019.01,102.1,144.8,59.0,61.2,30.08,84.4,1.234,170.6
전북,2019.01,95.4,224.0,64.5,57.1,30.35,85.3,0.971,169.3
제주,2019.01,95.1,359.7,68.5,67.8,30.98,88.8,1.145,169.7
충남,2019.01,92.7,265.3,62.3,60.8,29.91,95.5,1.112,168.3
충북,2019.01,88.9,220.0,63.9,60.1,29.99,95.6,1.05,167.9
강원,2019.02,91.0,90.3,63.6,56.1,30.35,84.2,1.078,166.2
경기,2019.02,100.3,1308.4,68.4,60.5,30.76,91.3,0.938,170.4
경남,2019.02,87.5,317.4,64.8,60.3,30.48,88.8,1.038,166.9
경북,2019.02,89.5,140.0,60.5,59.8,30.4,94.2,1.082,165.7
광주,2019.02,110.3,2968.7,67.1,58.2,30.66,91.6,0.905,168.6
대구,2019.02,102.9,2746.7,66.0,56.9,30.63,97.9,0.922,169.0
대전,2019.02,101.8,2774.3,68.2,58.6,30.48,94.6,0.877,166.3
부산,2019.02,93.6,4374.6,67.1,55.3,31.05,92.8,0.82,169.3
서울,2019.02,117.1,15912.2,75.0,58.4,31.56,92.2,0.711,168.2
울산,2019.02,86.4,1075.6,65.2,57.8,30.26,94.1,1.076,165.4
인천,2019.02,98.5,2774.7,66.6,61.7,30.61,92.9,0.931,169.5
전남,2019.02,102.3,144.8,58.1,61.6,30.1,84.6,1.227,169.4
전북,2019.02,95.0,223.9,62.8,57.6,30.37,85.5,0.966,168.1
제주,2019.02,95.7,359.9,66.9,67.9,30.98,88.9,1.135,167.8
충남,2019.02,92.5,265.2,59.2,61.0,29.92,95.2,1.105,166.9
충북,2019.02,88.8,220.0,61.6,60.7,30.01,95.5,1.044,166.7
강원,2019.03,90.5,90.3,63.7,61.4,30.35,83.8,1.074,164.8
경기,2019.03,99.8,1310.1,68.5,61.6,30.76,91.4,0.932,169.0
경남,2019.03,86.9,317.2,64.9,61.3,30.48,88.9,1.029,165.7
경북,2019.03,88.0,139.9,60.6,61.0,30.4,94.1,1.075,164.3
광주,2019.03,110.1,2966.6,67.2,59.2,30.66,91.6,0.896,167.2
대구,2019.03,103.0,2744.9,66.1,57.6,30.63,97.8,0.911,167.2
대전,2019.03,102.4,2772.6,68.3,58.8,30.49,94.6,0.87,165.0
부산,2019.03,92.5,4372.0,67.2,56.0,31.05,92.8,0.814,167.7
서울,2019.03,116.1,15904.9,75.1,58.7,31.56,92.2,0.704,166.5
울산,2019.03,85.4,1074.9,65.3,58.1,30.27,94.2,1.067,164.2
인천,2019.03,98.0,2773.7,66.7,62.3,30.62,92.8,0.921,168.0
전남,2019.03,102.7,144.8,58.2,62.9,30.11,84.7,1.219,168.2
전북,2019.03,93.9,223.8,62.9,58.2,30.38,85.7,0.961,166.8
제주,2019.03,94.2,360.2,67.0,67.5,30.97,88.9,1.124,166.0
충남,2019.03,92.2,265.0,59.3,63.7,29.92,94.9,1.098,165.6
충북,2019.03,87.8,220.1,61.7,62.3,30.02,95.4,1.039,165.6
강원,2019.04,89.1,90.3,63.7,63.8,30.36,83.5,1.07,163.3
경기,2019.04,99.6,1311.8,68.6,61.9,30.77,91.5,0.927,167.6
경남,2019.04,86.0,317.1,65.0,61.0,30.49,89.0,1.021,164.4
경북,2019.04,88.0,139.8,60.7,61.4,30.4,94.0,1.068,162.9
광주,2019.04,109.9,2964.6,67.2,58.9,30.66,91.7,0.888,165.7
대구,2019.04,102.6,2743.1,66.2,57.9,30.64,97.6,0.901,165.5
대전,2019.04,102.7,2771.0,68.3,58.4,30.5,94.5,0.864,163.8
부산,2019.04,92.5,4369.4,67.3,56.1,31.05,92.9,0.807,166.1
서울,2019.04,116.2,15897.6,75.1,59.6,31.57,92.2,0.698,164.9
울산,2019.04,85.4,1074.3,65.4,58.8,30.28,94.4,1.059,162.9
인천,2019.04,98.0,2772.8,66.7,62.7,30.63,92.6,0.912,166.4
전남,2019.04,101.9,144.8,58.3,63.0,30.13,84.9,1.212,167.0
전북,2019.04,93.5,223.8,62.9,59.6,30.39,85.9,0.956,165.6
제주,2019.04,94.5,360.5,67.0,68.1,30.97,88.9,1.114,164.1
충남,2019.04,91.3,264.9,59.4,64.5,29.92,94.6,1.091,164.3
충북,2019.04,87.2,220.1,61.8,63.2,30.04,95.4,1.033,164.4
강원,2019.05,88.9,90.3,63.8,64.5,30.36,83.1,1.067,161.9
경기,2019.05,99.4,1313.5,68.7,62.5,30.78,91.6,0.921,166.3
경남,2019.05,85.5,317.0,65.0,61.6,30.49,89.0,1.012,163.1
경북,2019.05,87.4,139.7,60.8,62.0,30.4,93.9,1.06,161.4
광주,2019.05,109.0,2962.6,67.3,59.2,30.66,91.7,0.879,164.3
대구,2019.05,102.7,2741.3,66.3,58.4,30.64,97.5,0.89,163.7
대전,2019.05,102.9,2769.4,68.4,59.3,30.52,94.4,0.857,162.5
부산,2019.05,91.8,4366.9,67.4,56.6,31.06,92.9,0.8,164.5
서울,2019.05,117.3,15890.3,75.2,60.3,31.57,92.2,0.692,163.2
울산,2019.05,85.0,1073.6,65.4,59.5,30.28,94.6,1.051,161.6
인천,2019.05,97.4,2771.8,66.8,63.1,30.64,92.4,0.903,164.9
전남,2019.05,102.4,144.8,58.3,63.5,30.14,85.0,1.204,165.8
전북,2019.05,92.6,223.7,63.0,60.3,30.4,86.1,0.95,164.3
제주,2019.05,91.7,360.7,67.1,68.6,30.96,88.9,1.104,162.2
충남,2019.05,91.1,264.8,59.4,65.1,29.93,94.3,1.084,163.0
충북,2019.05,86.3,220.1,61.8,64.3,30.05,95.3,1.028,163.2
강원,2019.06,88.8,90.4,63.8,63.8,30.36,82.8,1.063,160.4
경기,2019.06,99.6,1315.2,68.7,62.8,30.78,91.7,0.916,164.9
경남,2019.06,84.9,316.9,65.1,61.5,30.49,89.1,1.004,161.8
경북,2019.06,87.2,139.6,60.9,62.4,30.4,93.8,1.053,160.0
광주,2019.06,109.4,2960.6,67.3,59.6,30.66,91.8,0.87,162.8
대구,2019.06,102.9,2739.4,66.4,58.6,30.65,97.4,0.88,161.9
대전,2019.06,103.6,2767.8,68.5,59.7,30.53,94.4,0.85,161.2
부산,2019.06,91.2,4364.3,67.5,56.7,31.06,92.9,0.794,162.8
서울,2019.06,119.7,15883.0,75.2,60.6,31.58,92.2,0.686,161.6
울산,2019.06,84.5,1073.0,65.5,59.7,30.29,94.8,1.042,160.4
인천,2019.06,97.4,2770.8,66.9,63.2,30.64,92.3,0.894,163.4
전남,2019.06,102.2,144.9,58.4,63.5,30.16,85.2,1.197,164.6
전북,2019.06,92.5,223.7,63.0,60.4,30.42,86.2,0.945,163.0
제주,2019.06,93.6,361.0,67.1,68.7,30.96,88.9,1.093,160.3
충남,2019.06,90.7,264.7,59.5,64.7,29.93,94.0,1.077,161.6
충북,2019.06,85.8,220.2,61.9,63.6,30.06,95.3,1.022,162.0
강원,2019.07,87.4,90.4,63.9,65.0,30.37,82.4,1.059,159.0
경기,2019.07,99.9,1316.8,68.8,62.3,30.79,91.8,0.91,163.5
경남,2019.07,84.7,316.8,65.1,61.4,30.5,89.2,0.996,160.6
경북,2019.07,86.9,139.4,61.0,62.4,30.39,93.8,1.046,158.6
광주,2019.07,109.5,2958.6,67.4,59.1,30.67,91.8,0.862,161.4
대구,2019.07,103.4,2737.6,66.5,58.3,30.65,97.2,0.87,160.1
대전,2019.07,104.7,2766.2,68.5,60.5,30.54,94.4,0.844,159.9
부산,2019.07,91.2,4361.7,67.5,57.3,31.06,92.9,0.787,161.2
서울,2019.07,122.2,15875.6,75.3,60.8,31.58,92.3,0.68,159.9
울산,2019.07,84.3,1072.3,65.6,59.7,30.3,95.0,1.034,159.2
인천,2019.07,97.5,2769.9,66.9,62.5,30.65,92.2,0.884,161.9
전남,2019.07,102.2,144.9,58.5,63.0,30.17,85.3,1.19,163.5
전북,2019.07,92.0,223.7,63.1,60.2,30.43,86.4,0.94,161.8
제주,2019.07,92.6,361.3,67.2,67.5,30.95,89.0,1.083,158.4
충남,2019.07,90.8,264.6,59.5,64.5,29.93,93.8,1.07,160.3
충북,2019.07,85.6,220.2,61.9,63.7,30.08,95.3,1.016,160.9
강원,2019.08,87.9,90.4,63.9,65.3,30.37,82.0,1.055,157.6
경기,2019.08,100.2,1318.5,68.9,62.1,30.8,91.9,0.905,162.2
경남,2019.08,84.4,316.7,65.2,61.5,30.5,89.2,0.987,159.3
경북,2019.08,86.9,139.3,61.1,62.5,30.39,93.7,1.039,157.1
광주,2019.08,109.9,2956.6,67.4,59.5,30.67,91.8,0.854,160.0
대구,2019.08,104.1,2735.8,66.6,58.4,30.65,97.1,0.859,158.3
대전,2019.08,106.3,2764.6,68.6,61.0,30.56,94.3,0.838,158.6
부산,2019.08,90.8,4359.2,67.6,57.0,31.07,92.9,0.78,159.6
서울,2019.08,124.0,15868.3,75.3,60.6,31.58,92.3,0.673,158.2
울산,2019.08,84.0,1071.6,65.6,59.3,30.3,95.2,1.026,157.9
인천,2019.08,97.7,2768.9,67.0,62.5,30.66,92.0,0.875,160.4
전남,2019.08,101.7,144.9,58.5,63.7,30.18,85.4,1.182,162.3
전북,2019.08,91.6,223.6,63.2,59.3,30.44,86.6,0.935,160.5
제주,2019.08,92.6,361.5,67.2,68.6,30.94,89.0,1.073,156.5
충남,2019.08,90.6,264.5,59.6,64.0,29.94,93.5,1.064,159.0
충북,2019.08,85.2,220.2,62.0,63.9,30.09,95.2,1.011,159.7
강원,2019.09,87.0,90.4,64.0,65.0,30.38,81.7,1.051,156.1
경기,2019.09,100.4,1320.2,68.9,61.9,30.81,92.0,0.9,160.8
경남,2019.09,84.3,316.6,65.3,61.4,30.51,89.3,0.979,158.0
경북,2019.09,87.0,139.2,61.2,62.4,30.39,93.6,1.032,155.7
광주,2019.09,110.5,2954.6,67.5,59.5,30.67,91.9,0.845,158.5
대구,2019.09,104.7,2734.0,66.7,58.3,30.66,96.9,0.849,156.5
대전,2019.09,107.7,2763.0,68.6,61.0,30.57,94.2,0.831,157.4
부산,2019.09,90.9,4356.6,67.7,57.2,31.07,93.0,0.774,158.0
서울,2019.09,125.3,15861.0,75.4,60.8,31.59,92.3,0.667,156.6
울산,2019.09,84.2,1071.0,65.7,59.9,30.31,95.4,1.017,156.6
인천,2019.09,97.9,2768.0,67.0,62.9,30.67,91.9,0.866,158.9
전남,2019.09,102.7,144.9,58.6,65.0,30.2,85.6,1.175,161.1
전북,2019.09,91.9,223.6,63.2,59.8,30.45,86.8,0.93,159.3
제주,2019.09,91.1,361.8,67.2,68.2,30.94,89.0,1.062,154.6
충남,2019.09,90.3,264.4,59.7,64.2,29.94,93.2,1.057,157.7
충북,2019.09,84.8,220.2,62.1,63.8,30.11,95.2,1.005,158.5
강원,2019.1,86.7,90.4,64.0,64.5,30.38,81.3,1.048,154.7
경기,2019.1,100.9,1321.9,69.0,62.2,30.81,92.1,0.894,159.4
경남,2019.1,83.9,316.4,65.3,61.9,30.51,89.4,0.97,156.8
경북,2019.1,86.9,139.1,61.3,62.8,30.38,93.5,1.024,154.3
광주,2019.1,111.0,2952.5,67.5,60.2,30.67,91.9,0.836,157.1
대구,2019.1,104.9,2732.2,66.8,58.1,30.66,96.8,0.838,154.8
대전,2019.1,109.1,2761.3,68.7,61.0,30.58,94.2,0.824,156.1
부산,2019.1,90.6,4354.0,67.8,57.6,31.07,93.0,0.767,156.4
서울,2019.1,127.3,15853.7,75.4,60.7,31.59,92.3,0.661,154.9
울산,2019.1,85.0,1070.3,65.8,59.7,30.32,95.5,1.009,155.4
인천,2019.1,98.2,2767.0,67.1,62.5,30.68,91.7,0.857,157.3
전남,2019.1,102.5,144.9,58.7,65.2,30.21,85.7,1.167,159.9
전북,2019.1,91.7,223.5,63.3,59.8,30.46,87.0,0.924,158.0
제주,2019.1,92.5,362.1,67.3,69.3,30.93,89.0,1.052,152.8
충남,2019.1,90.8,264.2,59.7,65.2,29.94,92.9,1.05,156.4
충북,2019.1,84.4,220.2,62.1,64.1,30.12,95.1,1.0,157.4
강원,2019.11,86.5,90.4,64.1,64.0,30.39,81.0,1.044,153.2
경기,2019.11,101.5,1323.6,69.1,62.3,30.82,92.2,0.889,158.1
경남,2019.11,84.4,316.3,65.4,62.0,30.52,89.4,0.962,155.5
경북,2019.11,86.5,139.0,61.3,63.5,30.38,93.4,1.017,152.8
광주,2019.11,111.4,2950.5,67.6,60.2,30.68,92.0,0.828,155.6
대구,2019.11,105.5,2730.4,66.9,58.3,30.67,96.6,0.828,153.0
대전,2019.11,111.8,2759.7,68.8,61.2,30.6,94.1,0.818,154.8
부산,2019.11,93.0,4351.5,67.9,57.5,31.08,93.0,0.76,154.7
서울,2019.11,129.6,15846.3,75.5,60.5,31.6,92.3,0.655,153.3
울산,2019.11,86.2,1069.7,65.8,60.1,30.32,95.7,1.001,154.1
인천,2019.11,98.4,2766.1,67.1,62.8,30.69,91.5,0.848,155.8
전남,2019.11,102.4,144.9,58.7,64.8,30.23,85.9,1.16,158.7
전북,2019.11,91.3,223.4,63.3,60.4,30.48,87.2,0.919,156.8
제주,2019.11,92.4,362.3,67.3,69.3,30.93,89.1,1.042,150.9
충남,2019.11,90.2,264.1,59.8,64.2,29.95,92.6,1.043,155.0
충북,2019.11,84.2,220.3,62.2,63.3,30.14,95.0,0.994,156.2
강원,2019.12,86.5,90.4,64.1,58.2,30.39,80.6,1.04,151.8
경기,2019.12,102.3,1325.3,69.2,61.9,30.83,92.3,0.883,156.7
경남,2019.12,85.5,316.2,65.5,61.3,30.52,89.5,0.953,154.2
경북,2019.12,86.9,138.9,61.4,61.1,30.38,93.3,1.01,151.4
광주,2019.12,111.2,2948.5,67.6,59.5,30.68,92.0,0.819,154.2
대구,2019.12,106.3,2728.6,67.0,57.4,30.67,96.5,0.817,151.2
대전,2019.12,114.3,2758.1,68.8,60.2,30.61,94.1,0.811,153.5
부산,2019.12,95.0,4348.9,67.9,57.0,31.08,93.0,0.754,153.1
서울,2019.12,131.9,15839.0,75.5,60.4,31.6,92.3,0.648,151.6
울산,2019.12,87.2,1069.0,65.9,59.7,30.33,95.9,0.992,152.9
인천,2019.12,98.6,2765.1,67.2,62.4,30.7,91.4,0.838,154.3
전남,2019.12,102.1,144.9,58.8,63.6,30.24,86.0,1.152,157.5
전북,2019.12,91.4,223.4,63.4,59.4,30.49,87.4,0.914,155.5
제주,2019.12,92.8,362.6,67.4,69.3,30.92,89.1,1.031,149.0
충남,2019.12,91.6,264.0,59.9,61.9,29.95,92.3,1.036,153.7
충북,2019.12,84.8,220.3,62.3,61.5,30.15,95.0,0.989,155.0
강원,2020.01,86.5,90.4,67.8,56.3,30.4,80.7,1.036,152.9
경기,2020.01,103.5,1326.4,74.8,61.2,30.85,92.5,0.878,157.8
경남,2020.01,85.9,316.0,70.3,60.8,30.55,89.9,0.945,155.2
경북,2020.01,86.8,138.9,68.3,60.0,30.4,93.1,1.003,152.5
광주,2020.01,111.7,2948.1,71.6,59.1,30.71,92.3,0.811,155.1
대구,2020.01,107.0,2726.4,75.1,56.7,30.7,96.3,0.807,152.5
대전,2020.01,116.3,2756.8,73.3,60.2,30.61,93.9,0.805,154.7
부산,2020.01,95.0,4346.2,74.3,56.2,31.1,93.3,0.747,154.4
서울,2020.01,132.9,15823.3,79.5,60.0,31.63,92.4,0.642,152.9
울산,2020.01,87.8,1067.8,71.1,58.8,30.35,96.1,0.984,153.9
인천,2020.01,99.5,2765.7,71.7,61.1,30.72,91.6,0.829,155.5
전남,2020.01,103.0,144.8,63.9,62.4,30.25,86.0,1.145,158.4
전북,2020.01,91.7,223.2,67.7,58.2,30.5,87.6,0.909,156.4
제주,2020.01,90.9,362.7,70.9,69.2,30.93,89.0,1.021,150.5
충남,2020.01,91.6,264.0,64.8,59.1,29.97,92.2,1.029,154.8
충북,2020.01,85.2,220.2,67.1,61.0,30.17,94.7,0.983,155.9
강원,2020.02,87.2,90.4,69.7,58.1,30.42,80.8,1.031,154.0
경기,2020.02,106.1,1327.6,77.6,60.7,30.87,92.6,0.876,158.9
경남,2020.02,86.0,315.8,72.7,60.7,30.58,90.4,0.942,156.3
경북,2020.02,86.4,138.8,71.8,60.6,30.43,93.0,1.0,153.6
광주,2020.02,112.6,2947.7,73.6,59.1,30.74,92.5,0.818,156.1
대구,2020.02,107.8,2724.2,79.1,56.8,30.73,96.0,0.805,153.9
대전,2020.02,119.3,2755.5,75.6,60.8,30.61,93.8,0.805,155.9
부산,2020.02,95.1,4343.5,77.4,55.9,31.12,93.5,0.745,155.6
서울,2020.02,134.8,15807.5,81.5,60.1,31.65,92.5,0.641,154.2
울산,2020.02,88.8,1066.7,73.7,59.0,30.37,96.2,0.98,154.9
인천,2020.02,101.3,2766.4,73.9,61.6,30.74,91.8,0.825,156.7
전남,2020.02,103.6,144.7,66.5,63.3,30.27,86.1,1.134,159.3
전북,2020.02,93.0,223.1,69.8,58.0,30.51,87.8,0.904,157.3
제주,2020.02,92.7,362.8,72.7,67.6,30.95,88.9,1.015,152.1
충남,2020.02,91.7,264.0,67.2,59.4,29.99,92.1,1.024,155.9
충북,2020.02,85.5,220.1,69.5,61.7,30.19,94.4,0.98,156.9
강원,2020.03,87.3,90.4,69.7,61.1,30.43,80.9,1.026,155.1
경기,2020.03,108.0,1328.7,77.7,60.3,30.89,92.8,0.874,160.0
경남,2020.03,86.2,315.6,72.7,60.2,30.61,90.8,0.938,157.3
경북,2020.03,85.6,138.8,71.8,60.0,30.46,92.8,0.997,154.7
광주,2020.03,112.3,2947.4,73.6,58.2,30.77,92.8,0.825,157.0
대구,2020.03,107.5,2722.0,79.1,53.6,30.76,95.8,0.803,155.2
대전,2020.03,120.8,2754.3,75.6,59.5,30.62,93.6,0.806,157.0
부산,2020.03,95.2,4340.8,77.4,55.7,31.14,93.8,0.744,156.9
서울,2020.03,135.9,15791.8,81.5,59.0,31.68,92.5,0.639,155.4
울산,2020.03,89.1,1065.5,73.8,57.6,30.4,96.4,0.977,155.9
인천,2020.03,103.8,2767.0,73.9,60.6,30.76,92.0,0.82,157.9
전남,2020.03,103.7,144.6,66.5,62.8,30.28,86.2,1.124,160.2
전북,2020.03,92.9,222.9,69.8,58.2,30.52,88.0,0.899,158.2
제주,2020.03,89.0,362.9,72.7,65.8,30.96,88.8,1.009,153.6
충남,2020.03,91.6,264.0,67.2,60.9,30.01,92.0,1.018,157.0
충북,2020.03,85.8,220.1,69.5,62.8,30.2,94.1,0.977,157.8
강원,2020.04,87.9,90.4,69.7,61.3,30.44,81.1,1.022,156.2
경기,2020.04,108.5,1329.8,77.7,60.0,30.91,93.0,0.872,161.1
경남,2020.04,85.9,315.3,72.8,60.0,30.64,91.3,0.934,158.3
경북,2020.04,86.4,138.7,71.8,60.1,30.48,92.7,0.994,155.8
광주,2020.04,112.2,2947.0,73.6,57.9,30.8,93.1,0.832,158.0
대구,2020.04,107.8,2719.8,79.1,54.0,30.79,95.5,0.802,156.6
대전,2020.04,121.9,2753.0,75.6,59.7,30.62,93.4,0.806,158.2
부산,2020.04,94.8,4338.1,77.4,54.3,31.15,94.0,0.742,158.1
서울,2020.04,134.7,15776.0,81.6,58.6,31.7,92.6,0.638,156.7
울산,2020.04,88.3,1064.3,73.8,57.2,30.42,96.6,0.973,156.9
인천,2020.04,104.6,2767.7,74.0,60.8,30.78,92.2,0.816,159.1
전남,2020.04,103.6,144.6,66.5,62.9,30.3,86.2,1.113,161.1
전북,2020.04,92.0,222.7,69.8,58.7,30.53,88.2,0.894,159.1
제주,2020.04,91.7,363.0,72.7,65.8,30.97,88.7,1.003,155.1
충남,2020.04,92.0,263.9,67.2,62.3,30.03,91.9,1.012,158.1
충북,2020.04,86.0,220.0,69.6,63.1,30.22,93.8,0.974,158.8
강원,2020.05,87.6,90.4,69.7,62.6,30.46,81.2,1.017,157.3
경기,2020.05,109.8,1331.0,77.7,60.8,30.93,93.1,0.87,162.2
경남,2020.05,85.8,315.1,72.8,60.4,30.67,91.8,0.931,159.4
경북,2020.05,86.9,138.7,71.8,61.2,30.51,92.5,0.991,156.9
광주,2020.05,112.2,2946.6,73.6,58.7,30.83,93.3,0.839,159.0
대구,2020.05,108.6,2717.6,79.1,55.9,30.82,95.2,0.8,157.9
대전,2020.05,124.4,2751.7,75.7,60.1,30.62,93.3,0.807,159.4
부산,2020.05,95.0,4335.4,77.4,54.6,31.17,94.3,0.741,159.4
서울,2020.05,135.4,15760.3,81.6,59.1,31.73,92.7,0.637,158.0
울산,2020.05,88.7,1063.2,73.8,57.8,30.44,96.7,0.969,157.9
인천,2020.05,106.1,2768.3,74.0,61.8,30.8,92.4,0.812,160.3
전남,2020.05,104.6,144.5,66.5,64.3,30.32,86.3,1.102,162.0
전북,2020.05,92.9,222.6,69.8,59.8,30.54,88.4,0.889,160.0
제주,2020.05,91.5,363.1,72.7,66.4,30.99,88.6,0.998,156.7
충남,2020.05,92.3,263.9,67.2,63.2,30.05,91.8,1.007,159.2
충북,2020.05,88.1,219.9,69.6,64.5,30.24,93.5,0.972,159.7
강원,2020.06,88.0,90.4,69.7,62.8,30.47,81.3,1.012,158.4
경기,2020.06,112.2,1332.1,77.8,60.6,30.95,93.3,0.868,163.3
경남,2020.06,86.9,314.9,72.8,61.1,30.7,92.2,0.927,160.4
경북,2020.06,88.1,138.6,71.8,61.3,30.53,92.4,0.988,158.0
광주,2020.06,113.0,2946.2,73.6,59.2,30.86,93.6,0.846,159.9
대구,2020.06,109.4,2715.4,79.1,56.9,30.85,95.0,0.798,159.2
대전,2020.06,128.0,2750.4,75.7,60.5,30.62,93.1,0.807,160.6
부산,2020.06,96.2,4332.6,77.4,55.4,31.19,94.6,0.739,160.6
서울,2020.06,140.4,15744.6,81.6,59.2,31.76,92.8,0.635,159.3
울산,2020.06,89.5,1062.0,73.9,57.7,30.46,96.9,0.966,158.9
인천,2020.06,107.9,2769.0,74.0,61.6,30.82,92.6,0.808,161.5
전남,2020.06,105.0,144.4,66.5,65.0,30.33,86.3,1.092,162.8
전북,2020.06,93.6,222.4,69.8,60.7,30.56,88.6,0.884,161.0
제주,2020.06,91.5,363.2,72.7,65.6,31.0,88.4,0.992,158.2
충남,2020.06,93.3,263.9,67.3,64.0,30.06,91.7,1.001,160.2
충북,2020.06,90.7,219.8,69.6,64.7,30.26,93.2,0.969,160.6
강원,2020.07,89.3,90.4,69.7,62.3,30.48,81.4,1.008,159.4
경기,2020.07,115.4,1333.2,77.8,60.4,30.97,93.5,0.865,164.4
경남,2020.07,87.5,314.7,72.8,61.1,30.74,92.6,0.924,161.4
경북,2020.07,88.5,138.6,71.8,62.3,30.55,92.2,0.984,159.0
광주,2020.07,113.4,2945.9,73.7,58.7,30.89,93.9,0.854,160.8
대구,2020.07,110.5,2713.2,79.1,57.1,30.88,94.8,0.796,160.6
대전,2020.07,129.7,2749.2,75.7,60.6,30.62,92.9,0.808,161.8
부산,2020.07,97.1,4329.9,77.5,55.6,31.21,94.8,0.738,161.9
서울,2020.07,147.6,15728.8,81.6,59.5,31.78,92.8,0.634,160.6
울산,2020.07,90.8,1060.8,73.9,58.3,30.48,97.1,0.962,159.8
인천,2020.07,108.5,2769.6,74.1,61.8,30.85,92.9,0.804,162.7
전남,2020.07,106.5,144.3,66.5,64.5,30.34,86.3,1.081,163.7
전북,2020.07,94.0,222.2,69.8,60.9,30.57,88.7,0.88,161.9
제주,2020.07,92.6,363.3,72.7,66.8,31.01,88.3,0.986,159.7
충남,2020.07,94.0,263.9,67.3,64.2,30.08,91.6,0.996,161.3
충북,2020.07,90.7,219.8,69.7,64.5,30.27,93.0,0.966,161.6
강원,2020.08,89.1,90.4,69.7,62.7,30.5,81.5,1.003,160.5
경기,2020.08,116.9,1334.4,77.8,60.0,30.99,93.6,0.863,165.5
경남,2020.08,87.4,314.5,72.8,61.1,30.77,93.1,0.921,162.5
경북,2020.08,88.8,138.6,71.9,62.1,30.58,92.0,0.981,160.1
광주,2020.08,113.8,2945.5,73.7,58.6,30.92,94.1,0.861,161.8
대구,2020.08,111.9,2711.0,79.1,57.6,30.91,94.5,0.794,161.9
대전,2020.08,132.0,2747.9,75.7,61.2,30.62,92.8,0.808,163.0
부산,2020.08,97.6,4327.2,77.5,55.8,31.23,95.1,0.736,163.2
서울,2020.08,152.3,15713.1,81.6,59.6,31.81,92.9,0.633,161.9
울산,2020.08,91.0,1059.7,73.9,58.2,30.5,97.2,0.958,160.8
인천,2020.08,108.3,2770.2,74.1,61.9,30.87,93.1,0.799,163.9
전남,2020.08,106.5,144.2,66.6,64.5,30.36,86.4,1.07,164.6
전북,2020.08,93.9,222.1,69.9,60.6,30.58,88.9,0.875,162.8
제주,2020.08,92.8,363.4,72.7,67.2,31.03,88.2,0.98,161.3
충남,2020.08,94.3,263.9,67.3,64.0,30.1,91.5,0.991,162.4
충북,2020.08,91.0,219.7,69.7,63.7,30.29,92.7,0.963,162.5
강원,2020.09,90.0,90.4,69.7,62.1,30.51,81.6,0.998,161.6
경기,2020.09,117.9,1335.5,77.9,60.0,31.01,93.8,0.861,166.6
경남,2020.09,87.6,314.2,72.9,60.6,30.8,93.6,0.917,163.5
경북,2020.09,88.9,138.5,71.9,62.0,30.6,91.9,0.978,161.2
광주,2020.09,114.0,2945.1,73.7,58.8,30.95,94.4,0.868,162.8
대구,2020.09,112.8,2708.8,79.1,57.7,30.94,94.2,0.792,163.3
대전,2020.09,133.9,2746.6,75.7,61.1,30.62,92.6,0.808,164.1
부산,2020.09,98.7,4324.5,77.5,55.8,31.24,95.3,0.734,164.4
서울,2020.09,154.4,15697.3,81.7,58.9,31.83,93.0,0.631,163.2
울산,2020.09,92.3,1058.5,74.0,58.6,30.52,97.4,0.955,161.8
인천,2020.09,108.9,2770.9,74.1,61.3,30.89,93.3,0.795,165.1
전남,2020.09,107.1,144.2,66.6,64.5,30.38,86.4,1.06,165.5
전북,2020.09,94.6,221.9,69.9,61.2,30.59,89.1,0.87,163.7
제주,2020.09,91.5,363.5,72.7,67.5,31.04,88.1,0.974,162.8
충남,2020.09,94.8,263.8,67.3,63.9,30.12,91.4,0.985,163.5
충북,2020.09,91.1,219.6,69.7,63.7,30.31,92.4,0.96,163.5
강원,2020.1,91.1,90.4,69.7,62.4,30.52,81.8,0.993,162.7
경기,2020.1,120.2,1336.6,77.9,60.1,31.03,94.0,0.859,167.7
경남,2020.1,88.5,314.0,72.9,60.8,30.83,94.0,0.914,164.5
경북,2020.1,89.8,138.5,71.9,62.0,30.63,91.7,0.975,162.3
광주,2020.1,115.0,2944.8,73.7,58.7,30.98,94.7,0.875,163.7
대구,2020.1,115.4,2706.6,79.2,57.7,30.97,94.0,0.79,164.6
대전,2020.1,136.2,2745.4,75.7,61.5,30.63,92.4,0.809,165.3
부산,2020.1,101.3,4321.8,77.5,56.1,31.26,95.6,0.733,165.7
서울,2020.1,155.7,15681.6,81.7,59.2,31.86,93.0,0.63,164.4
울산,2020.1,94.0,1057.3,74.0,58.1,30.55,97.6,0.951,162.8
인천,2020.1,108.8,2771.5,74.2,61.3,30.91,93.5,0.791,166.3
전남,2020.1,107.9,144.1,66.6,64.9,30.39,86.5,1.049,166.4
전북,2020.1,94.9,221.7,69.9,61.6,30.6,89.3,0.865,164.6
제주,2020.1,93.1,363.6,72.7,67.5,31.05,88.0,0.968,164.3
충남,2020.1,95.3,263.8,67.3,64.7,30.14,91.3,0.979,164.6
충북,2020.1,92.1,219.6,69.7,63.1,30.32,92.1,0.958,164.4
강원,2020.11,91.2,90.4,69.7,62.1,30.54,81.9,0.989,163.8
경기,2020.11,123.3,1337.8,77.9,60.4,31.05,94.1,0.857,168.8
경남,2020.11,90.7,313.8,72.9,61.2,30.86,94.5,0.91,165.6
경북,2020.11,91.6,138.4,71.9,62.3,30.66,91.6,0.972,163.4
광주,2020.11,117.7,2944.4,73.7,58.2,31.01,94.9,0.882,164.7
대구,2020.11,119.0,2704.4,79.2,58.3,31.0,93.7,0.789,166.0
대전,2020.11,138.4,2744.1,75.8,62.0,30.63,92.3,0.809,166.5
부산,2020.11,106.2,4319.1,77.5,56.4,31.28,95.8,0.731,166.9
서울,2020.11,158.6,15665.8,81.7,59.8,31.88,93.1,0.629,165.7
울산,2020.11,98.3,1056.2,74.1,58.3,30.57,97.7,0.947,163.8
인천,2020.11,110.2,2772.2,74.2,61.8,30.93,93.7,0.787,167.5
전남,2020.11,108.4,144.0,66.6,64.7,30.41,86.6,1.038,167.3
전북,2020.11,96.3,221.6,69.9,62.2,30.61,89.5,0.86,165.5
제주,2020.11,92.5,363.7,72.7,69.2,31.07,87.9,0.963,165.9
충남,2020.11,96.6,263.8,67.3,63.2,30.16,91.2,0.974,165.7
충북,2020.11,92.6,219.5,69.8,63.8,30.34,91.8,0.955,165.4
강원,2020.12,93.1,90.4,69.7,55.5,30.55,82.0,0.984,164.9
경기,2020.12,126.7,1338.9,78.0,59.1,31.07,94.3,0.855,169.9
경남,2020.12,92.9,313.6,72.9,59.0,30.89,94.9,0.906,166.6
경북,2020.12,94.5,138.4,71.9,59.7,30.68,91.4,0.969,164.5
광주,2020.12,119.3,2944.0,73.7,58.8,31.04,95.2,0.889,165.6
대구,2020.12,123.1,2702.2,79.2,57.5,31.03,93.5,0.787,167.3
대전,2020.12,140.6,2742.8,75.8,60.6,30.63,92.1,0.81,167.7
부산,2020.12,110.9,4316.4,77.5,55.5,31.3,96.1,0.73,168.2
서울,2020.12,162.0,15650.1,81.7,58.8,31.91,93.2,0.627,167.0
울산,2020.12,101.3,1055.0,74.1,57.5,30.59,97.9,0.944,164.8
인천,2020.12,112.3,2772.8,74.2,60.1,30.95,93.9,0.782,168.7
전남,2020.12,108.2,143.9,66.6,62.6,30.42,86.6,1.028,168.2
전북,2020.12,98.4,221.4,69.9,59.1,30.62,89.7,0.855,166.4
제주,2020.12,95.4,363.8,72.7,67.1,31.08,87.8,0.957,167.4
충남,2020.12,98.1,263.8,67.3,60.0,30.18,91.1,0.968,166.8
충북,2020.12,94.1,219.4,69.8,61.6,30.36,91.5,0.952,166.3
강원,2021.01,95.7,90.4,70.1,52.8,30.57,82.1,0.979,164.3
경기,2021.01,131.6,1339.4,80.7,57.9,31.09,94.2,0.853,169.3
경남,2021.01,94.0,313.4,74.5,57.9,30.89,94.8,0.903,166.0
경북,2021.01,95.8,138.3,72.5,57.5,30.69,91.6,0.966,163.9
광주,2021.01,120.5,2943.0,74.5,56.6,31.04,95.5,0.896,165.0
대구,2021.01,126.9,2699.8,79.7,55.5,31.05,93.7,0.785,166.6
대전,2021.01,144.1,2741.8,77.1,58.5,30.65,92.2,0.81,166.9
부산,2021.01,112.2,4312.8,78.3,54.1,31.33,96.1,0.728,167.7
서울,2021.01,167.1,15642.7,83.4,57.3,31.93,93.1,0.626,166.4
울산,2021.01,103.2,1054.2,77.0,56.0,30.61,97.9,0.94,164.0
인천,2021.01,115.3,2775.2,76.7,59.0,30.98,93.9,0.778,168.1
전남,2021.01,108.6,143.9,67.3,60.4,30.45,86.5,1.017,167.6
전북,2021.01,99.5,221.3,70.5,57.4,30.64,89.9,0.85,165.7
제주,2021.01,95.3,363.9,73.1,64.6,31.14,88.5,0.951,167.0
충남,2021.01,99.2,264.0,68.4,56.7,30.21,91.2,0.963,166.1
충북,2021.01,95.6,219.4,72.0,58.8,30.38,91.7,0.949,165.7
강원,2021.02,96.8,90.5,70.3,56.1,30.6,82.2,0.978,163.7
경기,2021.02,135.9,1339.9,82.1,59.1,31.11,94.1,0.852,168.6
경남,2021.02,94.6,313.2,75.3,58.8,30.9,94.7,0.898,165.5
경북,2021.02,97.3,138.3,72.8,58.4,30.7,91.8,0.963,163.3
광주,2021.02,121.8,2942.0,74.9,57.7,31.05,95.8,0.892,164.3
대구,2021.02,128.8,2697.4,79.9,56.5,31.06,93.9,0.783,166.0
대전,2021.02,146.0,2740.8,77.7,58.9,30.67,92.4,0.813,166.1
부산,2021.02,113.7,4309.1,78.7,54.8,31.36,96.0,0.728,167.1
서울,2021.02,169.4,15635.2,84.3,57.9,31.95,93.0,0.623,165.9
울산,2021.02,103.6,1053.3,78.4,57.1,30.62,97.9,0.932,163.2
인천,2021.02,118.0,2777.6,77.9,60.4,31.01,93.8,0.775,167.5
전남,2021.02,109.0,143.8,67.6,62.5,30.49,86.4,1.013,166.9
전북,2021.02,100.4,221.1,70.8,59.7,30.66,90.2,0.847,165.0
제주,2021.02,97.0,364.1,73.3,66.5,31.19,89.2,0.948,166.6
충남,2021.02,100.0,264.2,68.9,58.7,30.25,91.3,0.959,165.4
충북,2021.02,97.6,219.4,73.1,60.9,30.39,91.8,0.943,165.0
강원,2021.03,98.2,90.5,70.3,61.1,30.62,82.3,0.977,163.2
경기,2021.03,139.5,1340.4,82.1,60.0,31.14,94.0,0.851,168.0
경남,2021.03,95.2,313.0,75.3,60.0,30.9,94.7,0.892,164.9
경북,2021.03,97.7,138.2,72.8,59.7,30.71,92.0,0.96,162.6
광주,2021.03,122.1,2941.0,74.9,58.1,31.06,96.0,0.887,163.7
대구,2021.03,130.2,2695.1,79.9,58.0,31.08,94.0,0.78,165.3
대전,2021.03,148.4,2739.8,77.7,59.4,30.7,92.5,0.815,165.4
부산,2021.03,114.0,4305.5,78.7,55.7,31.39,95.9,0.727,166.6
서울,2021.03,170.1,15627.8,84.3,59.1,31.97,92.9,0.62,165.3
울산,2021.03,104.2,1052.5,78.4,57.6,30.64,97.9,0.925,162.4
인천,2021.03,121.4,2779.9,77.9,60.8,31.04,93.8,0.773,167.0
전남,2021.03,109.7,143.8,67.6,63.6,30.52,86.4,1.009,166.3
전북,2021.03,102.1,221.0,70.8,60.9,30.68,90.4,0.844,164.2
제주,2021.03,99.7,364.2,73.3,67.7,31.25,89.8,0.946,166.2
충남,2021.03,101.5,264.3,68.9,61.6,30.28,91.4,0.954,164.8
충북,2021.03,99.2,219.4,73.1,62.6,30.41,92.0,0.936,164.4
강원,2021.04,99.4,90.5,70.3,62.2,30.64,82.4,0.976,162.6
경기,2021.04,142.5,1340.9,82.1,60.6,31.16,93.9,0.849,167.4
경남,2021.04,95.7,312.8,75.3,61.2,30.91,94.6,0.887,164.3
경북,2021.04,99.0,138.2,72.8,60.9,30.72,92.2,0.957,162.0
광주,2021.04,122.9,2940.0,74.9,58.6,31.06,96.3,0.883,163.1
대구,2021.04,130.4,2692.7,79.9,58.2,31.09,94.2,0.778,164.6
대전,2021.04,150.5,2738.8,77.7,60.2,30.72,92.7,0.818,164.6
부산,2021.04,115.7,4301.9,78.7,56.2,31.42,95.9,0.727,166.1
서울,2021.04,171.3,15620.3,84.3,59.2,31.99,92.8,0.618,164.7
울산,2021.04,105.2,1051.6,78.4,57.4,30.66,97.9,0.917,161.6
인천,2021.04,124.7,2782.3,77.9,61.3,31.06,93.8,0.77,166.4
전남,2021.04,109.9,143.7,67.6,64.4,30.55,86.3,1.005,165.7
전북,2021.04,103.1,220.9,70.8,61.0,30.71,90.7,0.842,163.5
제주,2021.04,99.9,364.4,73.3,68.7,31.31,90.5,0.943,165.7
충남,2021.04,102.1,264.5,68.9,63.6,30.31,91.5,0.95,164.1
충북,2021.04,100.5,219.4,73.1,63.4,30.43,92.2,0.93,163.8
강원,2021.05,100.0,90.6,70.4,63.5,30.67,82.5,0.975,162.0
경기,2021.05,146.4,1341.4,82.1,61.5,31.18,93.8,0.848,166.7
경남,2021.05,96.9,312.6,75.3,61.9,30.91,94.5,0.881,163.8
경북,2021.05,99.6,138.1,72.8,61.5,30.73,92.4,0.954,161.4
광주,2021.05,123.4,2939.0,74.9,58.9,31.07,96.6,0.879,162.5
대구,2021.05,130.9,2690.3,79.9,59.1,31.11,94.4,0.776,164.0
대전,2021.05,152.1,2737.8,77.7,61.1,30.74,92.8,0.821,163.8
부산,2021.05,117.6,4298.2,78.7,56.7,31.45,95.8,0.726,165.5
서울,2021.05,174.6,15612.8,84.3,59.6,32.01,92.7,0.615,164.2
울산,2021.05,105.3,1050.8,78.4,57.5,30.67,97.9,0.909,160.8
인천,2021.05,129.3,2784.7,77.9,62.2,31.09,93.8,0.768,165.8
전남,2021.05,110.1,143.6,67.6,65.7,30.58,86.2,1.001,165.0
전북,2021.05,104.4,220.7,70.8,61.8,30.73,91.0,0.839,162.8
제주,2021.05,102.2,364.6,73.3,68.2,31.36,91.2,0.94,165.3
충남,2021.05,103.3,264.7,68.9,64.7,30.34,91.6,0.945,163.4
충북,2021.05,102.5,219.4,73.1,64.4,30.44,92.3,0.923,163.1
강원,2021.06,101.6,90.6,70.4,64.0,30.69,82.6,0.974,161.4
경기,2021.06,151.3,1341.9,82.1,61.8,31.2,93.6,0.847,166.1
경남,2021.06,97.7,312.4,75.3,62.1,30.92,94.4,0.876,163.2
경북,2021.06,100.4,138.0,72.8,61.6,30.74,92.6,0.951,160.8
광주,2021.06,125.6,2938.0,74.9,58.6,31.07,96.9,0.874,161.8
대구,2021.06,131.6,2688.0,79.9,59.0,31.12,94.6,0.773,163.3
대전,2021.06,156.0,2736.8,77.7,62.0,30.76,92.9,0.823,163.0
부산,2021.06,119.7,4294.6,78.7,56.9,31.48,95.8,0.726,165.0
서울,2021.06,178.8,15605.4,84.3,59.7,32.03,92.6,0.612,163.6
울산,2021.06,106.2,1050.0,78.4,57.2,30.69,97.9,0.902,160.0
인천,2021.06,134.7,2787.0,77.9,62.0,31.12,93.8,0.765,165.2
전남,2021.06,111.0,143.6,67.6,65.8,30.62,86.2,0.997,164.4
전북,2021.06,106.4,220.6,70.8,62.8,30.75,91.2,0.836,162.1
제주,2021.06,103.0,364.7,73.4,68.1,31.42,91.9,0.938,164.9
충남,2021.06,104.7,264.8,68.9,64.7,30.38,91.7,0.94,162.7
충북,2021.06,104.4,219.4,73.1,64.4,30.46,92.5,0.916,162.5
강원,2021.07,103.8,90.6,70.4,64.1,30.71,82.6,0.974,160.9
경기,2021.07,156.7,1342.4,82.1,62.0,31.22,93.5,0.846,165.5
경남,2021.07,99.2,312.2,75.3,61.8,30.92,94.4,0.87,162.6
경북,2021.07,101.9,138.0,72.8,62.3,30.75,92.9,0.948,160.2
광주,2021.07,127.8,2936.9,75.0,58.9,31.07,97.2,0.87,161.2
대구,2021.07,132.7,2685.6,79.9,59.0,31.14,94.7,0.771,162.6
대전,2021.07,158.5,2735.7,77.7,61.6,30.78,93.1,0.826,162.2
부산,2021.07,122.2,4291.0,78.8,57.1,31.52,95.8,0.726,164.5
서울,2021.07,182.7,15598.0,84.3,59.6,32.05,92.5,0.609,163.0
울산,2021.07,107.9,1049.1,78.4,57.7,30.71,97.9,0.894,159.3
인천,2021.07,140.9,2789.4,77.9,61.5,31.15,93.7,0.762,164.6
전남,2021.07,110.9,143.6,67.6,65.1,30.65,86.1,0.993,163.8
전북,2021.07,108.5,220.5,70.8,62.4,30.77,91.4,0.833,161.4
제주,2021.07,106.5,364.8,73.4,66.9,31.48,92.6,0.935,164.5
충남,2021.07,106.2,265.0,69.0,65.0,30.41,91.8,0.936,162.0
충북,2021.07,106.0,219.4,73.1,63.9,30.48,92.7,0.91,161.9
강원,2021.08,105.5,90.7,70.4,63.8,30.74,82.7,0.973,160.3
경기,2021.08,162.5,1342.9,82.1,61.7,31.24,93.4,0.845,164.8
경남,2021.08,101.0,312.0,75.3,61.4,30.92,94.3,0.865,162.1
경북,2021.08,103.8,137.9,72.9,62.0,30.76,93.1,0.945,159.6
광주,2021.08,130.6,2935.9,75.0,58.7,31.08,97.5,0.866,160.6
대구,2021.08,132.5,2683.2,79.9,58.7,31.16,94.9,0.769,162.0
대전,2021.08,162.0,2734.7,77.7,62.1,30.8,93.2,0.829,161.4
부산,2021.08,123.7,4287.3,78.8,57.3,31.55,95.7,0.725,163.9
서울,2021.08,186.3,15590.5,84.3,59.2,32.07,92.4,0.607,162.5
울산,2021.08,108.5,1048.3,78.4,58.1,30.72,97.9,0.886,158.5
인천,2021.08,147.3,2791.8,77.9,61.9,31.18,93.7,0.76,164.0
전남,2021.08,112.1,143.5,67.6,65.6,30.68,86.0,0.989,163.1
전북,2021.08,111.1,220.3,70.7,62.3,30.79,91.7,0.831,160.7
제주,2021.08,109.2,365.0,73.4,67.0,31.53,93.3,0.932,164.1
충남,2021.08,108.9,265.2,69.0,64.9,30.44,91.9,0.932,161.3
충북,2021.08,109.0,219.4,73.0,64.5,30.49,92.8,0.904,161.2
강원,2021.09,108.2,90.7,70.4,63.5,30.76,82.8,0.972,159.7
경기,2021.09,166.7,1343.4,82.1,61.9,31.26,93.3,0.844,164.2
경남,2021.09,102.9,311.8,75.3,61.7,30.93,94.2,0.86,161.5
경북,2021.09,105.1,137.9,72.9,62.7,30.77,93.3,0.942,159.0
광주,2021.09,134.8,2934.9,75.0,58.5,31.08,97.8,0.861,160.0
대구,2021.09,132.4,2680.8,79.9,59.0,31.17,95.1,0.766,161.3
대전,2021.09,164.7,2733.7,77.7,61.8,30.82,93.4,0.831,160.6
부산,2021.09,124.7,4283.7,78.8,56.6,31.58,95.6,0.725,163.4
서울,2021.09,189.1,15583.0,84.3,59.7,32.09,92.3,0.604,161.9
울산,2021.09,109.8,1047.4,78.4,58.6,30.74,97.9,0.879,157.7
인천,2021.09,151.8,2794.2,77.9,62.1,31.2,93.7,0.757,163.4
전남,2021.09,114.0,143.5,67.6,66.3,30.71,85.9,0.985,162.5
전북,2021.09,113.6,220.2,70.7,62.4,30.82,92.0,0.828,160.0
제주,2021.09,112.9,365.2,73.4,66.5,31.59,94.0,0.93,163.6
충남,2021.09,111.3,265.4,69.0,65.2,30.47,92.0,0.927,160.6
충북,2021.09,111.3,219.4,73.0,64.2,30.51,93.0,0.897,160.6
강원,2021.1,110.6,90.7,70.5,63.7,30.78,82.9,0.971,159.2
경기,2021.1,169.0,1343.9,82.1,62.2,31.29,93.2,0.842,163.6
경남,2021.1,104.1,311.6,75.3,61.5,30.93,94.2,0.854,160.9
경북,2021.1,105.4,137.8,72.9,62.8,30.78,93.5,0.939,158.3
광주,2021.1,139.5,2933.9,75.0,58.6,31.09,98.0,0.857,159.4
대구,2021.1,132.1,2678.5,79.9,59.0,31.19,95.2,0.764,160.6
대전,2021.1,166.5,2732.7,77.7,61.7,30.85,93.5,0.834,159.9
부산,2021.1,125.3,4280.1,78.8,56.5,31.61,95.6,0.724,162.9
서울,2021.1,189.8,15575.6,84.3,59.5,32.11,92.2,0.601,161.3
울산,2021.1,110.2,1046.6,78.4,58.8,30.76,97.9,0.871,156.9
인천,2021.1,153.7,2796.5,77.9,61.9,31.23,93.7,0.755,162.9
전남,2021.1,114.4,143.4,67.6,66.7,30.74,85.9,0.981,161.9
전북,2021.1,114.8,220.1,70.7,62.5,30.84,92.2,0.825,159.2
제주,2021.1,111.3,365.3,73.4,67.7,31.65,94.6,0.927,163.2
충남,2021.1,113.5,265.5,69.0,65.4,30.5,92.1,0.922,160.0
충북,2021.1,113.4,219.4,73.0,64.9,30.53,93.2,0.89,160.0
강원,2021.11,111.2,90.8,70.5,63.8,30.81,83.0,0.97,158.6
경기,2021.11,167.9,1344.4,82.1,62.6,31.31,93.1,0.841,162.9
경남,2021.11,104.3,311.4,75.3,61.1,30.94,94.1,0.849,160.4
경북,2021.11,105.4,137.8,72.9,62.2,30.79,93.7,0.936,157.7
광주,2021.11,140.3,2932.9,75.0,58.0,31.1,98.3,0.853,158.7
대구,2021.11,130.3,2676.1,79.9,59.0,31.2,95.4,0.762,160.0
대전,2021.11,164.8,2731.7,77.7,62.3,30.87,93.7,0.837,159.1
부산,2021.11,124.5,4276.4,78.8,56.6,31.64,95.5,0.724,162.3
서울,2021.11,186.5,15568.1,84.3,59.9,32.13,92.1,0.599,160.8
울산,2021.11,109.4,1045.7,78.4,58.8,30.77,97.9,0.863,156.1
인천,2021.11,154.3,2798.9,77.9,62.4,31.26,93.6,0.752,162.3
전남,2021.11,115.9,143.3,67.6,66.1,30.78,85.8,0.977,161.2
전북,2021.11,115.6,219.9,70.7,62.3,30.86,92.5,0.823,158.5
제주,2021.11,110.6,365.5,73.4,68.9,31.7,95.3,0.924,162.8
충남,2021.11,113.6,265.7,69.0,64.3,30.54,92.2,0.918,159.3
충북,2021.11,113.8,219.4,73.0,64.6,30.54,93.3,0.884,159.3
강원,2021.12,112.1,90.8,70.5,58.7,30.83,83.1,0.969,158.0
경기,2021.12,165.3,1344.9,82.1,62.1,31.33,93.0,0.84,162.3
경남,2021.12,103.8,311.2,75.3,58.6,30.94,94.0,0.843,159.8
경북,2021.12,105.8,137.7,72.9,60.5,30.8,93.9,0.933,157.1
광주,2021.12,141.5,2931.9,75.0,56.9,31.1,98.6,0.848,158.1
대구,2021.12,126.6,2673.7,79.9,58.0,31.22,95.6,0.759,159.3
대전,2021.12,161.4,2730.7,77.7,61.2,30.89,93.8,0.839,158.3
부산,2021.12,122.6,4272.8,78.8,55.8,31.67,95.5,0.723,161.8
서울,2021.12,183.6,15560.7,84.3,60.2,32.15,92.0,0.596,160.2
울산,2021.12,110.0,1044.9,78.4,57.5,30.79,97.9,0.856,155.3
인천,2021.12,151.5,2801.3,77.9,60.4,31.29,93.6,0.75,161.7
전남,2021.12,115.6,143.3,67.6,63.2,30.81,85.7,0.973,160.6
전북,2021.12,115.6,219.8,70.7,59.4,30.88,92.7,0.82,157.8
제주,2021.12,111.0,365.6,73.4,68.1,31.76,96.0,0.922,162.4
충남,2021.12,113.8,265.9,69.0,61.6,30.57,92.3,0.913,158.6
충북,2021.12,114.3,219.4,73.0,63.5,30.56,93.5,0.877,158.7
강원,2022.01,112.3,90.8,71.9,55.0,30.85,83.7,0.968,157.5
경기,2022.01,163.4,1345.7,82.0,61.7,31.35,93.0,0.839,161.7
경남,2022.01,104.2,311.1,75.0,58.7,30.97,94.1,0.838,159.4
경북,2022.01,105.4,137.9,73.5,59.1,30.82,94.0,0.93,156.8
광주,2022.01,142.1,2930.0,75.9,57.0,31.11,98.4,0.844,157.8
대구,2022.01,126.4,2583.1,80.1,57.7,31.24,95.8,0.757,158.8
대전,2022.01,160.7,2730.1,77.8,60.5,30.91,94.0,0.842,157.9
부산,2022.01,122.7,4271.1,79.7,55.1,31.69,95.4,0.723,161.2
서울,2022.01,182.5,15556.2,84.6,59.0,32.17,92.1,0.593,159.7
울산,2022.01,109.5,1044.7,78.3,57.0,30.81,97.8,0.848,155.0
인천,2022.01,149.6,2804.2,77.5,59.8,31.31,93.6,0.747,161.2
전남,2022.01,115.8,143.3,67.4,63.3,30.81,86.1,0.969,160.2
전북,2022.01,115.5,219.7,70.1,59.3,30.89,92.8,0.817,157.3
제주,2022.01,111.9,365.6,74.3,68.1,31.76,95.5,0.919,161.8
충남,2022.01,114.0,266.1,69.8,59.2,30.6,92.5,0.909,158.2
충북,2022.01,114.0,219.6,72.3,61.8,30.58,93.7,0.871,158.3
강원,2022.02,113.5,90.8,72.6,58.7,30.87,84.4,0.962,157.0
경기,2022.02,163.3,1346.5,81.9,62.7,31.37,93.0,0.833,161.1
경남,2022.02,104.8,311.0,74.9,59.9,30.99,94.1,0.835,159.0
경북,2022.02,106.2,138.2,73.8,60.3,30.84,94.1,0.924,156.5
광주,2022.02,142.4,2928.0,76.3,57.8,31.13,98.3,0.833,157.5
대구,2022.02,124.7,2492.5,80.2,58.2,31.26,96.1,0.752,158.2
대전,2022.02,158.8,2729.6,77.9,61.0,30.94,94.3,0.837,157.4
부산,2022.02,123.0,4269.3,80.1,56.3,31.72,95.4,0.718,160.6
서울,2022.02,180.7,15551.6,84.8,59.7,32.2,92.2,0.59,159.3
울산,2022.02,109.0,1044.4,78.2,57.0,30.84,97.8,0.845,154.6
인천,2022.02,150.2,2807.0,77.3,61.6,31.34,93.6,0.743,160.7
전남,2022.02,114.5,143.4,67.3,64.6,30.81,86.5,0.969,159.7
전북,2022.02,116.0,219.7,69.8,60.0,30.9,92.9,0.814,156.8
제주,2022.02,111.2,365.6,74.8,68.5,31.75,95.0,0.911,161.1
충남,2022.02,113.4,266.4,70.2,59.4,30.63,92.8,0.903,157.8
충북,2022.02,115.0,219.8,72.0,62.7,30.6,93.8,0.872,157.8
강원,2022.03,115.3,90.8,72.6,60.4,30.89,85.0,0.955,156.5
경기,2022.03,164.1,1347.3,81.9,63.2,31.4,93.0,0.827,160.6
경남,2022.03,105.2,311.0,74.9,61.3,31.02,94.2,0.831,158.6
경북,2022.03,105.8,138.4,73.8,62.3,30.86,94.2,0.918,156.2
광주,2022.03,143.4,2926.0,76.3,58.6,31.14,98.1,0.821,157.2
대구,2022.03,123.7,2402.0,80.2,58.9,31.27,96.3,0.748,157.7
대전,2022.03,157.9,2729.0,77.9,60.9,30.96,94.6,0.833,157.0
부산,2022.03,123.1,4267.6,80.1,56.2,31.74,95.3,0.713,160.0
서울,2022.03,182.9,15547.1,84.8,59.8,32.22,92.3,0.586,158.8
울산,2022.03,109.0,1044.2,78.2,58.2,30.86,97.7,0.842,154.3
인천,2022.03,150.3,2809.9,77.3,61.7,31.36,93.6,0.738,160.2
전남,2022.03,115.7,143.4,67.3,65.2,30.82,86.9,0.97,159.3
전북,2022.03,117.1,219.6,69.8,60.8,30.91,92.9,0.811,156.3
제주,2022.03,113.7,365.7,74.8,69.4,31.75,94.5,0.904,160.5
충남,2022.03,113.6,266.6,70.2,62.9,30.66,93.0,0.898,157.4
충북,2022.03,114.5,220.0,72.0,64.5,30.62,94.0,0.874,157.4
강원,2022.04,116.0,90.8,72.6,62.6,30.91,85.7,0.949,156.0
경기,2022.04,164.5,1348.1,81.9,64.1,31.42,93.1,0.821,160.0
경남,2022.04,105.7,310.9,74.9,61.8,31.05,94.2,0.828,158.2
경북,2022.04,106.6,138.7,73.8,63.3,30.89,94.2,0.913,155.9
광주,2022.04,144.3,2924.1,76.3,58.2,31.15,98.0,0.81,156.8
대구,2022.04,123.4,2311.4,80.2,58.9,31.29,96.5,0.743,157.2
대전,2022.04,158.7,2728.5,77.9,61.1,30.99,94.8,0.828,156.5
부산,2022.04,123.5,4265.9,80.1,56.5,31.76,95.3,0.708,159.5
서울,2022.04,184.4,15542.6,84.8,60.4,32.24,92.4,0.583,158.3
울산,2022.04,109.9,1043.9,78.2,58.6,30.88,97.7,0.839,154.0
인천,2022.04,150.1,2812.8,77.3,62.0,31.38,93.6,0.734,159.7
전남,2022.04,115.4,143.4,67.3,66.4,30.82,87.3,0.97,158.9
전북,2022.04,119.0,219.6,69.8,62.7,30.92,93.0,0.808,155.8
제주,2022.04,117.0,365.7,74.8,68.5,31.75,94.0,0.896,159.9
충남,2022.04,114.5,266.8,70.2,64.1,30.69,93.3,0.892,157.1
충북,2022.04,115.3,220.1,72.0,65.2,30.64,94.1,0.875,157.0
강원,2022.05,116.5,90.8,72.7,63.8,30.93,86.4,0.943,155.5
경기,2022.05,162.7,1348.9,81.9,65.2,31.44,93.1,0.815,159.4
경남,2022.05,105.5,310.8,74.9,62.0,31.07,94.3,0.825,157.8
경북,2022.05,106.6,138.9,73.8,64.7,30.91,94.3,0.907,155.6
광주,2022.05,143.6,2922.1,76.3,58.8,31.17,97.8,0.798,156.5
대구,2022.05,121.8,2220.8,80.2,59.7,31.31,96.8,0.739,156.7
대전,2022.05,155.8,2727.9,77.9,61.6,31.02,95.1,0.824,156.1
부산,2022.05,122.6,4264.1,80.1,57.5,31.79,95.2,0.703,158.9
서울,2022.05,181.8,15538.1,84.8,60.8,32.26,92.5,0.579,157.9
울산,2022.05,109.6,1043.7,78.2,59.9,30.91,97.6,0.837,153.7
인천,2022.05,148.2,2815.6,77.3,63.0,31.41,93.6,0.729,159.2
전남,2022.05,114.6,143.5,67.3,67.9,30.82,87.7,0.97,158.5
전북,2022.05,119.2,219.5,69.8,63.6,30.93,93.1,0.805,155.3
제주,2022.05,115.8,365.7,74.8,68.9,31.74,93.5,0.888,159.3
충남,2022.05,113.8,267.1,70.2,65.5,30.72,93.5,0.887,156.7
충북,2022.05,114.1,220.3,72.0,66.1,30.66,94.3,0.876,156.5
강원,2022.06,116.5,90.8,72.7,63.9,30.96,87.0,0.937,155.0
경기,2022.06,160.6,1349.7,81.9,65.2,31.46,93.1,0.809,158.8
경남,2022.06,105.3,310.8,74.9,61.9,31.1,94.4,0.822,157.4
경북,2022.06,107.3,139.1,73.8,64.4,30.93,94.4,0.901,155.2
광주,2022.06,144.4,2920.2,76.3,58.7,31.18,97.6,0.786,156.2
대구,2022.06,120.4,2130.2,80.2,59.4,31.32,97.0,0.734,156.2
대전,2022.06,155.9,2727.4,77.9,61.1,31.04,95.3,0.819,155.6
부산,2022.06,121.7,4262.4,80.1,57.4,31.81,95.2,0.698,158.3
서울,2022.06,181.9,15533.6,84.8,60.8,32.28,92.6,0.576,157.4
울산,2022.06,108.1,1043.4,78.2,59.9,30.93,97.6,0.834,153.4
인천,2022.06,145.3,2818.5,77.3,63.4,31.43,93.6,0.725,158.7
전남,2022.06,115.0,143.5,67.3,66.9,30.82,88.2,0.97,158.0
전북,2022.06,118.9,219.4,69.8,63.6,30.94,93.2,0.802,154.8
제주,2022.06,115.3,365.7,74.9,70.0,31.74,93.0,0.881,158.6
충남,2022.06,113.9,267.3,70.2,65.6,30.76,93.8,0.881,156.3
충북,2022.06,115.1,220.5,72.0,66.5,30.68,94.4,0.877,156.1
강원,2022.07,116.7,90.8,72.7,64.2,30.98,87.6,0.93,154.6
경기,2022.07,155.1,1350.5,81.9,65.0,31.48,93.1,0.802,158.2
경남,2022.07,104.3,310.7,74.9,61.5,31.13,94.4,0.818,157.0
경북,2022.07,106.5,139.4,73.8,63.9,30.95,94.5,0.895,154.9
광주,2022.07,140.6,2918.3,76.4,59.0,31.19,97.5,0.775,155.9
대구,2022.07,118.2,2039.6,80.2,59.8,31.34,97.2,0.73,155.6
대전,2022.07,152.7,2726.8,77.9,61.6,31.06,95.5,0.814,155.2
부산,2022.07,119.5,4260.7,80.2,57.5,31.83,95.1,0.694,157.7
서울,2022.07,174.5,15529.0,84.8,60.9,32.31,92.7,0.572,156.9
울산,2022.07,106.3,1043.2,78.2,59.9,30.95,97.5,0.831,153.0
인천,2022.07,140.5,2821.4,77.3,63.6,31.45,93.6,0.72,158.2
전남,2022.07,115.0,143.5,67.3,66.3,30.82,88.6,0.97,157.6
전북,2022.07,118.7,219.4,69.8,64.5,30.95,93.2,0.798,154.3
제주,2022.07,111.5,365.7,74.9,69.8,31.74,92.4,0.873,158.0
충남,2022.07,112.9,267.5,70.3,66.2,30.79,94.0,0.876,155.9
충북,2022.07,114.1,220.7,72.0,65.8,30.71,94.6,0.879,155.7
강원,2022.08,116.5,90.8,72.7,64.0,31.0,88.3,0.924,154.1
경기,2022.08,151.0,1351.3,81.9,64.5,31.5,93.1,0.796,157.6
경남,2022.08,103.7,310.6,74.9,61.1,31.15,94.5,0.815,156.6
경북,2022.08,105.6,139.6,73.9,64.0,30.97,94.6,0.889,154.6
광주,2022.08,138.5,2916.3,76.4,59.0,31.21,97.3,0.764,155.6
대구,2022.08,115.1,1949.0,80.2,59.7,31.36,97.5,0.725,155.1
대전,2022.08,148.3,2726.2,77.9,62.2,31.09,95.8,0.81,154.8
부산,2022.08,117.3,4258.9,80.2,58.0,31.86,95.0,0.689,157.1
서울,2022.08,169.1,15524.5,84.8,60.7,32.33,92.8,0.569,156.5
울산,2022.08,105.4,1043.0,78.2,60.0,30.98,97.4,0.828,152.7
인천,2022.08,136.6,2824.2,77.3,63.3,31.48,93.6,0.716,157.7
전남,2022.08,113.4,143.6,67.3,67.0,30.82,89.0,0.971,157.2
전북,2022.08,118.7,219.3,69.7,63.2,30.96,93.3,0.795,153.8
제주,2022.08,111.7,365.7,74.9,70.3,31.73,91.9,0.865,157.4
충남,2022.08,112.0,267.8,70.3,66.4,30.82,94.2,0.87,155.5
충북,2022.08,113.1,220.9,71.9,65.9,30.73,94.8,0.88,155.2
강원,2022.09,116.1,90.8,72.7,64.1,31.02,89.0,0.918,153.6
경기,2022.09,145.8,1352.1,81.9,64.3,31.52,93.2,0.79,157.0
경남,2022.09,103.0,310.5,74.9,61.1,31.18,94.5,0.812,156.2
경북,2022.09,105.3,139.9,73.9,63.4,30.99,94.6,0.883,154.3
광주,2022.09,137.2,2914.4,76.4,59.0,31.22,97.2,0.752,155.2
대구,2022.09,112.9,1858.4,80.2,59.7,31.38,97.7,0.72,154.6
대전,2022.09,146.6,2725.7,77.9,61.9,31.12,96.0,0.805,154.3
부산,2022.09,115.2,4257.2,80.2,57.8,31.88,95.0,0.684,156.6
서울,2022.09,165.1,15520.0,84.8,60.7,32.35,92.9,0.566,156.0
울산,2022.09,104.0,1042.7,78.2,59.9,31.0,97.4,0.825,152.4
인천,2022.09,132.7,2827.1,77.3,63.6,31.5,93.6,0.712,157.2
전남,2022.09,113.0,143.6,67.3,67.6,30.82,89.4,0.971,156.8
전북,2022.09,116.2,219.3,69.7,63.3,30.97,93.4,0.792,153.3
제주,2022.09,114.7,365.8,74.9,70.5,31.73,91.4,0.858,156.8
충남,2022.09,111.1,268.0,70.3,66.5,30.85,94.5,0.864,155.2
충북,2022.09,112.4,221.0,71.9,65.4,30.75,94.9,0.881,154.8
강원,2022.1,114.4,90.8,72.8,63.9,31.04,89.6,0.912,153.1
경기,2022.1,139.4,1352.9,81.9,64.2,31.55,93.2,0.784,156.5
경남,2022.1,101.9,310.5,74.9,61.4,31.21,94.6,0.809,155.8
경북,2022.1,103.2,140.1,73.9,64.2,31.02,94.7,0.878,154.0
광주,2022.1,134.0,2912.4,76.4,59.6,31.23,97.0,0.74,154.9
대구,2022.1,110.2,1767.9,80.2,59.5,31.39,97.9,0.716,154.1
대전,2022.1,141.3,2725.1,77.9,62.6,31.14,96.3,0.801,153.9
부산,2022.1,113.5,4255.5,80.2,57.7,31.9,94.9,0.679,156.0
서울,2022.1,157.3,15515.5,84.8,60.5,32.37,93.0,0.562,155.5
울산,2022.1,102.2,1042.5,78.2,60.0,31.02,97.3,0.822,152.1
인천,2022.1,124.8,2830.0,77.3,63.6,31.52,93.6,0.707,156.7
전남,2022.1,111.4,143.6,67.3,67.3,30.83,89.8,0.971,156.4
전북,2022.1,115.6,219.2,69.7,63.3,30.98,93.4,0.789,152.8
제주,2022.1,111.2,365.8,74.9,72.2,31.73,90.9,0.85,156.2
충남,2022.1,109.2,268.2,70.3,67.1,30.88,94.7,0.859,154.8
충북,2022.1,109.4,221.2,71.9,65.9,30.77,95.1,0.882,154.4
강원,2022.11,111.7,90.8,72.8,63.3,31.06,90.3,0.906,152.6
경기,2022.11,132.9,1353.7,81.9,63.9,31.57,93.2,0.778,155.9
경남,2022.11,99.2,310.4,74.9,61.8,31.23,94.6,0.806,155.4
경북,2022.11,100.9,140.4,73.9,63.8,31.04,94.8,0.872,153.7
광주,2022.11,130.9,2910.4,76.4,59.7,31.25,96.9,0.729,154.6
대구,2022.11,106.3,1677.3,80.2,59.3,31.41,98.2,0.711,153.5
대전,2022.11,137.5,2724.6,77.9,62.4,31.17,96.6,0.796,153.4
부산,2022.11,108.4,4253.7,80.2,57.8,31.93,94.9,0.674,155.4
서울,2022.11,148.7,15510.9,84.8,60.8,32.4,93.1,0.559,155.1
울산,2022.11,98.3,1042.2,78.2,60.3,31.05,97.3,0.82,151.7
인천,2022.11,120.1,2832.8,77.3,63.9,31.55,93.6,0.703,156.2
전남,2022.11,109.5,143.7,67.3,67.9,30.83,90.2,0.971,155.9
전북,2022.11,111.6,219.2,69.7,63.1,30.99,93.5,0.786,152.3
제주,2022.11,109.6,365.8,74.9,72.1,31.72,90.4,0.842,155.5
충남,2022.11,106.7,268.5,70.3,66.2,30.91,95.0,0.853,154.4
충북,2022.11,108.4,221.4,71.9,65.7,30.79,95.2,0.883,153.9
강원,2022.12,109.9,90.8,72.8,58.2,31.08,90.9,0.899,152.1
경기,2022.12,128.5,1354.5,81.9,63.0,31.59,93.2,0.772,155.3
경남,2022.12,97.5,310.3,74.9,60.2,31.26,94.7,0.802,155.0
경북,2022.12,99.8,140.6,73.9,60.9,31.06,94.9,0.866,153.4
광주,2022.12,125.9,2908.5,76.4,58.2,31.26,96.7,0.717,154.3
대구,2022.12,103.2,1586.7,80.2,58.5,31.43,98.4,0.707,153.0
대전,2022.12,135.4,2724.0,77.9,62.3,31.19,96.8,0.792,153.0
부산,2022.12,105.8,4252.0,80.2,57.6,31.95,94.8,0.669,154.8
서울,2022.12,143.1,15506.4,84.8,60.8,32.42,93.2,0.555,154.6
울산,2022.12,96.5,1042.0,78.2,59.1,31.07,97.2,0.817,151.4
인천,2022.12,117.2,2835.7,77.3,62.5,31.57,93.6,0.698,155.7
전남,2022.12,107.1,143.7,67.3,65.0,30.83,90.6,0.972,155.5
전북,2022.12,110.2,219.1,69.7,59.0,31.0,93.6,0.783,151.8
제주,2022.12,107.4,365.8,74.9,70.7,31.72,89.9,0.835,154.9
충남,2022.12,104.6,268.7,70.3,61.9,30.94,95.2,0.848,154.0
충북,2022.12,105.5,221.6,71.9,63.3,30.81,95.4,0.885,153.5
강원,2023.01,109.4,90.8,74.2,55.9,31.1,91.5,0.893,151.6
경기,2023.01,126.8,1355.3,81.8,62.0,31.61,93.2,0.766,154.7
경남,2023.01,96.1,310.2,74.6,59.0,31.29,94.8,0.799,154.6
경북,2023.01,98.6,140.8,74.5,59.7,31.08,95.0,0.86,153.1
광주,2023.01,127.6,2906.6,77.3,58.8,31.27,96.5,0.706,154.0
대구,2023.01,101.4,1496.1,80.4,57.6,31.45,98.6,0.702,152.5
대전,2023.01,133.0,2723.4,78.0,61.2,31.21,97.0,0.787,152.6
부산,2023.01,104.6,4250.3,81.1,57.1,31.97,94.7,0.664,154.2
서울,2023.01,144.8,15501.9,85.1,59.8,32.44,93.3,0.552,154.1
울산,2023.01,96.4,1041.8,78.1,58.5,31.09,97.1,0.814,151.1
인천,2023.01,115.3,2838.6,76.9,61.4,31.59,93.6,0.694,155.2
전남,2023.01,106.6,143.7,67.1,64.2,30.83,91.0,0.972,155.1
전북,2023.01,107.4,219.0,69.1,59.7,31.01,93.7,0.78,151.3
제주,2023.01,107.5,365.8,75.8,67.7,31.72,89.4,0.827,154.3
충남,2023.01,103.2,268.9,71.1,60.0,30.97,95.4,0.842,153.6
충북,2023.01,105.8,221.8,71.2,61.1,30.83,95.6,0.886,153.1
강원,2023.02,109.6,90.8,75.8,59.3,31.12,92.2,0.887,151.1
경기,2023.02,128.8,1356.1,81.6,62.4,31.63,93.2,0.76,154.1
경남,2023.02,96.6,310.1,74.3,60.0,31.31,94.8,0.796,154.2
경북,2023.02,99.0,141.1,75.2,61.6,31.1,95.1,0.854,152.8
광주,2023.02,125.9,2904.6,78.2,59.3,31.29,96.4,0.695,153.7
대구,2023.02,101.2,1405.5,80.6,58.9,31.47,98.9,0.697,151.9
대전,2023.02,133.4,2722.9,78.2,61.9,31.24,97.3,0.782,152.1
부산,2023.02,105.5,4248.5,82.0,56.7,32.0,94.7,0.659,153.6
서울,2023.02,147.7,15497.3,85.5,60.2,32.47,93.4,0.549,153.7
울산,2023.02,96.6,1041.5,77.9,58.8,31.12,97.1,0.811,150.7
인천,2023.02,116.0,2841.4,76.5,62.1,31.62,93.6,0.69,154.7
전남,2023.02,106.8,143.8,66.9,65.8,30.83,91.4,0.972,154.6
전북,2023.02,108.2,219.0,68.4,61.9,31.02,93.8,0.777,150.8
제주,2023.02,109.8,365.8,76.9,67.6,31.71,88.9,0.819,153.6
충남,2023.02,103.6,269.2,72.0,60.6,31.0,95.7,0.836,153.2
충북,2023.02,105.5,222.0,70.5,63.2,30.85,95.7,0.887,152.6
강원,2023.03,110.7,90.8,77.4,62.8,31.14,92.9,0.88,150.6
경기,2023.03,130.9,1356.9,81.5,63.4,31.66,93.2,0.754,153.6
경남,2023.03,96.9,310.1,74.1,61.8,31.34,94.9,0.792,153.8
경북,2023.03,99.3,141.3,75.9,63.1,31.12,95.2,0.848,152.5
광주,2023.03,126.5,2902.6,79.2,59.8,31.3,96.2,0.683,153.4
대구,2023.03,101.8,1315.0,80.8,59.8,31.48,99.1,0.693,151.4
대전,2023.03,135.3,2722.3,78.3,61.6,31.26,97.6,0.778,151.7
부산,2023.03,106.0,4246.8,83.0,57.9,32.02,94.6,0.654,153.0
서울,2023.03,149.8,15492.8,85.8,60.8,32.49,93.5,0.545,153.2
울산,2023.03,97.2,1041.3,77.8,59.6,31.14,97.0,0.808,150.4
인천,2023.03,118.0,2844.3,76.0,62.2,31.64,93.6,0.685,154.2
전남,2023.03,106.3,143.8,66.7,67.4,30.83,91.8,0.973,154.2
전북,2023.03,107.9,218.9,67.7,62.3,31.03,93.8,0.774,150.3
제주,2023.03,107.0,365.8,77.9,68.0,31.71,88.4,0.812,153.0
충남,2023.03,104.0,269.4,72.9,63.7,31.03,95.9,0.831,152.8
충북,2023.03,106.6,222.2,69.7,66.0,30.87,95.9,0.889,152.2
강원,2023.04,110.4,90.8,79.0,64.9,31.16,93.5,0.874,150.1
경기,2023.04,132.2,1357.7,81.3,63.7,31.68,93.3,0.748,153.0
경남,2023.04,96.9,310.0,73.8,62.7,31.37,94.9,0.789,153.4
경북,2023.04,99.3,141.6,76.6,64.4,31.15,95.2,0.842,152.2
광주,2023.04,126.6,2900.7,80.2,60.2,31.31,96.1,0.672,153.0
대구,2023.04,101.9,1224.4,81.0,59.6,31.5,99.3,0.688,150.9
대전,2023.04,136.0,2721.8,78.5,61.5,31.29,97.8,0.773,151.2
부산,2023.04,106.6,4245.1,84.0,57.8,32.04,94.6,0.649,152.5
서울,2023.04,152.1,15488.3,86.2,60.8,32.51,93.6,0.542,152.7
울산,2023.04,97.1,1041.0,77.6,59.7,31.16,97.0,0.805,150.1
인천,2023.04,118.7,2847.2,75.6,63.0,31.66,93.6,0.681,153.7
전남,2023.04,107.7,143.8,66.5,67.9,30.84,92.2,0.973,153.8
전북,2023.04,108.1,218.9,67.0,63.1,31.04,93.9,0.771,149.8
제주,2023.04,107.5,365.9,79.0,68.7,31.71,87.9,0.804,152.4
충남,2023.04,104.7,269.6,73.8,65.3,31.06,96.2,0.825,152.5
충북,2023.04,106.8,222.3,68.9,66.2,30.89,96.0,0.89,151.8
강원,2023.05,111.0,90.8,80.6,66.2,31.18,94.2,0.868,149.6
경기,2023.05,133.5,1358.5,81.2,64.9,31.7,93.3,0.742,152.4
경남,2023.05,97.1,309.9,73.5,63.2,31.39,95.0,0.786,153.0
경북,2023.05,100.0,141.8,77.3,65.0,31.17,95.3,0.837,151.9
광주,2023.05,127.2,2898.7,81.2,59.9,31.33,95.9,0.66,152.7
대구,2023.05,101.9,1133.8,81.2,61.9,31.52,99.6,0.684,150.4
대전,2023.05,137.3,2721.2,78.6,62.0,31.32,98.1,0.769,150.8
부산,2023.05,106.8,4243.3,85.0,58.0,32.07,94.5,0.644,151.9
서울,2023.05,154.0,15483.8,86.5,61.6,32.53,93.7,0.538,152.3
울산,2023.05,97.9,1040.8,77.5,60.1,31.19,96.9,0.803,149.8
인천,2023.05,119.6,2850.0,75.2,63.8,31.69,93.6,0.676,153.2
전남,2023.05,106.6,143.9,66.3,68.7,30.84,92.6,0.973,153.4
전북,2023.05,108.2,218.8,66.3,64.2,31.05,94.0,0.768,149.3
제주,2023.05,109.5,365.9,80.0,69.4,31.7,87.4,0.796,151.8
충남,2023.05,104.3,269.9,74.7,66.6,31.09,96.4,0.82,152.1
충북,2023.05,106.8,222.5,68.2,66.6,30.91,96.2,0.891,151.3
강원,2023.06,111.5,90.8,82.2,65.9,31.2,94.8,0.862,149.1
경기,2023.06,134.8,1359.3,81.1,64.7,31.72,93.3,0.736,151.8
경남,2023.06,97.2,309.8,73.2,63.5,31.42,95.1,0.783,152.6
경북,2023.06,100.0,142.0,78.0,64.6,31.19,95.4,0.831,151.6
광주,2023.06,127.8,2896.8,82.1,60.5,31.34,95.8,0.648,152.4
대구,2023.06,102.2,1043.2,81.5,61.5,31.54,99.8,0.679,149.8
대전,2023.06,138.7,2720.6,78.7,62.2,31.34,98.3,0.764,150.4
부산,2023.06,107.0,4241.6,85.9,57.8,32.09,94.4,0.639,151.3
서울,2023.06,156.7,15479.2,86.9,61.6,32.56,93.8,0.535,151.8
울산,2023.06,98.3,1040.6,77.4,60.4,31.21,96.8,0.8,149.4
인천,2023.06,119.5,2852.9,74.8,63.8,31.71,93.6,0.672,152.7
전남,2023.06,106.6,143.9,66.0,68.3,30.84,93.0,0.973,153.0
전북,2023.06,108.7,218.8,65.6,63.9,31.06,94.0,0.765,148.8
제주,2023.06,107.8,365.9,81.1,69.5,31.7,86.9,0.789,151.2
충남,2023.06,104.2,270.1,75.6,67.5,31.12,96.6,0.814,151.7
충북,2023.06,107.2,222.7,67.4,66.5,30.94,96.4,0.892,150.9
강원,2023.07,111.0,90.8,83.8,65.3,31.23,95.4,0.856,148.7
경기,2023.07,136.1,1360.1,80.9,64.7,31.74,93.3,0.73,151.2
경남,2023.07,97.6,309.8,73.0,62.7,31.45,95.1,0.78,152.2
경북,2023.07,100.2,142.3,78.7,64.0,31.21,95.5,0.825,151.2
광주,2023.07,127.7,2894.9,83.1,60.5,31.35,95.6,0.637,152.1
대구,2023.07,103.0,952.6,81.7,61.0,31.55,100.0,0.674,149.3
대전,2023.07,140.3,2720.1,78.9,60.9,31.36,98.5,0.76,149.9
부산,2023.07,107.1,4239.9,86.9,58.2,32.11,94.4,0.635,150.7
서울,2023.07,158.3,15474.7,87.2,61.1,32.58,93.9,0.532,151.3
울산,2023.07,98.5,1040.3,77.2,60.1,31.23,96.8,0.797,149.1
인천,2023.07,121.1,2855.8,74.4,64.0,31.73,93.6,0.668,152.2
전남,2023.07,106.8,143.9,65.8,67.6,30.84,93.5,0.974,152.5
전북,2023.07,108.8,218.7,64.9,64.4,31.07,94.1,0.762,148.3
제주,2023.07,111.2,365.9,82.1,69.5,31.7,86.3,0.781,150.5
충남,2023.07,104.7,270.3,76.5,66.2,31.16,96.9,0.808,151.3
충북,2023.07,107.6,222.9,66.7,66.1,30.96,96.5,0.894,150.5
강원,2023.08,111.9,90.8,85.4,65.6,31.25,96.1,0.849,148.2
경기,2023.08,137.5,1360.9,80.8,64.6,31.76,93.3,0.723,150.6
경남,2023.08,97.6,309.7,72.7,62.2,31.47,95.2,0.776,151.8
경북,2023.08,100.9,142.5,79.4,63.6,31.23,95.6,0.819,150.9
광주,2023.08,128.7,2892.9,84.1,60.2,31.37,95.4,0.626,151.8
대구,2023.08,103.2,862.0,81.9,60.0,31.57,100.3,0.67,148.8
대전,2023.08,141.9,2719.5,79.0,61.7,31.39,98.8,0.755,149.5
부산,2023.08,107.7,4238.1,87.9,58.0,32.14,94.3,0.63,150.1
서울,2023.08,160.3,15470.2,87.6,61.4,32.6,94.0,0.528,150.9
울산,2023.08,99.5,1040.1,77.1,59.6,31.26,96.7,0.794,148.8
인천,2023.08,121.9,2858.6,74.0,64.2,31.76,93.6,0.663,151.7
전남,2023.08,107.7,144.0,65.6,67.1,30.84,93.9,0.974,152.1
전북,2023.08,109.0,218.6,64.2,64.6,31.08,94.2,0.758,147.8
제주,2023.08,108.7,365.9,83.1,70.1,31.69,85.8,0.773,149.9
충남,2023.08,105.0,270.6,77.4,66.3,31.19,97.1,0.803,150.9
충북,2023.08,108.3,223.1,65.9,66.3,30.98,96.7,0.895,150.0
강원,2023.09,112.7,90.8,87.0,65.4,31.27,96.8,0.843,147.7
경기,2023.09,138.8,1361.7,80.6,64.5,31.78,93.4,0.717,150.0
경남,2023.09,97.7,309.6,72.4,62.3,31.5,95.2,0.773,151.4
경북,2023.09,101.5,142.8,80.1,64.4,31.25,95.6,0.813,150.6
광주,2023.09,128.2,2891.0,85.1,60.6,31.38,95.3,0.614,151.5
대구,2023.09,103.8,771.5,82.1,60.0,31.59,100.5,0.665,148.3
대전,2023.09,143.1,2719.0,79.2,62.3,31.42,99.0,0.75,149.0
부산,2023.09,107.6,4236.4,88.9,58.5,32.16,94.3,0.625,149.6
서울,2023.09,161.8,15465.7,87.9,61.1,32.62,94.1,0.525,150.4
울산,2023.09,100.8,1039.8,76.9,60.0,31.28,96.7,0.791,148.5
인천,2023.09,122.4,2861.5,73.5,64.0,31.78,93.6,0.659,151.2
전남,2023.09,107.5,144.0,65.4,67.0,30.84,94.3,0.974,151.7
전북,2023.09,108.4,218.6,63.5,64.6,31.09,94.3,0.755,147.3
제주,2023.09,111.3,366.0,84.2,70.0,31.69,85.3,0.766,149.3
충남,2023.09,105.4,270.8,78.3,66.4,31.22,97.4,0.797,150.6
충북,2023.09,109.6,223.2,65.1,66.4,31.0,96.8,0.896,149.6
강원,2023.1,113.0,90.8,88.6,65.3,31.29,97.4,0.837,147.2
경기,2023.1,138.4,1362.5,80.5,64.6,31.81,93.4,0.711,149.5
경남,2023.1,97.6,309.6,72.1,62.9,31.53,95.3,0.77,151.0
경북,2023.1,101.1,143.0,80.7,64.9,31.28,95.7,0.807,150.3
광주,2023.1,128.2,2889.0,86.0,60.6,31.39,95.1,0.602,151.1
대구,2023.1,103.5,680.9,82.3,60.2,31.6,100.7,0.661,147.8
대전,2023.1,142.9,2718.4,79.3,62.0,31.44,99.3,0.746,148.6
부산,2023.1,107.2,4234.7,89.8,58.1,32.18,94.2,0.62,149.0
서울,2023.1,161.6,15461.2,88.3,61.6,32.64,94.2,0.521,149.9
울산,2023.1,100.4,1039.6,76.8,60.1,31.3,96.6,0.788,148.2
인천,2023.1,122.4,2864.4,73.1,63.4,31.8,93.6,0.654,150.7
전남,2023.1,107.0,144.0,65.2,66.9,30.85,94.7,0.974,151.3
전북,2023.1,109.1,218.5,62.9,64.3,31.1,94.3,0.752,146.8
제주,2023.1,108.4,366.0,85.2,70.3,31.69,84.8,0.758,148.7
충남,2023.1,105.4,271.0,79.2,66.3,31.25,97.6,0.792,150.2
충북,2023.1,109.3,223.4,64.4,66.4,31.02,97.0,0.897,149.2
강원,2023.11,111.9,90.8,90.2,64.5,31.31,98.1,0.831,146.7
경기,2023.11,137.0,1363.3,80.4,64.6,31.83,93.4,0.705,148.9
경남,2023.11,97.4,309.5,71.8,62.5,31.55,95.3,0.767,150.6
경북,2023.11,100.8,143.3,81.4,64.5,31.3,95.8,0.802,150.0
광주,2023.11,127.7,2887.0,87.0,60.9,31.41,95.0,0.591,150.8
대구,2023.11,102.8,590.3,82.5,59.0,31.62,101.0,0.656,147.2
대전,2023.11,143.5,2717.9,79.4,62.0,31.47,99.6,0.741,148.1
부산,2023.11,106.5,4232.9,90.8,57.5,32.21,94.2,0.615,148.4
서울,2023.11,159.2,15456.6,88.6,61.7,32.67,94.3,0.518,149.5
울산,2023.11,99.6,1039.3,76.7,60.7,31.33,96.6,0.786,147.8
인천,2023.11,121.5,2867.2,72.7,62.9,31.83,93.6,0.65,150.2
전남,2023.11,107.0,144.1,65.0,66.8,30.85,95.1,0.974,150.8
전북,2023.11,108.6,218.5,62.2,64.6,31.11,94.4,0.749,146.3
제주,2023.11,112.9,366.0,86.3,70.8,31.68,84.3,0.75,148.0
충남,2023.11,105.1,271.3,80.1,66.4,31.28,97.9,0.786,149.8
충북,2023.11,109.6,223.6,63.6,65.8,31.04,97.1,0.898,148.7
강원,2023.12,111.6,90.8,91.8,59.0,31.33,98.7,0.824,146.2
경기,2023.12,135.8,1364.1,80.2,63.6,31.85,93.4,0.699,148.3
경남,2023.12,96.7,309.4,71.6,61.2,31.58,95.4,0.763,150.2
경북,2023.12,100.2,143.5,82.1,61.8,31.32,95.9,0.796,149.7
광주,2023.12,126.4,2885.1,88.0,59.6,31.42,94.8,0.579,150.5
대구,2023.12,102.1,499.7,82.7,57.9,31.64,101.2,0.652,146.7
대전,2023.12,141.4,2717.3,79.6,60.3,31.49,99.8,0.737,147.7
부산,2023.12,105.2,4231.2,91.8,57.0,32.23,94.1,0.61,147.8
서울,2023.12,157.4,15452.1,89.0,61.2,32.69,94.4,0.514,149.0
울산,2023.12,99.1,1039.1,76.5,59.6,31.35,96.5,0.783,147.5
인천,2023.12,120.6,2870.1,72.3,62.3,31.85,93.6,0.645,149.7
전남,2023.12,107.1,144.1,64.8,64.8,30.85,95.5,0.975,150.4
전북,2023.12,107.9,218.4,61.5,61.5,31.12,94.5,0.746,145.8
제주,2023.12,108.0,366.0,87.3,69.0,31.68,83.8,0.743,147.4
충남,2023.12,104.7,271.5,81.0,62.2,31.31,98.1,0.781,149.4
충북,2023.12,109.1,223.8,62.8,64.6,31.06,97.3,0.9,148.3
